priority,case,kind,time,path,note
1,v14_scalar_temperature_flibe_re10000_heatflux100kw_thermal_refined_dt00025,single_time,8000,cases/baseline_module/openfoam_cases/v14_scalar_temperature_flibe_re10000_heatflux100kw_thermal_refined_dt00025/VTK/v14_scalar_temperature_flibe_re10000_heatflux100kw_thermal_refined_dt00025_8000.vtm,Best first thermal view: refined FLiBe-like T field and heated wall.
1,v14_scalar_temperature_flibe_re10000_heatflux100kw_thermal_refined_dt00025,time_series,series,cases/baseline_module/openfoam_cases/v14_scalar_temperature_flibe_re10000_heatflux100kw_thermal_refined_dt00025/VTK/v14_scalar_temperature_flibe_re10000_heatflux100kw_thermal_refined_dt00025.vtm.series,Best first thermal view: refined FLiBe-like T field and heated wall.
2,v13_isothermal_rans_flibe_re10000_thermal_refined,single_time,1000,cases/baseline_module/openfoam_cases/v13_isothermal_rans_flibe_re10000_thermal_refined/VTK/v13_isothermal_rans_flibe_re10000_thermal_refined_1000.vtm,"Best refined flow view: U, p, and recirculation structure."
2,v13_isothermal_rans_flibe_re10000_thermal_refined,single_time,500,cases/baseline_module/openfoam_cases/v13_isothermal_rans_flibe_re10000_thermal_refined/VTK/v13_isothermal_rans_flibe_re10000_thermal_refined_500.vtm,"Best refined flow view: U, p, and recirculation structure."
2,v13_isothermal_rans_flibe_re10000_thermal_refined,time_series,series,cases/baseline_module/openfoam_cases/v13_isothermal_rans_flibe_re10000_thermal_refined/VTK/v13_isothermal_rans_flibe_re10000_thermal_refined.vtm.series,"Best refined flow view: U, p, and recirculation structure."
3,v16_scalar_temperature_flibe_re10000_heatflux500kw_thermal_refined_dt00025,single_time,8000,cases/baseline_module/openfoam_cases/v16_scalar_temperature_flibe_re10000_heatflux500kw_thermal_refined_dt00025/VTK/v16_scalar_temperature_flibe_re10000_heatflux500kw_thermal_refined_dt00025_8000.vtm,High heat-flux thermal view: 500 kW/m^2 bracket on the refined mesh.
3,v16_scalar_temperature_flibe_re10000_heatflux500kw_thermal_refined_dt00025,time_series,series,cases/baseline_module/openfoam_cases/v16_scalar_temperature_flibe_re10000_heatflux500kw_thermal_refined_dt00025/VTK/v16_scalar_temperature_flibe_re10000_heatflux500kw_thermal_refined_dt00025.vtm.series,High heat-flux thermal view: 500 kW/m^2 bracket on the refined mesh.
4,v17_unsteady_rans_flibe_re10000_thermal_refined_pimple,single_time,82,cases/baseline_module/openfoam_cases/v17_unsteady_rans_flibe_re10000_thermal_refined_pimple/VTK/v17_unsteady_rans_flibe_re10000_thermal_refined_pimple_82.vtm,"First transient RANS smoke-test export: U, p, and turbulence fields at the final short-run time."
4,v17_unsteady_rans_flibe_re10000_thermal_refined_pimple,time_series,series,cases/baseline_module/openfoam_cases/v17_unsteady_rans_flibe_re10000_thermal_refined_pimple/VTK/v17_unsteady_rans_flibe_re10000_thermal_refined_pimple.vtm.series,"First transient RANS smoke-test export: U, p, and turbulence fields at the final short-run time."
5,v18_unsteady_rans_flibe_re10000_thermal_refined_pimple_0p1s,single_time,322,cases/baseline_module/openfoam_cases/v18_unsteady_rans_flibe_re10000_thermal_refined_pimple_0p1s/VTK/v18_unsteady_rans_flibe_re10000_thermal_refined_pimple_0p1s_322.vtm,Transient RANS continuation to about 0.1 s for early unsteady stability and visualization.
5,v18_unsteady_rans_flibe_re10000_thermal_refined_pimple_0p1s,time_series,series,cases/baseline_module/openfoam_cases/v18_unsteady_rans_flibe_re10000_thermal_refined_pimple_0p1s/VTK/v18_unsteady_rans_flibe_re10000_thermal_refined_pimple_0p1s.vtm.series,Transient RANS continuation to about 0.1 s for early unsteady stability and visualization.
6,v12_scalar_temperature_flibe_re10000_heatflux100kw_refined_dt0005,single_time,4000,cases/baseline_module/openfoam_cases/v12_scalar_temperature_flibe_re10000_heatflux100kw_refined_dt0005/VTK/v12_scalar_temperature_flibe_re10000_heatflux100kw_refined_dt0005_4000.vtm,First refined thermal comparison point.
6,v12_scalar_temperature_flibe_re10000_heatflux100kw_refined_dt0005,time_series,series,cases/baseline_module/openfoam_cases/v12_scalar_temperature_flibe_re10000_heatflux100kw_refined_dt0005/VTK/v12_scalar_temperature_flibe_re10000_heatflux100kw_refined_dt0005.vtm.series,First refined thermal comparison point.
7,v9_scalar_temperature_flibe_re10000_heatflux100kw,single_time,1000,cases/baseline_module/openfoam_cases/v9_scalar_temperature_flibe_re10000_heatflux100kw/VTK/v9_scalar_temperature_flibe_re10000_heatflux100kw_1000.vtm,Coarse thermal comparison point; useful for showing mesh sensitivity.
7,v9_scalar_temperature_flibe_re10000_heatflux100kw,time_series,series,cases/baseline_module/openfoam_cases/v9_scalar_temperature_flibe_re10000_heatflux100kw/VTK/v9_scalar_temperature_flibe_re10000_heatflux100kw.vtm.series,Coarse thermal comparison point; useful for showing mesh sensitivity.
8,v8_isothermal_rans_flibe_re10000_clean,single_time,500,cases/baseline_module/openfoam_cases/v8_isothermal_rans_flibe_re10000_clean/VTK/v8_isothermal_rans_flibe_re10000_clean_500.vtm,Coarse FLiBe-like RANS baseline.
8,v8_isothermal_rans_flibe_re10000_clean,time_series,series,cases/baseline_module/openfoam_cases/v8_isothermal_rans_flibe_re10000_clean/VTK/v8_isothermal_rans_flibe_re10000_clean.vtm.series,Coarse FLiBe-like RANS baseline.
9,v7_scalar_temperature_water_re10000_heatflux100kw,single_time,1000,cases/baseline_module/openfoam_cases/v7_scalar_temperature_water_re10000_heatflux100kw/VTK/v7_scalar_temperature_water_re10000_heatflux100kw_1000.vtm,Water 100 kW/m^2 thermal debug case.
9,v7_scalar_temperature_water_re10000_heatflux100kw,time_series,series,cases/baseline_module/openfoam_cases/v7_scalar_temperature_water_re10000_heatflux100kw/VTK/v7_scalar_temperature_water_re10000_heatflux100kw.vtm.series,Water 100 kW/m^2 thermal debug case.
10,v5_isothermal_rans_water_re10000_clean,single_time,500,cases/baseline_module/openfoam_cases/v5_isothermal_rans_water_re10000_clean/VTK/v5_isothermal_rans_water_re10000_clean_500.vtm,Water Re=10000 RANS debug baseline.
10,v5_isothermal_rans_water_re10000_clean,time_series,series,cases/baseline_module/openfoam_cases/v5_isothermal_rans_water_re10000_clean/VTK/v5_isothermal_rans_water_re10000_clean.vtm.series,Water Re=10000 RANS debug baseline.
99,v10_isothermal_rans_flibe_re10000_refined,single_time,500,cases/baseline_module/openfoam_cases/v10_isothermal_rans_flibe_re10000_refined/VTK/v10_isothermal_rans_flibe_re10000_refined_500.vtm,OpenFOAM VTK export.
99,v10_isothermal_rans_flibe_re10000_refined,time_series,series,cases/baseline_module/openfoam_cases/v10_isothermal_rans_flibe_re10000_refined/VTK/v10_isothermal_rans_flibe_re10000_refined.vtm.series,OpenFOAM VTK export.
99,v15_scalar_temperature_flibe_re10000_heatflux100kw_thermal_refined_longrun_dt00025,single_time,19200,cases/baseline_module/openfoam_cases/v15_scalar_temperature_flibe_re10000_heatflux100kw_thermal_refined_longrun_dt00025/VTK/v15_scalar_temperature_flibe_re10000_heatflux100kw_thermal_refined_longrun_dt00025_19200.vtm,OpenFOAM VTK export.
99,v15_scalar_temperature_flibe_re10000_heatflux100kw_thermal_refined_longrun_dt00025,single_time,8000,cases/baseline_module/openfoam_cases/v15_scalar_temperature_flibe_re10000_heatflux100kw_thermal_refined_longrun_dt00025/VTK/v14_scalar_temperature_flibe_re10000_heatflux100kw_thermal_refined_dt00025_8000.vtm,OpenFOAM VTK export.
99,v15_scalar_temperature_flibe_re10000_heatflux100kw_thermal_refined_longrun_dt00025,time_series,series,cases/baseline_module/openfoam_cases/v15_scalar_temperature_flibe_re10000_heatflux100kw_thermal_refined_longrun_dt00025/VTK/v14_scalar_temperature_flibe_re10000_heatflux100kw_thermal_refined_dt00025.vtm.series,OpenFOAM VTK export.
99,v15_scalar_temperature_flibe_re10000_heatflux100kw_thermal_refined_longrun_dt00025,time_series,series,cases/baseline_module/openfoam_cases/v15_scalar_temperature_flibe_re10000_heatflux100kw_thermal_refined_longrun_dt00025/VTK/v15_scalar_temperature_flibe_re10000_heatflux100kw_thermal_refined_longrun_dt00025.vtm.series,OpenFOAM VTK export.
99,v2_isothermal_rans_water_re1000,single_time,500,cases/baseline_module/openfoam_cases/v2_isothermal_rans_water_re1000/VTK/v2_isothermal_rans_water_re1000_500.vtm,OpenFOAM VTK export.
99,v2_isothermal_rans_water_re1000,time_series,series,cases/baseline_module/openfoam_cases/v2_isothermal_rans_water_re1000/VTK/v2_isothermal_rans_water_re1000.vtm.series,OpenFOAM VTK export.
99,v3_isothermal_rans_water_re1000_corrected,single_time,500,cases/baseline_module/openfoam_cases/v3_isothermal_rans_water_re1000_corrected/VTK/v2_isothermal_rans_water_re1000_500.vtm,OpenFOAM VTK export.
99,v3_isothermal_rans_water_re1000_corrected,single_time,500,cases/baseline_module/openfoam_cases/v3_isothermal_rans_water_re1000_corrected/VTK/v3_isothermal_rans_water_re1000_corrected_500.vtm,OpenFOAM VTK export.
99,v3_isothermal_rans_water_re1000_corrected,time_series,series,cases/baseline_module/openfoam_cases/v3_isothermal_rans_water_re1000_corrected/VTK/v2_isothermal_rans_water_re1000.vtm.series,OpenFOAM VTK export.
99,v3_isothermal_rans_water_re1000_corrected,time_series,series,cases/baseline_module/openfoam_cases/v3_isothermal_rans_water_re1000_corrected/VTK/v3_isothermal_rans_water_re1000_corrected.vtm.series,OpenFOAM VTK export.
99,v4_isothermal_rans_water_re1000_clean,single_time,500,cases/baseline_module/openfoam_cases/v4_isothermal_rans_water_re1000_clean/VTK/v4_isothermal_rans_water_re1000_clean_500.vtm,OpenFOAM VTK export.
99,v4_isothermal_rans_water_re1000_clean,time_series,series,cases/baseline_module/openfoam_cases/v4_isothermal_rans_water_re1000_clean/VTK/v4_isothermal_rans_water_re1000_clean.vtm.series,OpenFOAM VTK export.
99,v6_scalar_temperature_water_re10000_heatflux,single_time,1000,cases/baseline_module/openfoam_cases/v6_scalar_temperature_water_re10000_heatflux/VTK/v6_scalar_temperature_water_re10000_heatflux_1000.vtm,OpenFOAM VTK export.
99,v6_scalar_temperature_water_re10000_heatflux,time_series,series,cases/baseline_module/openfoam_cases/v6_scalar_temperature_water_re10000_heatflux/VTK/v6_scalar_temperature_water_re10000_heatflux.vtm.series,OpenFOAM VTK export.
