series_pr,y_plus,Theta_plus_over_Pr,source_page_png,digitizer,notes
5.0,1.0,1.0,references/digitization/kawamura_1998/pages/kawamura_1998_page-03.png,ai_assisted_visual_digitization_2026-06-25,derived = Theta+/Pr from Fig 2 digitization (self-consistent)
5.0,1.5,1.42,references/digitization/kawamura_1998/pages/kawamura_1998_page-03.png,ai_assisted_visual_digitization_2026-06-25,derived = Theta+/Pr from Fig 2 digitization (self-consistent)
5.0,2.0,1.84,references/digitization/kawamura_1998/pages/kawamura_1998_page-03.png,ai_assisted_visual_digitization_2026-06-25,derived = Theta+/Pr from Fig 2 digitization (self-consistent)
5.0,3.0,2.58,references/digitization/kawamura_1998/pages/kawamura_1998_page-03.png,ai_assisted_visual_digitization_2026-06-25,derived = Theta+/Pr from Fig 2 digitization (self-consistent)
5.0,4.0,3.32,references/digitization/kawamura_1998/pages/kawamura_1998_page-03.png,ai_assisted_visual_digitization_2026-06-25,derived = Theta+/Pr from Fig 2 digitization (self-consistent)
5.0,5.0,4.08,references/digitization/kawamura_1998/pages/kawamura_1998_page-03.png,ai_assisted_visual_digitization_2026-06-25,derived = Theta+/Pr from Fig 2 digitization (self-consistent)
5.0,6.0,4.7,references/digitization/kawamura_1998/pages/kawamura_1998_page-03.png,ai_assisted_visual_digitization_2026-06-25,derived = Theta+/Pr from Fig 2 digitization (self-consistent)
5.0,7.0,5.28,references/digitization/kawamura_1998/pages/kawamura_1998_page-03.png,ai_assisted_visual_digitization_2026-06-25,derived = Theta+/Pr from Fig 2 digitization (self-consistent)
5.0,8.5,5.96,references/digitization/kawamura_1998/pages/kawamura_1998_page-03.png,ai_assisted_visual_digitization_2026-06-25,derived = Theta+/Pr from Fig 2 digitization (self-consistent)
5.0,10.0,6.5,references/digitization/kawamura_1998/pages/kawamura_1998_page-03.png,ai_assisted_visual_digitization_2026-06-25,derived = Theta+/Pr from Fig 2 digitization (self-consistent)
5.0,12.0,7.0,references/digitization/kawamura_1998/pages/kawamura_1998_page-03.png,ai_assisted_visual_digitization_2026-06-25,derived = Theta+/Pr from Fig 2 digitization (self-consistent)
5.0,15.0,7.54,references/digitization/kawamura_1998/pages/kawamura_1998_page-03.png,ai_assisted_visual_digitization_2026-06-25,derived = Theta+/Pr from Fig 2 digitization (self-consistent)
5.0,20.0,8.0,references/digitization/kawamura_1998/pages/kawamura_1998_page-03.png,ai_assisted_visual_digitization_2026-06-25,derived = Theta+/Pr from Fig 2 digitization (self-consistent)
5.0,25.0,8.24,references/digitization/kawamura_1998/pages/kawamura_1998_page-03.png,ai_assisted_visual_digitization_2026-06-25,derived = Theta+/Pr from Fig 2 digitization (self-consistent)
5.0,30.0,8.38,references/digitization/kawamura_1998/pages/kawamura_1998_page-03.png,ai_assisted_visual_digitization_2026-06-25,derived = Theta+/Pr from Fig 2 digitization (self-consistent)
5.0,40.0,8.54,references/digitization/kawamura_1998/pages/kawamura_1998_page-03.png,ai_assisted_visual_digitization_2026-06-25,derived = Theta+/Pr from Fig 2 digitization (self-consistent)
5.0,50.0,8.62,references/digitization/kawamura_1998/pages/kawamura_1998_page-03.png,ai_assisted_visual_digitization_2026-06-25,derived = Theta+/Pr from Fig 2 digitization (self-consistent)
5.0,75.0,8.78,references/digitization/kawamura_1998/pages/kawamura_1998_page-03.png,ai_assisted_visual_digitization_2026-06-25,derived = Theta+/Pr from Fig 2 digitization (self-consistent)
5.0,100.0,8.84,references/digitization/kawamura_1998/pages/kawamura_1998_page-03.png,ai_assisted_visual_digitization_2026-06-25,derived = Theta+/Pr from Fig 2 digitization (self-consistent)
5.0,140.0,8.9,references/digitization/kawamura_1998/pages/kawamura_1998_page-03.png,ai_assisted_visual_digitization_2026-06-25,derived = Theta+/Pr from Fig 2 digitization (self-consistent)
5.0,178.0,8.92,references/digitization/kawamura_1998/pages/kawamura_1998_page-03.png,ai_assisted_visual_digitization_2026-06-25,derived = Theta+/Pr from Fig 2 digitization (self-consistent)
