series_pr,y_plus,Theta_plus,source_page_png,digitizer,notes
5.0,1.0,5.0,references/digitization/kawamura_1998/pages/kawamura_1998_page-03.png,ai_assisted_visual_digitization_2026-06-25,vision-assisted approx (+/- ~1 Theta+ unit); refine with WebPlotDigitizer if publication-grade needed
5.0,1.5,7.1,references/digitization/kawamura_1998/pages/kawamura_1998_page-03.png,ai_assisted_visual_digitization_2026-06-25,vision-assisted approx (+/- ~1 Theta+ unit); refine with WebPlotDigitizer if publication-grade needed
5.0,2.0,9.2,references/digitization/kawamura_1998/pages/kawamura_1998_page-03.png,ai_assisted_visual_digitization_2026-06-25,vision-assisted approx (+/- ~1 Theta+ unit); refine with WebPlotDigitizer if publication-grade needed
5.0,3.0,12.9,references/digitization/kawamura_1998/pages/kawamura_1998_page-03.png,ai_assisted_visual_digitization_2026-06-25,vision-assisted approx (+/- ~1 Theta+ unit); refine with WebPlotDigitizer if publication-grade needed
5.0,4.0,16.6,references/digitization/kawamura_1998/pages/kawamura_1998_page-03.png,ai_assisted_visual_digitization_2026-06-25,vision-assisted approx (+/- ~1 Theta+ unit); refine with WebPlotDigitizer if publication-grade needed
5.0,5.0,20.4,references/digitization/kawamura_1998/pages/kawamura_1998_page-03.png,ai_assisted_visual_digitization_2026-06-25,vision-assisted approx (+/- ~1 Theta+ unit); refine with WebPlotDigitizer if publication-grade needed
5.0,6.0,23.5,references/digitization/kawamura_1998/pages/kawamura_1998_page-03.png,ai_assisted_visual_digitization_2026-06-25,vision-assisted approx (+/- ~1 Theta+ unit); refine with WebPlotDigitizer if publication-grade needed
5.0,7.0,26.4,references/digitization/kawamura_1998/pages/kawamura_1998_page-03.png,ai_assisted_visual_digitization_2026-06-25,vision-assisted approx (+/- ~1 Theta+ unit); refine with WebPlotDigitizer if publication-grade needed
5.0,8.5,29.8,references/digitization/kawamura_1998/pages/kawamura_1998_page-03.png,ai_assisted_visual_digitization_2026-06-25,vision-assisted approx (+/- ~1 Theta+ unit); refine with WebPlotDigitizer if publication-grade needed
5.0,10.0,32.5,references/digitization/kawamura_1998/pages/kawamura_1998_page-03.png,ai_assisted_visual_digitization_2026-06-25,vision-assisted approx (+/- ~1 Theta+ unit); refine with WebPlotDigitizer if publication-grade needed
5.0,12.0,35.0,references/digitization/kawamura_1998/pages/kawamura_1998_page-03.png,ai_assisted_visual_digitization_2026-06-25,vision-assisted approx (+/- ~1 Theta+ unit); refine with WebPlotDigitizer if publication-grade needed
5.0,15.0,37.7,references/digitization/kawamura_1998/pages/kawamura_1998_page-03.png,ai_assisted_visual_digitization_2026-06-25,vision-assisted approx (+/- ~1 Theta+ unit); refine with WebPlotDigitizer if publication-grade needed
5.0,20.0,40.0,references/digitization/kawamura_1998/pages/kawamura_1998_page-03.png,ai_assisted_visual_digitization_2026-06-25,vision-assisted approx (+/- ~1 Theta+ unit); refine with WebPlotDigitizer if publication-grade needed
5.0,25.0,41.2,references/digitization/kawamura_1998/pages/kawamura_1998_page-03.png,ai_assisted_visual_digitization_2026-06-25,vision-assisted approx (+/- ~1 Theta+ unit); refine with WebPlotDigitizer if publication-grade needed
5.0,30.0,41.9,references/digitization/kawamura_1998/pages/kawamura_1998_page-03.png,ai_assisted_visual_digitization_2026-06-25,vision-assisted approx (+/- ~1 Theta+ unit); refine with WebPlotDigitizer if publication-grade needed
5.0,40.0,42.7,references/digitization/kawamura_1998/pages/kawamura_1998_page-03.png,ai_assisted_visual_digitization_2026-06-25,vision-assisted approx (+/- ~1 Theta+ unit); refine with WebPlotDigitizer if publication-grade needed
5.0,50.0,43.1,references/digitization/kawamura_1998/pages/kawamura_1998_page-03.png,ai_assisted_visual_digitization_2026-06-25,vision-assisted approx (+/- ~1 Theta+ unit); refine with WebPlotDigitizer if publication-grade needed
5.0,75.0,43.9,references/digitization/kawamura_1998/pages/kawamura_1998_page-03.png,ai_assisted_visual_digitization_2026-06-25,vision-assisted approx (+/- ~1 Theta+ unit); refine with WebPlotDigitizer if publication-grade needed
5.0,100.0,44.2,references/digitization/kawamura_1998/pages/kawamura_1998_page-03.png,ai_assisted_visual_digitization_2026-06-25,vision-assisted approx (+/- ~1 Theta+ unit); refine with WebPlotDigitizer if publication-grade needed
5.0,140.0,44.5,references/digitization/kawamura_1998/pages/kawamura_1998_page-03.png,ai_assisted_visual_digitization_2026-06-25,vision-assisted approx (+/- ~1 Theta+ unit); refine with WebPlotDigitizer if publication-grade needed
5.0,178.0,44.6,references/digitization/kawamura_1998/pages/kawamura_1998_page-03.png,ai_assisted_visual_digitization_2026-06-25,vision-assisted approx (+/- ~1 Theta+ unit); refine with WebPlotDigitizer if publication-grade needed
