series_pr,y_plus,Pr_t,source_page_png,digitizer,notes
5.0,1.0,1.05,references/digitization/kawamura_1998/pages/kawamura_1998_page-05.png,ai_assisted_visual_digitization_2026-06-25,vision-assisted approx (+/- ~1 Theta+ unit); refine with WebPlotDigitizer if publication-grade needed
5.0,2.0,1.0,references/digitization/kawamura_1998/pages/kawamura_1998_page-05.png,ai_assisted_visual_digitization_2026-06-25,vision-assisted approx (+/- ~1 Theta+ unit); refine with WebPlotDigitizer if publication-grade needed
5.0,3.0,0.97,references/digitization/kawamura_1998/pages/kawamura_1998_page-05.png,ai_assisted_visual_digitization_2026-06-25,vision-assisted approx (+/- ~1 Theta+ unit); refine with WebPlotDigitizer if publication-grade needed
5.0,5.0,0.93,references/digitization/kawamura_1998/pages/kawamura_1998_page-05.png,ai_assisted_visual_digitization_2026-06-25,vision-assisted approx (+/- ~1 Theta+ unit); refine with WebPlotDigitizer if publication-grade needed
5.0,7.0,0.92,references/digitization/kawamura_1998/pages/kawamura_1998_page-05.png,ai_assisted_visual_digitization_2026-06-25,vision-assisted approx (+/- ~1 Theta+ unit); refine with WebPlotDigitizer if publication-grade needed
5.0,10.0,0.93,references/digitization/kawamura_1998/pages/kawamura_1998_page-05.png,ai_assisted_visual_digitization_2026-06-25,vision-assisted approx (+/- ~1 Theta+ unit); refine with WebPlotDigitizer if publication-grade needed
5.0,15.0,0.96,references/digitization/kawamura_1998/pages/kawamura_1998_page-05.png,ai_assisted_visual_digitization_2026-06-25,vision-assisted approx (+/- ~1 Theta+ unit); refine with WebPlotDigitizer if publication-grade needed
5.0,20.0,0.98,references/digitization/kawamura_1998/pages/kawamura_1998_page-05.png,ai_assisted_visual_digitization_2026-06-25,vision-assisted approx (+/- ~1 Theta+ unit); refine with WebPlotDigitizer if publication-grade needed
5.0,30.0,1.0,references/digitization/kawamura_1998/pages/kawamura_1998_page-05.png,ai_assisted_visual_digitization_2026-06-25,vision-assisted approx (+/- ~1 Theta+ unit); refine with WebPlotDigitizer if publication-grade needed
5.0,40.0,0.95,references/digitization/kawamura_1998/pages/kawamura_1998_page-05.png,ai_assisted_visual_digitization_2026-06-25,vision-assisted approx (+/- ~1 Theta+ unit); refine with WebPlotDigitizer if publication-grade needed
5.0,50.0,0.9,references/digitization/kawamura_1998/pages/kawamura_1998_page-05.png,ai_assisted_visual_digitization_2026-06-25,vision-assisted approx (+/- ~1 Theta+ unit); refine with WebPlotDigitizer if publication-grade needed
5.0,75.0,0.78,references/digitization/kawamura_1998/pages/kawamura_1998_page-05.png,ai_assisted_visual_digitization_2026-06-25,vision-assisted approx (+/- ~1 Theta+ unit); refine with WebPlotDigitizer if publication-grade needed
5.0,100.0,0.7,references/digitization/kawamura_1998/pages/kawamura_1998_page-05.png,ai_assisted_visual_digitization_2026-06-25,vision-assisted approx (+/- ~1 Theta+ unit); refine with WebPlotDigitizer if publication-grade needed
5.0,130.0,0.62,references/digitization/kawamura_1998/pages/kawamura_1998_page-05.png,ai_assisted_visual_digitization_2026-06-25,vision-assisted approx (+/- ~1 Theta+ unit); refine with WebPlotDigitizer if publication-grade needed
5.0,160.0,0.6,references/digitization/kawamura_1998/pages/kawamura_1998_page-05.png,ai_assisted_visual_digitization_2026-06-25,vision-assisted approx (+/- ~1 Theta+ unit); refine with WebPlotDigitizer if publication-grade needed
