y_plus,Theta_plus_dns,Theta_plus_kader,Theta_plus_sublayer_Pr_y
1.0,5.0,31.326,5.0
1.5,7.1,32.186,7.5
2.0,9.2,32.796,10.0
3.0,12.9,33.655,15.0
4.0,16.6,34.265,20.0
5.0,20.4,34.738,25.0
6.0,23.5,35.125,30.0
7.0,26.4,35.452,35.0
8.5,29.8,35.863,42.5
10.0,32.5,36.208,50.0
12.0,35.0,36.594,60.0
15.0,37.7,37.067,75.0
20.0,40.0,37.677,100.0
25.0,41.2,38.15,125.0
30.0,41.9,38.537,150.0
40.0,42.7,39.147,200.0
50.0,43.1,39.62,250.0
75.0,43.9,40.479,375.0
100.0,44.2,41.089,500.0
140.0,44.5,41.803,700.0
178.0,44.6,42.312,890.0
