target_solid_base_T_K,heat_flux_kW_m2,solid_drop_K,allowable_interface_dT_K,required_Nu,required_Re_raw,recommended_Re,recommended_U_m_s,recommended_pump_power_W,pump_relative_to_Re10000,validity_status
873,100,13.33,59.67,44.7,3400,5000,0.580,0.236,0.14,below envelope; use Re 5000 minimum for project scaling
873,150,20.00,53.00,75.5,6546,6546,0.759,0.503,0.31,within project envelope
873,250,33.33,39.67,168.1,17807,17807,2.065,8.282,5.03,within project envelope
873,350,46.67,26.33,354.5,45252,45252,5.248,112.805,68.52,above project envelope; requires extrapolation or redesign
873,500,66.67,6.33,2105.5,419623,419623,48.662,57615.960,34995.12,above project envelope; requires extrapolation or redesign
923,100,13.33,109.67,24.3,1589,5000,0.580,0.236,0.14,below envelope; use Re 5000 minimum for project scaling
923,150,20.00,103.00,38.8,2853,5000,0.580,0.236,0.14,below envelope; use Re 5000 minimum for project scaling
923,250,33.33,89.67,74.4,6424,6424,0.745,0.477,0.29,within project envelope
923,350,46.67,76.33,122.3,11964,11964,1.387,2.720,1.65,within project envelope
923,500,66.67,56.33,236.7,27318,27318,3.168,27.452,16.67,above project envelope; requires extrapolation or redesign
973,100,13.33,159.67,16.7,994,5000,0.580,0.236,0.14,below envelope; use Re 5000 minimum for project scaling
973,150,20.00,153.00,26.1,1740,5000,0.580,0.236,0.14,below envelope; use Re 5000 minimum for project scaling
973,250,33.33,139.67,47.7,3692,5000,0.580,0.236,0.14,below envelope; use Re 5000 minimum for project scaling
973,350,46.67,126.33,73.9,6373,6373,0.739,0.466,0.28,within project envelope
973,500,66.67,106.33,125.4,12347,12347,1.432,2.971,1.80,within project envelope
