target_solid_base_T_K,heat_flux_kW_m2,solid_drop_K,allowable_interface_dT_K,model,required_Re_raw,recommended_Re,recommended_U_m_s,recommended_pump_power_W,pump_relative_to_Re10000,validity_status
873,100,13.33,59.67,AQ_Dittus_Boelter_full,3400,5000,0.580,0.236,0.14,below envelope; use Re 5000 minimum
873,100,13.33,59.67,same_anchor_exponent_-0.8000,3912,5000,0.580,0.236,0.14,below envelope; use Re 5000 minimum
873,100,13.33,59.67,same_anchor_exponent_-0.7047,3446,5000,0.580,0.236,0.14,below envelope; use Re 5000 minimum
873,150,20.00,53.00,AQ_Dittus_Boelter_full,6546,6546,0.759,0.503,0.31,within project envelope
873,150,20.00,53.00,same_anchor_exponent_-0.8000,7531,7531,0.873,0.744,0.45,within project envelope
873,150,20.00,53.00,same_anchor_exponent_-0.7047,7247,7247,0.840,0.668,0.41,within project envelope
873,250,33.33,39.67,AQ_Dittus_Boelter_full,17807,17807,2.065,8.282,5.03,within project envelope
873,250,33.33,39.67,same_anchor_exponent_-0.8000,20486,20486,2.376,12.263,7.45,above project envelope
873,250,33.33,39.67,same_anchor_exponent_-0.7047,22572,22572,2.618,16.089,9.77,above project envelope
873,350,46.67,26.33,AQ_Dittus_Boelter_full,45252,45252,5.248,112.805,68.52,above project envelope
873,350,46.67,26.33,same_anchor_exponent_-0.8000,52061,52061,6.037,167.020,101.45,above project envelope
873,350,46.67,26.33,same_anchor_exponent_-0.7047,65074,65074,7.546,311.947,189.47,above project envelope
873,500,66.67,6.33,AQ_Dittus_Boelter_full,419623,419623,48.662,57615.960,34995.12,above project envelope
873,500,66.67,6.33,same_anchor_exponent_-0.8000,482760,482760,55.983,85306.553,51813.99,above project envelope
873,500,66.67,6.33,same_anchor_exponent_-0.7047,815512,815512,94.571,370288.256,224907.83,above project envelope
923,100,13.33,109.67,AQ_Dittus_Boelter_full,1589,5000,0.580,0.236,0.14,below envelope; use Re 5000 minimum
923,100,13.33,109.67,same_anchor_exponent_-0.8000,1828,5000,0.580,0.236,0.14,below envelope; use Re 5000 minimum
923,100,13.33,109.67,same_anchor_exponent_-0.7047,1453,5000,0.580,0.236,0.14,below envelope; use Re 5000 minimum
923,150,20.00,103.00,AQ_Dittus_Boelter_full,2853,5000,0.580,0.236,0.14,below envelope; use Re 5000 minimum
923,150,20.00,103.00,same_anchor_exponent_-0.8000,3282,5000,0.580,0.236,0.14,below envelope; use Re 5000 minimum
923,150,20.00,103.00,same_anchor_exponent_-0.7047,2823,5000,0.580,0.236,0.14,below envelope; use Re 5000 minimum
923,250,33.33,89.67,AQ_Dittus_Boelter_full,6424,6424,0.745,0.477,0.29,within project envelope
923,250,33.33,89.67,same_anchor_exponent_-0.8000,7391,7391,0.857,0.706,0.43,within project envelope
923,250,33.33,89.67,same_anchor_exponent_-0.7047,7095,7095,0.823,0.630,0.38,within project envelope
923,350,46.67,76.33,AQ_Dittus_Boelter_full,11964,11964,1.387,2.720,1.65,within project envelope
923,350,46.67,76.33,same_anchor_exponent_-0.8000,13764,13764,1.596,4.028,2.45,within project envelope
923,350,46.67,76.33,same_anchor_exponent_-0.7047,14372,14372,1.667,4.545,2.76,within project envelope
923,500,66.67,56.33,AQ_Dittus_Boelter_full,27318,27318,3.168,27.452,16.67,above project envelope
923,500,66.67,56.33,same_anchor_exponent_-0.8000,31428,31428,3.645,40.646,24.69,above project envelope
923,500,66.67,56.33,same_anchor_exponent_-0.7047,36692,36692,4.255,62.709,38.09,above project envelope
973,100,13.33,159.67,AQ_Dittus_Boelter_full,994,5000,0.580,0.236,0.14,below envelope; use Re 5000 minimum
973,100,13.33,159.67,same_anchor_exponent_-0.8000,1143,5000,0.580,0.236,0.14,below envelope; use Re 5000 minimum
973,100,13.33,159.67,same_anchor_exponent_-0.7047,852,5000,0.580,0.236,0.14,below envelope; use Re 5000 minimum
973,150,20.00,153.00,AQ_Dittus_Boelter_full,1740,5000,0.580,0.236,0.14,below envelope; use Re 5000 minimum
973,150,20.00,153.00,same_anchor_exponent_-0.8000,2001,5000,0.580,0.236,0.14,below envelope; use Re 5000 minimum
973,150,20.00,153.00,same_anchor_exponent_-0.7047,1610,5000,0.580,0.236,0.14,below envelope; use Re 5000 minimum
973,250,33.33,139.67,AQ_Dittus_Boelter_full,3692,5000,0.580,0.236,0.14,below envelope; use Re 5000 minimum
973,250,33.33,139.67,same_anchor_exponent_-0.8000,4247,5000,0.580,0.236,0.14,below envelope; use Re 5000 minimum
973,250,33.33,139.67,same_anchor_exponent_-0.7047,3783,5000,0.580,0.236,0.14,below envelope; use Re 5000 minimum
973,350,46.67,126.33,AQ_Dittus_Boelter_full,6373,6373,0.739,0.466,0.28,within project envelope
973,350,46.67,126.33,same_anchor_exponent_-0.8000,7332,7332,0.850,0.691,0.42,within project envelope
973,350,46.67,126.33,same_anchor_exponent_-0.7047,7031,7031,0.815,0.614,0.37,within project envelope
973,500,66.67,106.33,AQ_Dittus_Boelter_full,12347,12347,1.432,2.971,1.80,within project envelope
973,500,66.67,106.33,same_anchor_exponent_-0.8000,14205,14205,1.647,4.399,2.67,within project envelope
973,500,66.67,106.33,same_anchor_exponent_-0.7047,14895,14895,1.727,5.024,3.05,within project envelope
