bin,x_center_m,cell_count,rans_mean_Ux_m_s,les_mean_Ux_m_s,rans_mean_speed_m_s,les_mean_speed_m_s,rans_reverse_flow_fraction,les_reverse_flow_fraction
0,0.10277777777777777,792,-0.09594228656565655,0.007687874048358585,0.17546085808100848,0.023477752995566183,0.8914141414141414,0.22095959595959597
1,0.10833333333333334,696,-0.3308681998204023,0.0025422978650862073,0.35422399748813715,0.027957647689275916,0.9770114942528736,0.39511494252873564
2,0.1138888888888889,696,-0.5278562600574713,-0.015174949414367813,0.5356846654662498,0.03408214535835978,1.0,0.6192528735632183
3,0.11944444444444445,648,-0.6492456697530864,-0.03321067752777778,0.6510969816387614,0.05000327191018356,1.0,0.8055555555555556
4,0.125,744,-0.7080328588709677,-0.045464368629301075,0.7084122281893486,0.06052372902301594,1.0,0.9126344086021505
5,0.13055555555555554,696,-0.7011685474137931,-0.0560088872428161,0.701516993302879,0.06610071965312674,1.0,0.992816091954023
6,0.13611111111111113,744,-0.6716119287634409,-0.064756370077957,0.6726036526801363,0.07422109391382758,1.0,0.9919354838709677
7,0.14166666666666666,648,-0.5925772222222223,-0.08775324543209877,0.5952783013797147,0.09763519211253699,1.0,0.9953703703703703
8,0.1472222222222222,672,-0.48047225446428576,-0.11392202949404762,0.48844608796417266,0.12619286568780788,1.0,1.0
9,0.1527777777777778,720,-0.3285498143055555,-0.1412863120833333,0.3483722490174821,0.15641521104108147,1.0,1.0
10,0.15833333333333333,624,-0.1549759591426282,-0.17174845272435896,0.1966026855455955,0.1881516599142156,0.9294871794871795,1.0
11,0.16388888888888886,696,0.006536839425287355,-0.19250054224137933,0.15589622178462523,0.2120220563625298,0.5431034482758621,1.0
12,0.16944444444444445,648,0.1834391374537037,-0.19867203564814817,0.20792078821482288,0.22603080314509855,0.040123456790123455,1.0
13,0.175,672,0.31924469196428573,-0.20177373348214284,0.3243380040802594,0.2328013983403967,0.0,1.0
14,0.18055555555555555,672,0.41970721279761897,-0.20299091758928572,0.42229041351672325,0.2368535506638899,0.0,0.9985119047619048
15,0.18611111111111112,696,0.49160839798850575,-0.21479421114942526,0.4929934603693421,0.250734854300986,0.0,0.9985632183908046
16,0.19166666666666665,768,0.5494041562499999,-0.23159059230078125,0.5502139608660616,0.2674596633332957,0.0,0.98828125
17,0.19722222222222222,696,0.5850450603448276,-0.23400329785775864,0.5855647641405789,0.26810615035607516,0.0,1.0
18,0.20277777777777778,672,0.5946635342261904,-0.22472438154761903,0.5949841489166322,0.25722356576506283,0.0,1.0
19,0.20833333333333331,648,0.6019912283950617,-0.19953767469135802,0.6022601798043199,0.2366934281732689,0.0,1.0
20,0.2138888888888889,768,0.582536765625,-0.17534165278125002,0.5828459102809749,0.21372800964393282,0.0,0.9921875
21,0.21944444444444444,624,0.5577750929487179,-0.15071535509615386,0.5582576618802126,0.18693721257198279,0.0,0.9871794871794872
22,0.22499999999999998,720,0.5107965250000001,-0.1391784657638889,0.51168643916261,0.1825428081448128,0.0,0.9333333333333333
23,0.23055555555555554,648,0.4435435679012346,-0.13337165844660492,0.4449778391531918,0.20583311718171676,0.0,0.8734567901234568
24,0.2361111111111111,744,0.3720316740591398,-0.12019498029569893,0.3751584788421894,0.2027419055627998,0.0,0.8561827956989247
25,0.24166666666666664,600,0.27542792655,-0.11770180658666665,0.2837641908436868,0.19424787114850672,0.01,0.86
26,0.24722222222222223,696,0.16325264530028735,-0.10844975705459771,0.1864895513293263,0.1570350426014288,0.1752873563218391,0.8721264367816092
27,0.25277777777777777,648,0.08462062156944444,-0.11177216165586419,0.13856376264043072,0.13893050276448493,0.404320987654321,0.8996913580246914
28,0.2583333333333333,696,0.029686851775000002,-0.14525900599281608,0.11428668458369286,0.1634957056745426,0.5330459770114943,0.9525862068965517
29,0.26388888888888884,696,-0.003913801100574712,-0.19222796662356317,0.10841791268777855,0.21190137986109614,0.603448275862069,0.9669540229885057
30,0.26944444444444443,600,-0.029593787941666665,-0.21376731098666668,0.11506069653292096,0.23083568758666223,0.6383333333333333,0.9466666666666667
31,0.275,672,-0.05045601169657738,-0.21366692590104167,0.12257398517577749,0.25537048453011413,0.6860119047619048,0.9092261904761905
32,0.28055555555555556,624,-0.06568986738782051,-0.19987902262740384,0.12738922620602436,0.24976931008608652,0.7083333333333334,0.9214743589743589
33,0.2861111111111111,768,-0.08044808403385416,-0.16220398551302084,0.13342464361894432,0.2061932972706613,0.7760416666666666,0.9505208333333334
34,0.29166666666666663,624,-0.09365071857051281,-0.12613166549086538,0.12927350648302488,0.18173657737905688,0.8878205128205128,0.8958333333333334
35,0.29722222222222217,744,-0.05349797689919354,-0.06194103431370968,0.10307051106627926,0.17255111695745448,0.9435483870967742,0.7634408602150538
