case,source_flow_case,solver_family,role,time,n_heated_wall_faces,yplus_min,yplus_mean,yplus_p95,yplus_max,frac_lt_1,frac_1_to_5,frac_5_to_30,frac_30_to_300,frac_gt_300,wall_function_validity,reported_deltaT_status,note
v13,v13,RANS kOmegaSST,straight source flow for v14,1000,3216,1.463,6.925,10.018,11.280,0.0,21.1,78.9,0.0,0.0,outside high-Re wall-function band; heated wall below y+=30,source flow only,direct yPlus post-processing
v14,v13,RANS kOmegaSST,passive scalar wall dT inherits v13 flow y+,1000,3216,1.463,6.925,10.018,11.280,0.0,21.1,78.9,0.0,0.0,outside high-Re wall-function band; heated wall below y+=30,inherits source-flow y+; passive scalar fixedGradient T,inherited from source flow; thermal case lacks turbulence fields
v22,v22,RANS kOmegaSST,outlet-offset source flow for v23/v24,1000,3216,0.820,6.169,10.080,10.863,0.1,36.7,63.2,0.0,0.0,outside high-Re wall-function band; heated wall below y+=30,source flow only,direct yPlus post-processing
v23,v22,RANS kOmegaSST,passive scalar wall dT inherits v22 flow y+,1000,3216,0.820,6.169,10.080,10.863,0.1,36.7,63.2,0.0,0.0,outside high-Re wall-function band; heated wall below y+=30,inherits source-flow y+; passive scalar fixedGradient T,inherited from source flow; thermal case lacks turbulence fields
v24,v22,RANS kOmegaSST,passive scalar 500 kW/m2 wall dT inherits v22 flow y+,1000,3216,0.820,6.169,10.080,10.863,0.1,36.7,63.2,0.0,0.0,outside high-Re wall-function band; heated wall below y+=30,inherits source-flow y+; passive scalar fixedGradient T,inherited from source flow; thermal case lacks turbulence fields
v25,v25,URANS kOmegaSST,outlet-offset unsteady RANS check,0.400106,3216,0.693,6.167,10.073,10.856,0.1,36.7,63.2,0.0,0.0,outside high-Re wall-function band; heated wall below y+=30,flow-only unsteady check,direct yPlus post-processing
v26,v26,LES WALE,outlet-offset LES smoke test,0.800034,3216,0.391,4.160,6.867,9.545,0.7,67.9,31.3,0.0,0.0,outside high-Re wall-function band; heated wall below y+=30,isothermal LES,direct yPlus post-processing
v27,v27,LES WALE + passive T,outlet-offset thermal LES extension,0.500073,3216,0.304,5.154,9.207,11.898,2.1,44.7,53.2,0.0,0.0,outside high-Re wall-function band; heated wall below y+=30,near-wall fluid T fluctuation only,direct yPlus post-processing
v28,v28,RANS kOmegaSST,90-degree-bend source flow for v29,1000,3216,1.325,8.835,11.954,13.658,0.0,7.7,92.3,0.0,0.0,outside high-Re wall-function band; heated wall below y+=30,source flow only,direct yPlus post-processing
v29,v28,RANS kOmegaSST,passive scalar wall dT inherits v28 flow y+,1000,3216,1.325,8.835,11.954,13.658,0.0,7.7,92.3,0.0,0.0,outside high-Re wall-function band; heated wall below y+=30,inherits source-flow y+; passive scalar fixedGradient T,inherited from source flow; thermal case lacks turbulence fields
v30,v30,RANS kOmegaSST,BFS source flow for v31,1000,3216,0.839,5.381,9.677,10.211,0.1,49.1,50.8,0.0,0.0,outside high-Re wall-function band; heated wall below y+=30,source flow only,direct yPlus post-processing
v31,v30,RANS kOmegaSST,passive scalar wall dT inherits v30 flow y+,1000,3216,0.839,5.381,9.677,10.211,0.1,49.1,50.8,0.0,0.0,outside high-Re wall-function band; heated wall below y+=30,inherits source-flow y+; passive scalar fixedGradient T,inherited from source flow; thermal case lacks turbulence fields
