sample,x,y,z,nearest_x,nearest_y,nearest_z,nearest_distance,T,Ux,Uy,Uz,Umag
0,0.2,-0.038,0.02,0.20003,-0.0383962,0.0208333,0.0009231810927439953,800.371,0.564164,-0.00259629,-0.0029272,0.5641775678964949
1,0.20000000000000004,-0.037037974683544306,0.02,0.199616,-0.0372435,0.0208333,0.000940258233521116,800.217,0.604094,-0.011914,-0.00174725,0.604213999436096
2,0.2,-0.036075949367088606,0.02,0.200273,-0.0355434,0.0208333,0.0010259272480963096,800.171,0.659801,-0.0214426,-0.000558716,0.6601495715815686
3,0.20000000000000004,-0.03511392405063291,0.02,0.200273,-0.0355434,0.0208333,0.0009764053876770364,800.171,0.659801,-0.0214426,-0.000558716,0.6601495715815686
4,0.2,-0.03415189873417721,0.02,0.200224,-0.0335237,0.0208333,0.0010673324410050763,800.158,0.726353,-0.0377718,0.000462085,0.7273345880726333
5,0.2,-0.03318987341772151,0.02,0.200224,-0.0335237,0.0208333,0.0009252054242360085,800.158,0.726353,-0.0377718,0.000462085,0.7273345880726333
6,0.2,-0.032227848101265825,0.02,0.200971,-0.0325269,0.0208333,0.001314025086570462,800.143,0.760928,-0.0430336,0.000664463,0.7621441815195065
7,0.2,-0.031265822784810125,0.02,0.200476,-0.0311492,0.0208333,0.00096672941609162,800.098,0.806501,-0.0583127,0.000961443,0.8086069245034525
8,0.2,-0.03030379746835443,0.02,0.200476,-0.0311492,0.0208333,0.0012789332783662774,800.098,0.806501,-0.0583127,0.000961443,0.8086069245034525
9,0.20000000000000004,-0.029341772151898735,0.02,0.201159,-0.028164,0.0208333,0.001850626145872821,800.054,0.870659,-0.0696898,0.00102949,0.8734442296762284
10,0.2,-0.02837974683544304,0.02,0.199333,-0.0278189,0.0208333,0.0012057475120548534,800.052,0.86589,-0.07756,0.0010296,0.8693572946586231
11,0.20000000000000004,-0.02741772151898734,0.02,0.199333,-0.0278189,0.0208333,0.0011402728022835865,800.052,0.86589,-0.07756,0.0010296,0.8693572946586231
12,0.2,-0.02645569620253164,0.02,0.198615,-0.0261525,0.0208333,0.0016445491258182587,800.027,0.888652,-0.0909887,0.000989748,0.8932985504481654
13,0.2,-0.02549367088607595,0.02,0.199587,-0.0245073,0.0208333,0.0013556863261456455,800.018,0.904542,-0.0896976,0.000929338,0.9089789617361219
14,0.19999999999999998,-0.02453164556962025,0.019999999999999997,0.199587,-0.0245073,0.0191667,0.0009303497174504486,800.02,0.904585,-0.0896723,-0.000696337,0.9090190473788256
15,0.2,-0.023569620253164558,0.02,0.199587,-0.0245073,0.0208333,0.0013206820955950734,800.018,0.904542,-0.0896976,0.000929338,0.9089789617361219
16,0.2,-0.02260759493670886,0.02,0.198165,-0.0228017,0.0208333,0.0020246705079086983,800.009,0.910081,-0.101319,0.00088999,0.9157039687607562
17,0.2,-0.02164556962025316,0.02,0.199002,-0.0207595,0.0208333,0.0015733760713623353,800.006,0.88848,-0.0954528,0.000746684,0.8935930309513587
18,0.2,-0.02068354430379747,0.02,0.199002,-0.0207595,0.0208333,0.0013023679041598063,800.006,0.88848,-0.0954528,0.000746684,0.8935930309513587
19,0.20000000000000004,-0.019721518987341775,0.02,0.199002,-0.0207595,0.0208333,0.0016636698809075815,800.006,0.88848,-0.0954528,0.000746684,0.8935930309513587
20,0.2,-0.01875949367088607,0.02,0.199002,-0.0207595,0.0208333,0.0023854597474063086,800.006,0.88848,-0.0954528,0.000746684,0.8935930309513587
21,0.2,-0.017797468354430385,0.02,0.199495,-0.0154059,0.0208333,0.0025824432392431897,800.006,0.826716,-0.0920253,0.000704421,0.8318223949287704
22,0.2,-0.016835443037974688,0.02,0.199495,-0.0154059,0.0208333,0.0017300309787463065,800.006,0.826716,-0.0920253,0.000704421,0.8318223949287704
23,0.2,-0.015873417721518984,0.02,0.199495,-0.0154059,0.0208333,0.0010807343382785177,800.006,0.826716,-0.0920253,0.000704421,0.8318223949287704
24,0.2,-0.014911392405063287,0.02,0.199495,-0.0154059,0.0208333,0.0010926809467772809,800.006,0.826716,-0.0920253,0.000704421,0.8318223949287704
25,0.2,-0.013949367088607592,0.02,0.199495,-0.0154059,0.0208333,0.001752398930600349,800.006,0.826716,-0.0920253,0.000704421,0.8318223949287704
26,0.2,-0.0129873417721519,0.02,0.19822,-0.0123799,0.0208333,0.0020571277054560935,800.007,0.767577,-0.101254,0.000802802,0.7742270131789842
27,0.2,-0.0120253164556962,0.02,0.19822,-0.0123799,0.0208333,0.0019971275322049555,800.007,0.767577,-0.101254,0.000802802,0.7742270131789842
28,0.2,-0.011063291139240506,0.02,0.200067,-0.00928133,0.0208333,0.0019683148609313792,800.013,0.674178,-0.0816512,0.000658957,0.6791047992539648
29,0.2,-0.010101265822784809,0.020000000000000004,0.200067,-0.00928133,0.0208333,0.0011709708123970426,800.013,0.674178,-0.0816512,0.000658957,0.6791047992539648
30,0.2,-0.009139240506329114,0.02,0.200067,-0.00928133,0.0208333,0.0008479783689526783,800.013,0.674178,-0.0816512,0.000658957,0.6791047992539648
31,0.2,-0.008177215189873419,0.02,0.200067,-0.00928133,0.0208333,0.0013848997811902685,800.013,0.674178,-0.0816512,0.000658957,0.6791047992539648
32,0.2,-0.007215189873417722,0.020000000000000004,0.200067,-0.00928133,0.0208333,0.002228859105612875,800.013,0.674178,-0.0816512,0.000658957,0.6791047992539648
33,0.2,-0.006253164556962024,0.02,0.198204,-0.0061303,0.0208333,0.001983708796511611,800.018,0.591283,-0.0915335,0.000706679,0.5983263884423443
34,0.2,-0.005291139240506327,0.019999999999999997,0.198204,-0.0061303,0.0191667,0.0021503943057667512,800.018,0.591165,-0.0915912,-0.00034556,0.5982182917248131
35,0.2,-0.004329113924050637,0.020000000000000004,0.199828,-0.00300153,0.0208333,0.0015768487452503747,800.015,0.458861,-0.0807381,-0.000436092,0.4659101289828785
36,0.2,-0.003367088607594937,0.02,0.199828,-0.00300153,0.0208333,0.0009260701839422045,800.015,0.458861,-0.0807381,-0.000436092,0.4659101289828785
37,0.2,-0.00240506329113924,0.019999999999999997,0.199828,-0.00300153,0.0191667,0.0010391079947624242,800.012,0.458587,-0.0807647,-0.00086907,0.4656454967222972
38,0.2,-0.0014430379746835434,0.02,0.199828,-0.00300153,0.0208333,0.0017756323614349313,800.015,0.458861,-0.0807381,-0.000436092,0.4659101289828785
39,0.2,-0.0004810126582278501,0.02,0.197941,-9.68086e-05,0.0208333,0.002254214419339644,800.011,0.359812,-0.0910917,-0.00101076,0.3711649158913967
40,0.2,0.0004810126582278501,0.02,0.197941,-9.68086e-05,0.0208333,0.00229515735766854,800.011,0.359812,-0.0910917,-0.00101076,0.3711649158913967
41,0.2,0.0014430379746835434,0.02,0.199523,0.00299569,0.0208333,0.0018255536699092955,800.01,0.229332,-0.090211,-0.00372601,0.24646515756901644
42,0.2,0.0024050632911392367,0.02,0.199523,0.00299569,0.0208333,0.0011272789358538107,800.01,0.229332,-0.090211,-0.00372601,0.24646515756901644
43,0.2,0.003367088607594937,0.02,0.199523,0.00299569,0.0208333,0.0010294925039666196,800.01,0.229332,-0.090211,-0.00372601,0.24646515756901644
44,0.2,0.00432911392405063,0.02,0.199523,0.00299569,0.0208333,0.0016431485785620796,800.01,0.229332,-0.090211,-0.00372601,0.24646515756901644
45,0.2,0.00529113924050633,0.02,0.199523,0.00299569,0.0208333,0.0024881730457789893,800.01,0.229332,-0.090211,-0.00372601,0.24646515756901644
46,0.2,0.006253164556962024,0.02,0.197639,0.00590257,0.0208333,0.0025281666150337887,800.011,0.138569,-0.0997984,-0.00470958,0.17083111118100355
47,0.2,0.007215189873417717,0.02,0.199215,0.00898956,0.0208333,0.002111635204316228,800.013,0.0555966,-0.103806,-0.00522049,0.11787247805743332
48,0.2,0.008177215189873419,0.02,0.199215,0.00898956,0.0208333,0.0014037513955610524,800.013,0.0555966,-0.103806,-0.00522049,0.11787247805743332
49,0.2,0.00913924050632911,0.02,0.199215,0.00898956,0.0208333,0.0011545640493168619,800.013,0.0555966,-0.103806,-0.00522049,0.11787247805743332
50,0.2,0.010101265822784812,0.02,0.199215,0.00898956,0.0208333,0.0015957768410444068,800.013,0.0555966,-0.103806,-0.00522049,0.11787247805743332
51,0.2,0.011063291139240506,0.02,0.199215,0.00898956,0.0208333,0.002368749612739965,800.013,0.0555966,-0.103806,-0.00522049,0.11787247805743332
52,0.2,0.012025316455696197,0.02,0.197331,0.0118963,0.0208333,0.0027990346792850624,800.014,-0.0217964,-0.10558,-0.0043305,0.10789333938297581
53,0.2,0.0129873417721519,0.02,0.198906,0.0149823,0.0208333,0.0024230318241531333,800.015,-0.0844579,-0.101131,-0.00328862,0.13180072478903293
54,0.2,0.013949367088607592,0.02,0.198906,0.0149823,0.0208333,0.0017199346759216234,800.015,-0.0844579,-0.101131,-0.00328862,0.13180072478903293
55,0.2,0.014911392405063286,0.02,0.198906,0.0149823,0.0208333,0.0013770449437181533,800.015,-0.0844579,-0.101131,-0.00328862,0.13180072478903293
56,0.2,0.015873417721518984,0.02,0.198906,0.0149823,0.0208333,0.0016386932853969982,800.015,-0.0844579,-0.101131,-0.00328862,0.13180072478903293
57,0.2,0.016835443037974678,0.02,0.198906,0.0149823,0.0208333,0.0023076750224401265,800.015,-0.0844579,-0.101131,-0.00328862,0.13180072478903293
58,0.2,0.017797468354430385,0.02,0.197021,0.0178887,0.0208333,0.0030946975786259622,800.02,-0.188389,-0.0975895,-0.00227047,0.21217747492434463
59,0.2,0.01875949367088607,0.02,0.198599,0.0209479,0.0208333,0.00272879316755703,800.019,-0.24368,-0.092794,-0.00143398,0.2607541469174372
60,0.2,0.019721518987341764,0.02,0.198599,0.0209479,0.0208333,0.0020399020266200704,800.019,-0.24368,-0.092794,-0.00143398,0.2607541469174372
61,0.2,0.02068354430379747,0.02,0.198599,0.0209479,0.0208333,0.0016513854256698399,800.019,-0.24368,-0.092794,-0.00143398,0.2607541469174372
62,0.2,0.021645569620253158,0.020000000000000004,0.198599,0.0209479,0.0208333,0.001773113868036742,800.019,-0.24368,-0.092794,-0.00143398,0.2607541469174372
63,0.2,0.022607594936708865,0.02,0.198599,0.0209479,0.0208333,0.0023263226717154016,800.019,-0.24368,-0.092794,-0.00143398,0.2607541469174372
64,0.2,0.023569620253164558,0.02,0.198599,0.0209479,0.0208333,0.0030871681159038425,800.019,-0.24368,-0.092794,-0.00143398,0.2607541469174372
65,0.2,0.02453164556962025,0.019999999999999997,0.198431,0.0270813,0.0191667,0.003107553314804932,800.021,-0.362648,-0.0728382,9.04945e-05,0.3698905020036261
66,0.2,0.02549367088607595,0.02,0.198431,0.0270813,0.0208333,0.002382586009649872,800.02,-0.362269,-0.0727704,-0.000844943,0.36950652687852925
67,0.2,0.02645569620253164,0.02,0.198431,0.0270813,0.0208333,0.0018834887845184728,800.02,-0.362269,-0.0727704,-0.000844943,0.36950652687852925
68,0.2,0.027417721518987342,0.02,0.198431,0.0270813,0.0208333,0.0018081286813824383,800.02,-0.362269,-0.0727704,-0.000844943,0.36950652687852925
69,0.2,0.02837974683544304,0.02,0.198431,0.0270813,0.0208333,0.002200480419015831,800.02,-0.362269,-0.0727704,-0.000844943,0.36950652687852925
70,0.2,0.02934177215189873,0.02,0.198431,0.0270813,0.0208333,0.002875045084778622,800.02,-0.362269,-0.0727704,-0.000844943,0.36950652687852925
71,0.2,0.03030379746835443,0.02,0.196495,0.0300778,0.0208333,0.003609776827686535,800.023,-0.398874,-0.0621223,-0.00134631,0.4036848530523608
72,0.2,0.031265822784810125,0.02,0.200601,0.0339211,0.0208333,0.0028471190666191845,800.027,-0.462776,-0.0448256,-0.00125918,0.4649435945635045
73,0.2,0.032227848101265825,0.02,0.200601,0.0339211,0.0208333,0.001980578673662544,800.027,-0.462776,-0.0448256,-0.00125918,0.4649435945635045
74,0.2,0.03318987341772151,0.02,0.200601,0.0339211,0.0208333,0.0012610639177419473,800.027,-0.462776,-0.0448256,-0.00125918,0.4649435945635045
75,0.2,0.03415189873417721,0.02,0.200601,0.0339211,0.0208333,0.0010530232408155996,800.027,-0.462776,-0.0448256,-0.00125918,0.4649435945635045
76,0.2,0.03511392405063291,0.02,0.200601,0.0339211,0.0208333,0.0015742995603659072,800.027,-0.462776,-0.0448256,-0.00125918,0.4649435945635045
77,0.2,0.0360759493670886,0.02,0.200502,0.037089,0.0208333,0.0014045157438926004,800.031,-0.50955,-0.0163786,-0.0024636,0.5098191153369201
78,0.2,0.0370379746835443,0.02,0.200502,0.037089,0.0208333,0.0009741644999277095,800.031,-0.50955,-0.0163786,-0.0024636,0.5098191153369201
79,0.2,0.038,0.02,0.200502,0.037089,0.0208333,0.001332784262362069,800.031,-0.50955,-0.0163786,-0.0024636,0.5098191153369201
