line,s_m,x_m,y_m,nearest_cell_distance_m,valid,UMean_mag_m_per_s,UMean_x_m_per_s,UMean_y_m_per_s
left_mid,0.0,-1.86,0.0,0.09581820104186131,False,nan,nan,nan
left_mid,0.006540880503144655,-1.8534591194968555,0.0,0.08947822827198085,False,nan,nan,nan
left_mid,0.01308176100628931,-1.8469182389937109,0.0,0.0831693769003935,False,nan,nan,nan
left_mid,0.019622641509433967,-1.840377358490566,0.0,0.07689930694628856,False,nan,nan,nan
left_mid,0.02616352201257862,-1.8338364779874214,0.0,0.0706783403819881,False,nan,nan,nan
left_mid,0.03270440251572327,-1.8272955974842768,0.0,0.0645206821491967,False,nan,nan,nan
left_mid,0.039245283018867934,-1.8207547169811322,0.0,0.0584463453635555,True,0.23619740841349818,6.3043579e-05,0.2361974
left_mid,0.045786163522012584,-1.8142138364779876,0.0,0.05248426795933402,True,0.23619740841349818,6.3043579e-05,0.2361974
left_mid,0.05232704402515724,-1.8076729559748428,0.0,0.046677486174934085,True,0.23619740841349818,6.3043579e-05,0.2361974
left_mid,0.05886792452830189,-1.8011320754716982,0.0,0.04109188829328734,True,0.23619740841349818,6.3043579e-05,0.2361974
left_mid,0.06540880503144654,-1.7945911949685536,0.0,0.03583106315639659,True,0.23619740841349818,6.3043579e-05,0.2361974
left_mid,0.07194968553459119,-1.788050314465409,0.0,0.0310604752996504,True,0.23619740841349818,6.3043579e-05,0.2361974
left_mid,0.07849056603773587,-1.7815094339622641,0.0,0.02697537278668756,True,0.24132121745087198,-5.9967549e-05,0.24132121
left_mid,0.08503144654088052,-1.7749685534591195,0.0,0.02133356058127596,True,0.3565546547231672,0.00023083713,0.35655458
left_mid,0.09157232704402517,-1.768427672955975,0.0,0.014800993688641642,True,0.3565546547231672,0.00023083713,0.35655458
left_mid,0.09811320754716982,-1.7618867924528303,0.0,0.008281561252582911,True,0.3565546547231672,0.00023083713,0.35655458
left_mid,0.10465408805031448,-1.7553459119496857,0.0,0.0019145064382733285,True,0.3565546547231672,0.00023083713,0.35655458
left_mid,0.11119496855345913,-1.7488050314465409,0.0,0.004930785793049026,True,0.3565546547231672,0.00023083713,0.35655458
left_mid,0.11773584905660378,-1.7422641509433963,0.0,0.011424806242755868,True,0.3565546547231672,0.00023083713,0.35655458
left_mid,0.12427672955974843,-1.7357232704402517,0.0,0.009102377700051656,True,0.3394837904374693,0.00024779851,0.3394837
left_mid,0.13081761006289308,-1.729182389937107,0.0,0.003551660693019807,True,0.3394837904374693,0.00024779851,0.3394837
left_mid,0.13735849056603774,-1.7226415094339624,0.0,0.005285976075912635,True,0.3394837904374693,0.00024779851,0.3394837
left_mid,0.14389937106918238,-1.7161006289308176,0.0,0.011350551880183577,True,0.3394837904374693,0.00024779851,0.3394837
left_mid,0.15044025157232704,-1.709559748427673,0.0,0.01775654100344968,True,0.3394837904374693,0.00024779851,0.3394837
left_mid,0.15698113207547174,-1.7030188679245284,0.0,0.022441985496556068,True,0.3317868292177961,7.8209249e-05,0.33178682
left_mid,0.16352201257861637,-1.6964779874213838,0.0,0.02119877797088368,True,0.3215730487420788,-0.00042340501,0.32157277
left_mid,0.17006289308176104,-1.6899371069182392,0.0,0.01601141183519387,True,0.32346961107109057,-0.00014177837,0.32346958
left_mid,0.17660377358490567,-1.6833962264150943,0.0,0.00948675125727437,True,0.32346961107109057,-0.00014177837,0.32346958
left_mid,0.18314465408805033,-1.6768553459119497,0.0,0.0030327916828310313,True,0.32346961107109057,-0.00014177837,0.32346958
left_mid,0.189685534591195,-1.6703144654088051,0.0,0.00373676823984788,True,0.32346961107109057,-0.00014177837,0.32346958
left_mid,0.19622641509433963,-1.6637735849056605,0.0,0.010212506248617775,True,0.32346961107109057,-0.00014177837,0.32346958
left_mid,0.2027672955974843,-1.657232704402516,0.0,0.00923629223202109,True,0.323577501637866,3.2556922e-05,0.3235775
left_mid,0.20930817610062896,-1.650691823899371,0.0,0.006630585004636013,True,0.323577501637866,3.2556922e-05,0.3235775
left_mid,0.2158490566037736,-1.6441509433962265,0.0,0.009390764416433424,True,0.323577501637866,3.2556922e-05,0.3235775
left_mid,0.22238993710691826,-1.6376100628930819,0.0,0.008406612817590399,True,0.3248051804356306,-1.6822311e-05,0.32480518
left_mid,0.2289308176100629,-1.6310691823899373,0.0,0.009317248499617114,True,0.3248051804356306,-1.6822311e-05,0.32480518
left_mid,0.23547169811320756,-1.6245283018867926,0.0,0.009724992852584269,True,0.32715561337024746,0.00012365846,0.32715559
left_mid,0.24201257861635223,-1.6179874213836478,0.0,0.0037411581884829715,True,0.32715561337024746,0.00012365846,0.32715559
left_mid,0.24855345911949686,-1.6114465408805032,0.0,0.0043569804581303755,True,0.32715561337024746,0.00012365846,0.32715559
left_mid,0.2550943396226415,-1.6049056603773586,0.0,0.010465970014606448,True,0.32715561337024746,0.00012365846,0.32715559
left_mid,0.26163522012578616,-1.598364779874214,0.0,0.01636560701814461,True,0.32653912703753535,0.00026439341,0.32653902
left_mid,0.2681761006289308,-1.5918238993710694,0.0,0.015611509624923407,True,0.32589757160153154,-3.2308984e-05,0.32589757
left_mid,0.2747169811320755,-1.5852830188679246,0.0,0.01196036721469054,True,0.32589757160153154,-3.2308984e-05,0.32589757
left_mid,0.28125786163522015,-1.57874213836478,0.0,0.008560786745784857,True,0.3260365504059054,-0.00011535225,0.32603653
left_mid,0.28779874213836476,-1.5722012578616353,0.0,0.008661206797808439,True,0.3260365504059054,-0.00011535225,0.32603653
left_mid,0.2943396226415094,-1.5656603773584907,0.0,0.012740179441233748,True,0.3260365504059054,-0.00011535225,0.32603653
left_mid,0.3008805031446541,-1.5591194968553461,0.0,0.012960905583634778,True,0.3260094540991313,-9.5879612e-05,0.32600944
left_mid,0.30742138364779875,-1.5525786163522013,0.0,0.010010474641399068,True,0.32617440009092863,-7.7017659e-06,0.3261744
left_mid,0.31396226415094347,-1.5460377358490567,0.0,0.003701382127984571,True,0.32617440009092863,-7.7017659e-06,0.3261744
left_mid,0.3205031446540881,-1.539496855345912,0.0,0.0035717071942514976,True,0.32617440009092863,-7.7017659e-06,0.3261744
left_mid,0.32704402515723274,-1.5329559748427672,0.0,0.009677442955324439,True,0.32631934301889354,-4.4387461e-05,0.32631934
left_mid,0.3335849056603774,-1.5264150943396226,0.0,0.004048650285795283,True,0.32631934301889354,-4.4387461e-05,0.32631934
left_mid,0.34012578616352207,-1.519874213836478,0.0,0.0049695544702333585,True,0.32631934301889354,-4.4387461e-05,0.32631934
left_mid,0.34666666666666673,-1.5133333333333334,0.0,0.01088887549939832,True,0.32631934301889354,-4.4387461e-05,0.32631934
left_mid,0.35320754716981134,-1.5067924528301888,0.0,0.011804437368388517,True,0.3264035249348362,0.00012758384,0.3264035
left_mid,0.359748427672956,-1.500251572327044,0.0,0.010070153900828624,True,0.32647819158303626,3.2150484e-05,0.32647819
left_mid,0.36628930817610067,-1.4937106918238994,0.0,0.0070788466962321325,True,0.32647819158303626,3.2150484e-05,0.32647819
left_mid,0.37283018867924533,-1.4871698113207548,0.0,0.009185770355499518,True,0.32647819158303626,3.2150484e-05,0.32647819
left_mid,0.37937106918239,-1.4806289308176102,0.0,0.012920276810774445,True,0.3265366317320676,-8.7532277e-05,0.32653662
left_mid,0.38591194968553466,-1.4740880503144655,0.0,0.013699302860819837,True,0.32667449587194397,-0.00015309114,0.32667446
left_mid,0.39245283018867927,-1.4675471698113207,0.0,0.008827623112368786,True,0.3269592015837182,-3.2181089e-05,0.3269592
left_mid,0.39899371069182393,-1.461006289308176,0.0,0.0023034242436535406,True,0.3269592015837182,-3.2181089e-05,0.3269592
left_mid,0.4055345911949686,-1.4544654088050315,0.0,0.004272099272173896,True,0.3269592015837182,-3.2181089e-05,0.3269592
left_mid,0.41207547169811326,-1.447924528301887,0.0,0.00687817348265535,True,0.32729664928129926,-7.7945341e-05,0.32729664
left_mid,0.4186163522012579,-1.4413836477987423,0.0,0.0032717033992452583,True,0.32729664928129926,-7.7945341e-05,0.32729664
left_mid,0.42515723270440253,-1.4348427672955975,0.0,0.007724315589138002,True,0.32729664928129926,-7.7945341e-05,0.32729664
left_mid,0.4316981132075472,-1.4283018867924528,0.0,0.008383050386425622,True,0.32751391002549357,-4.086442e-06,0.32751391
left_mid,0.43823899371069186,-1.4217610062893082,0.0,0.009146037244669038,True,0.32772503339028225,-4.71398e-05,0.32772503
left_mid,0.4447798742138365,-1.4152201257861636,0.0,0.003669000008715161,True,0.32772503339028225,-4.71398e-05,0.32772503
left_mid,0.4513207547169812,-1.408679245283019,0.0,0.005370229078900175,True,0.32772503339028225,-4.71398e-05,0.32772503
left_mid,0.4578616352201258,-1.4021383647798742,0.0,0.011392251540789362,True,0.32772503339028225,-4.71398e-05,0.32772503
left_mid,0.46440251572327046,-1.3955974842767296,0.0,0.012159646532110454,True,0.3277389359835203,-6.2626393e-05,0.32773893
left_mid,0.4709433962264151,-1.389056603773585,0.0,0.008220797383483313,True,0.3277389359835203,-6.2626393e-05,0.32773893
left_mid,0.4774842767295598,-1.3825157232704404,0.0,0.00665604817223247,True,0.3277336834477591,-0.00014806726,0.32773365
left_mid,0.48402515723270445,-1.3759748427672958,0.0,0.008928941251179748,True,0.3277336834477591,-0.00014806726,0.32773365
left_mid,0.49056603773584906,-1.369433962264151,0.0,0.010824456300212233,True,0.3277580832528702,-0.00020362533,0.32775802
left_mid,0.4971069182389937,-1.3628930817610063,0.0,0.005979991177610395,True,0.3278693547772786,-9.8437967e-05,0.32786934
left_mid,0.5036477987421384,-1.3563522012578617,0.0,0.000602596495995405,True,0.3278693547772786,-9.8437967e-05,0.32786934
left_mid,0.510188679245283,-1.349811320754717,0.0,0.007108599447324926,True,0.3278693547772786,-9.8437967e-05,0.32786934
left_mid,0.5167295597484277,-1.3432704402515725,0.0,0.0036767320119965017,True,0.32799331701450657,-6.7833786e-05,0.32799331
left_mid,0.5232704402515723,-1.3367295597484277,0.0,0.007092826993944525,True,0.32799331701450657,-6.7833786e-05,0.32799331
left_mid,0.529811320754717,-1.330188679245283,0.0,0.007202441855264865,True,0.32812817058101695,1.9526804e-05,0.32812817
left_mid,0.5363522012578616,-1.3236477987421384,0.0,0.005451392329475231,True,0.32833817097929185,2.5358979e-05,0.32833817
left_mid,0.5428930817610063,-1.3171069182389938,0.0,0.004050620881106465,True,0.32833817097929185,2.5358979e-05,0.32833817
left_mid,0.549433962264151,-1.3105660377358492,0.0,0.009416135949947014,True,0.32833817097929185,2.5358979e-05,0.32833817
left_mid,0.5559748427672956,-1.3040251572327044,0.0,0.011790143401561119,True,0.3280906138945138,-9.5484653e-05,0.3280906
left_mid,0.5625157232704403,-1.2974842767295598,0.0,0.0055894837390098205,True,0.3280906138945138,-9.5484653e-05,0.3280906
left_mid,0.5690566037735849,-1.2909433962264152,0.0,0.0030072264664919635,True,0.3280906138945138,-9.5484653e-05,0.3280906
left_mid,0.5755974842767295,-1.2844025157232706,0.0,0.007223309186330243,True,0.32773982789069483,-0.00010829121,0.32773981
left_mid,0.5821383647798742,-1.277861635220126,0.0,0.005523276144444207,True,0.32773982789069483,-0.00010829121,0.32773981
left_mid,0.5886792452830188,-1.2713207547169811,0.0,0.004397540535694327,True,0.32870354076497504,-8.4124733e-05,0.32870353
left_mid,0.5952201257861636,-1.2647798742138365,0.0,0.007126205333897595,True,0.32870354076497504,-8.4124733e-05,0.32870353
left_mid,0.6017610062893082,-1.258238993710692,0.0,0.00135263276608802,True,0.330093646115834,-0.00033116089,0.33009348
left_mid,0.6083018867924528,-1.2516981132075473,0.0,0.005516537546389052,True,0.330093646115834,-0.00033116089,0.33009348
left_mid,0.6148427672955975,-1.2451572327044027,0.0,0.01008288436966259,True,0.3327372269078225,0.000278925,0.33273711
left_mid,0.6213836477987421,-1.2386163522012579,0.0,0.008120122516145377,True,0.33640431851343766,-0.00047013463,0.33640399
left_mid,0.6279245283018869,-1.232075471698113,0.0,0.002584968348517684,True,0.33662309419543185,0.00030057702,0.33662296
left_mid,0.6344654088050315,-1.2255345911949687,0.0,0.0052366766237926556,True,0.33662309419543185,0.00030057702,0.33662296
left_mid,0.6410062893081762,-1.2189937106918238,0.0,0.0015129247286570628,True,0.3128015252756252,-0.00035835878,0.31280132
left_mid,0.6475471698113209,-1.2124528301886792,0.0,0.006009671000829301,True,0.3128015252756252,-0.00035835878,0.31280132
left_mid,0.6540880503144655,-1.2059119496855346,0.0,0.010771157910190904,True,0.21066377690976426,-0.00019135692,0.21066369
left_mid,0.6606289308176102,-1.1993710691823898,0.0,0.01573670175756391,True,0.21066377690976426,-0.00019135692,0.21066369
left_mid,0.6671698113207548,-1.1928301886792454,0.0,0.021560054665969303,True,0.21066377690976426,-0.00019135692,0.21066369
left_mid,0.6737106918238994,-1.1862893081761006,0.0,0.027705493457173918,True,0.21066377690976426,-0.00019135692,0.21066369
left_mid,0.6802515723270441,-1.179748427672956,0.0,0.033998809004496824,True,0.21066377690976426,-0.00019135692,0.21066369
left_mid,0.6867924528301887,-1.1732075471698113,0.0,0.040370904067853576,True,0.21066377690976426,-0.00019135692,0.21066369
left_mid,0.6933333333333335,-1.1666666666666665,0.0,0.04678960367752941,True,0.21066377690976426,-0.00019135692,0.21066369
left_mid,0.6998742138364781,-1.1601257861635221,0.0,0.05323805372905272,True,0.21066377690976426,-0.00019135692,0.21066369
left_mid,0.7064150943396227,-1.1535849056603773,0.0,0.05970661565461248,True,0.21066377690976426,-0.00019135692,0.21066369
left_mid,0.7129559748427674,-1.1470440251572327,0.0,0.06618939323268147,False,nan,nan,nan
left_mid,0.719496855345912,-1.140503144654088,0.0,0.0726825827527221,False,nan,nan,nan
left_mid,0.7260377358490567,-1.1339622641509433,0.0,0.07918362286618948,False,nan,nan,nan
left_mid,0.7325786163522013,-1.1274213836477989,0.0,0.08569072680480844,False,nan,nan,nan
left_mid,0.7391194968553461,-1.120880503144654,0.0,0.092202610732943,False,nan,nan,nan
left_mid,0.7456603773584907,-1.1143396226415094,0.0,0.09871832872935865,False,nan,nan,nan
left_mid,0.7522012578616353,-1.1077987421383648,0.0,0.10523716864196628,False,nan,nan,nan
left_mid,0.75874213836478,-1.10125786163522,0.0,0.11175858417119675,False,nan,nan,nan
left_mid,0.7652830188679246,-1.0947169811320756,0.0,0.11828214930257236,False,nan,nan,nan
left_mid,0.7718238993710693,-1.0881761006289308,0.0,0.12480752696385948,False,nan,nan,nan
left_mid,0.7783647798742139,-1.0816352201257862,0.0,0.13133444698762692,False,nan,nan,nan
left_mid,0.7849056603773585,-1.0750943396226416,0.0,0.13786269031093906,False,nan,nan,nan
left_mid,0.7914465408805033,-1.0685534591194967,0.0,0.14439207744716087,False,nan,nan,nan
left_mid,0.7979874213836479,-1.0620125786163523,0.0,0.15092245994137723,False,nan,nan,nan
left_mid,0.8045283018867926,-1.0554716981132075,0.0,0.15745371394641441,False,nan,nan,nan
left_mid,0.8110691823899372,-1.048930817610063,0.0,0.16398573533022545,False,nan,nan,nan
left_mid,0.8176100628930818,-1.0423899371069183,0.0,0.17051843590527985,False,nan,nan,nan
left_mid,0.8241509433962265,-1.0358490566037735,0.0,0.17705174049097688,False,nan,nan,nan
left_mid,0.8306918238993711,-1.029308176100629,0.0,0.18358558460210894,False,nan,nan,nan
left_mid,0.8372327044025158,-1.0227672955974842,0.0,0.19011991261313207,False,nan,nan,nan
left_mid,0.8437735849056605,-1.0162264150943396,0.0,0.1966546762878132,False,nan,nan,nan
left_mid,0.8503144654088051,-1.009685534591195,0.0,0.20318983359217815,False,nan,nan,nan
left_mid,0.8568553459119498,-1.0031446540880502,0.0,0.20972534772907744,False,nan,nan,nan
left_mid,0.8633962264150944,-0.9966037735849057,0.0,0.21626118634757494,False,nan,nan,nan
left_mid,0.8699371069182391,-0.990062893081761,0.0,0.22279732089132387,False,nan,nan,nan
left_mid,0.8764779874213837,-0.9835220125786164,0.0,0.22933372605823887,False,nan,nan,nan
left_mid,0.8830188679245283,-0.9769811320754718,0.0,0.23587037934991326,False,nan,nan,nan
left_mid,0.889559748427673,-0.970440251572327,0.0,0.24240726069386104,False,nan,nan,nan
left_mid,0.8961006289308177,-0.9638993710691824,0.0,0.24894435212521654,False,nan,nan,nan
left_mid,0.9026415094339624,-0.9573584905660377,0.0,0.25548163751725683,False,nan,nan,nan
left_mid,0.909182389937107,-0.9508176100628931,0.0,0.26201910235222736,False,nan,nan,nan
left_mid,0.9157232704402516,-0.9442767295597485,0.0,0.26855673352561427,False,nan,nan,nan
left_mid,0.9222641509433963,-0.9377358490566038,0.0,0.2750927966439244,False,nan,nan,nan
left_mid,0.9288050314465409,-0.9311949685534592,0.0,0.28162850155689834,False,nan,nan,nan
left_mid,0.9353459119496856,-0.9246540880503145,0.0,0.28816444133255786,False,nan,nan,nan
left_mid,0.9418867924528302,-0.9181132075471699,0.0,0.2947006003443821,False,nan,nan,nan
left_mid,0.9484276729559749,-0.9115723270440252,0.0,0.3012369643215887,False,nan,nan,nan
left_mid,0.9549685534591196,-0.9050314465408805,0.0,0.30777352020527343,False,nan,nan,nan
left_mid,0.9615094339622642,-0.8984905660377359,0.0,0.31431025602248236,False,nan,nan,nan
left_mid,0.9680503144654089,-0.8919496855345912,0.0,0.32084716077566255,False,nan,nan,nan
left_mid,0.9745911949685535,-0.8854088050314466,0.0,0.32738422434534326,False,nan,nan,nan
left_mid,0.9811320754716981,-0.878867924528302,0.0,0.333921437404239,False,nan,nan,nan
left_mid,0.9876729559748428,-0.8723270440251573,0.0,0.34045879134123863,False,nan,nan,nan
left_mid,0.9942138364779874,-0.8657861635220127,0.0,0.34699627819397977,False,nan,nan,nan
left_mid,1.0007547169811322,-0.8592452830188679,0.0,0.3535338905888987,False,nan,nan,nan
left_mid,1.0072955974842768,-0.8527044025157233,0.0,0.36007162168780504,False,nan,nan,nan
left_mid,1.0138364779874214,-0.8461635220125787,0.0,0.3666094651401693,False,nan,nan,nan
left_mid,1.020377358490566,-0.8396226415094341,0.0,0.37314741504042215,False,nan,nan,nan
left_mid,1.0269182389937108,-0.8330817610062893,0.0,0.37968546588966257,False,nan,nan,nan
left_mid,1.0334591194968554,-0.8265408805031447,0.0,0.3862236125612517,False,nan,nan,nan
left_mid,1.04,-0.8200000000000001,0.0,0.3927618502698428,False,nan,nan,nan
right_mid,0.0,0.86,0.0,0.35440013170734913,False,nan,nan,nan
right_mid,0.009056603773584906,0.8690566037735848,0.0,0.34534593620384946,False,nan,nan,nan
right_mid,0.018113207547169812,0.8781132075471698,0.0,0.3362918703963322,False,nan,nan,nan
right_mid,0.02716981132075472,0.8871698113207547,0.0,0.32723794505013803,False,nan,nan,nan
right_mid,0.036226415094339624,0.8962264150943396,0.0,0.31818417215574096,False,nan,nan,nan
right_mid,0.045283018867924525,0.9052830188679245,0.0,0.3091305651081024,False,nan,nan,nan
right_mid,0.05433962264150944,0.9143396226415095,0.0,0.3000771389184765,False,nan,nan,nan
right_mid,0.06339622641509435,0.9233962264150943,0.0,0.29102391046573134,False,nan,nan,nan
right_mid,0.07245283018867925,0.9324528301886792,0.0,0.281970898796058,False,nan,nan,nan
right_mid,0.08150943396226415,0.9415094339622642,0.0,0.2729181254822973,False,nan,nan,nan
right_mid,0.09056603773584905,0.950566037735849,0.0,0.263865615057189,False,nan,nan,nan
right_mid,0.09962264150943395,0.959622641509434,0.0,0.2548133955389113,False,nan,nan,nan
right_mid,0.10867924528301888,0.9686792452830189,0.0,0.24576149907268666,False,nan,nan,nan
right_mid,0.11773584905660378,0.9777358490566037,0.0,0.23670996271948946,False,nan,nan,nan
right_mid,0.1267924528301887,0.9867924528301887,0.0,0.22765882943275753,False,nan,nan,nan
right_mid,0.13584905660377358,0.9958490566037735,0.0,0.21860814927753303,False,nan,nan,nan
right_mid,0.1449056603773585,1.0049056603773585,0.0,0.20955798096523623,False,nan,nan,nan
right_mid,0.15396226415094338,1.0139622641509434,0.0,0.2005083938036708,False,nan,nan,nan
right_mid,0.1630188679245283,1.0230188679245282,0.0,0.19145947019944712,False,nan,nan,nan
right_mid,0.1720754716981132,1.0320754716981133,0.0,0.1824113089043587,False,nan,nan,nan
right_mid,0.1811320754716981,1.0411320754716982,0.0,0.17336402927704833,False,nan,nan,nan
right_mid,0.19018867924528302,1.050188679245283,0.0,0.16431777695054356,False,nan,nan,nan
right_mid,0.1992452830188679,1.059245283018868,0.0,0.1552727314778333,False,nan,nan,nan
right_mid,0.20830188679245282,1.0683018867924527,0.0,0.1462291168099893,False,nan,nan,nan
right_mid,0.21735849056603776,1.0773584905660378,0.0,0.1371872159105761,False,nan,nan,nan
right_mid,0.22641509433962267,1.0864150943396227,0.0,0.12814739154342564,False,nan,nan,nan
right_mid,0.23547169811320756,1.0954716981132075,0.0,0.11911011650274074,False,nan,nan,nan
right_mid,0.24452830188679248,1.1045283018867924,0.0,0.11007601869177652,False,nan,nan,nan
right_mid,0.2535849056603774,1.1135849056603773,0.0,0.10104595030277867,False,nan,nan,nan
right_mid,0.26264150943396225,1.1226415094339623,0.0,0.09202109756992842,False,nan,nan,nan
right_mid,0.27169811320754716,1.1316981132075472,0.0,0.08300316179026206,False,nan,nan,nan
right_mid,0.2807547169811321,1.140754716981132,0.0,0.07399467197177088,False,nan,nan,nan
right_mid,0.289811320754717,1.149811320754717,0.0,0.06499955566819636,False,nan,nan,nan
right_mid,0.2988679245283019,1.1588679245283018,0.0,0.05602425490570455,True,0.05588413324072977,0.00048090661,0.055882064
right_mid,0.30792452830188677,1.1679245283018869,0.0,0.04708010388942622,True,0.05588413324072977,0.00048090661,0.055882064
right_mid,0.3169811320754717,1.1769811320754717,0.0,0.03818899541179919,True,0.05588413324072977,0.00048090661,0.055882064
right_mid,0.3260377358490566,1.1860377358490566,0.0,0.029399093569514954,True,0.05588413324072977,0.00048090661,0.055882064
right_mid,0.3350943396226415,1.1950943396226414,0.0,0.020838862221320892,True,0.05588413324072977,0.00048090661,0.055882064
right_mid,0.3441509433962264,1.2041509433962263,0.0,0.012971268190609488,True,0.05588413324072977,0.00048090661,0.055882064
right_mid,0.3532075471698113,1.2132075471698114,0.0,0.006799980091858728,True,0.08519492592535055,-0.0002646079,0.085194515
right_mid,0.3622641509433962,1.2222641509433962,0.0,0.002917328658441707,True,0.08519492592535055,-0.0002646079,0.085194515
right_mid,0.3713207547169811,1.231320754716981,0.0,0.0019014549028139476,True,0.09254448764044886,0.00040964415,0.092543581
right_mid,0.38037735849056603,1.240377358490566,0.0,0.00814138966931288,True,0.09308280501398704,0.0004446452,0.093081743
right_mid,0.38943396226415095,1.2494339622641508,0.0,0.0016070469088865253,True,0.0908267493291093,0.0016749506,0.090811304
right_mid,0.3984905660377358,1.258490566037736,0.0,0.003722915716545219,True,0.08843990574142047,0.0017879402,0.088421831
right_mid,0.4075471698113207,1.2675471698113208,0.0,0.005339087943222626,True,0.08843990574142047,0.0017879402,0.088421831
right_mid,0.41660377358490563,1.2766037735849056,0.0,0.012387325556896995,True,0.08697206902828068,0.0027895306,0.086927322
right_mid,0.42566037735849055,1.2856603773584905,0.0,0.00562570528713064,True,0.08697206902828068,0.0027895306,0.086927322
right_mid,0.4347169811320755,1.2947169811320756,0.0,0.008596245071318752,True,0.08697206902828068,0.0027895306,0.086927322
right_mid,0.44377358490566043,1.3037735849056604,0.0,0.007350046509952566,True,0.08632608160329157,0.0034400314,0.086257513
right_mid,0.45283018867924535,1.3128301886792453,0.0,0.004155650975895678,True,0.08632608160329157,0.0034400314,0.086257513
right_mid,0.4618867924528302,1.3218867924528301,0.0,0.008508003597981366,True,0.08632759104929685,0.0039986847,0.086234932
right_mid,0.4709433962264151,1.3309433962264152,0.0,0.001393194319718813,True,0.08554447760947347,0.0039987572,0.085450966
right_mid,0.48000000000000004,1.34,0.0,0.00703344040162537,True,0.08525156118297199,0.0045483257,0.085130144
right_mid,0.48905660377358495,1.349056603773585,0.0,0.004770896749036662,True,0.08437377748240109,0.0044819199,0.084254654
right_mid,0.49811320754716987,1.3581132075471698,0.0,0.004647244244955898,True,0.08437377748240109,0.0044819199,0.084254654
right_mid,0.5071698113207548,1.3671698113207547,0.0,0.004299793005776954,True,0.08388268642415637,0.0049934508,0.083733927
right_mid,0.5162264150943396,1.3762264150943397,0.0,0.003488293046138988,True,0.08314258221164411,0.0049279379,0.082996412
right_mid,0.5252830188679245,1.3852830188679244,0.0,0.003011520603556931,True,0.08283866237550053,0.0054582255,0.082658646
right_mid,0.5343396226415095,1.3943396226415095,0.0,0.006662747054922709,True,0.08283866237550053,0.0054582255,0.082658646
right_mid,0.5433962264150943,1.4033962264150943,0.0,0.007448316176900176,True,0.08211833196647632,0.0053662216,0.08194281
right_mid,0.5524528301886793,1.4124528301886792,0.0,0.0016700376083211026,True,0.08175578235471916,0.0059733489,0.081537274
right_mid,0.5615094339622642,1.4215094339622643,0.0,0.007706297950956362,True,0.08097415683158599,0.0058564016,0.080762099
right_mid,0.570566037735849,1.430566037735849,0.0,0.004209090725896392,True,0.08061786528443046,0.0063790305,0.080365093
right_mid,0.579622641509434,1.439622641509434,0.0,0.005949120132967748,True,0.08061786528443046,0.0063790305,0.080365093
right_mid,0.5886792452830188,1.4486792452830188,0.0,0.009089941980644717,True,0.07933804720804617,0.0070366707,0.079025382
right_mid,0.5977358490566038,1.4577358490566037,0.0,0.0014041359340452593,True,0.07933804720804617,0.0070366707,0.079025382
right_mid,0.6067924528301887,1.4667924528301888,0.0,0.007629749636236955,True,0.07848754666605443,0.0068938656,0.078184203
right_mid,0.6158490566037735,1.4758490566037734,0.0,0.00596401445918342,True,0.0779489516703034,0.0074133381,0.077595628
right_mid,0.6249056603773585,1.4849056603773585,0.0,0.003093090229267857,True,0.0779489516703034,0.0074133381,0.077595628
right_mid,0.6339622641509434,1.4939622641509434,0.0,0.007666470744141081,True,0.07718866803866326,0.0072697951,0.076845563
right_mid,0.6430188679245283,1.5030188679245282,0.0,0.0037778732594369847,True,0.0765858788866017,0.0077662801,0.076191087
right_mid,0.6520754716981132,1.5120754716981133,0.0,0.005674844052681446,True,0.0765858788866017,0.0077662801,0.076191087
right_mid,0.661132075471698,1.521132075471698,0.0,0.01037169165930182,True,0.07570568940414214,0.0074963925,0.075333628
right_mid,0.670188679245283,1.530188679245283,0.0,0.004277274124792984,True,0.07509999303475788,0.0079360058,0.074679507
right_mid,0.6792452830188679,1.5392452830188679,0.0,0.008919790171763621,True,0.07509999303475788,0.0079360058,0.074679507
right_mid,0.6883018867924529,1.5483018867924527,0.0,0.010939469729019236,True,0.07367493906972832,0.007973542,0.073242196
right_mid,0.6973584905660377,1.5573584905660378,0.0,0.007234984481262995,True,0.07367493906972832,0.007973542,0.073242196
right_mid,0.7064150943396226,1.5664150943396224,0.0,0.011400797840385203,True,0.0738239951429079,0.0089535807,0.073279026
right_mid,0.7154716981132075,1.5754716981132075,0.0,0.009744995178523225,True,0.07222913833205394,0.0089054803,0.071678036
right_mid,0.7245283018867924,1.5845283018867924,0.0,0.005178747106731326,True,0.07222913833205394,0.0089054803,0.071678036
right_mid,0.7335849056603774,1.5935849056603772,0.0,0.01107781819605911,True,0.07222913833205394,0.0089054803,0.071678036
right_mid,0.7426415094339622,1.6026415094339623,0.0,0.007888546124241256,True,0.07084109425504945,0.0089020408,0.070279544
right_mid,0.7516981132075471,1.611698113207547,0.0,0.003252344134305831,True,0.07084109425504945,0.0089020408,0.070279544
right_mid,0.7607547169811321,1.620754716981132,0.0,0.009824048736017329,True,0.07037952034709344,0.0092859323,0.069764234
right_mid,0.7698113207547169,1.629811320754717,0.0,0.006509043033582926,True,0.06953302997406963,0.009073673,0.068938456
right_mid,0.7788679245283019,1.6388679245283018,0.0,0.002676419461652505,True,0.06953302997406963,0.009073673,0.068938456
right_mid,0.7879245283018868,1.6479245283018868,0.0,0.008052367920452679,True,0.06838813631281086,0.0092382671,0.067761284
right_mid,0.7969811320754716,1.6569811320754715,0.0,0.0037446435190166883,True,0.06857626159019363,0.009013458,0.06798133
right_mid,0.8060377358490566,1.6660377358490566,0.0,0.005383555364557792,True,0.06857626159019363,0.009013458,0.06798133
right_mid,0.8150943396226414,1.6750943396226414,0.0,0.0013186887142066276,True,0.067380651519671,0.0091626825,0.066754756
right_mid,0.8241509433962264,1.6841509433962263,0.0,0.009809271379746402,True,0.067380651519671,0.0091626825,0.066754756
right_mid,0.8332075471698113,1.6932075471698114,0.0,0.011611197868733434,True,0.06546166237029598,0.009159075,0.064817749
right_mid,0.8422641509433961,1.702264150943396,0.0,0.0031707110074735713,True,0.06546166237029598,0.009159075,0.064817749
right_mid,0.8513207547169811,1.711320754716981,0.0,0.007023606229165273,True,0.06546166237029598,0.009159075,0.064817749
right_mid,0.860377358490566,1.720377358490566,0.0,0.008131432827598305,True,0.06449227886946102,0.0093492254,0.063811018
right_mid,0.869433962264151,1.729433962264151,0.0,0.003647540738217059,True,0.06383451785239382,0.0088982791,0.063211283
right_mid,0.8784905660377359,1.7384905660377359,0.0,0.005886759875466197,True,0.06383451785239382,0.0088982791,0.063211283
right_mid,0.8875471698113209,1.747547169811321,0.0,0.005873629704794016,True,0.06328998756932432,0.0091903864,0.062619161
right_mid,0.8966037735849057,1.7566037735849056,0.0,0.006257172475449488,True,0.06281085703525813,0.0089543374,0.062169314
right_mid,0.9056603773584907,1.7656603773584907,0.0,0.005348650763332234,True,0.06281085703525813,0.0089543374,0.062169314
right_mid,0.9147169811320756,1.7747169811320755,0.0,0.004326600743917827,True,0.06205665343909803,0.0091128387,0.06138391
right_mid,0.9237735849056604,1.7837735849056604,0.0,0.0077623812481040074,True,0.06205665343909803,0.0091128387,0.06138391
right_mid,0.9328301886792454,1.7928301886792455,0.0,0.006182244648674966,True,0.06126052886326863,0.0086432405,0.060647727
right_mid,0.9418867924528302,1.8018867924528301,0.0,0.0045271571958023634,True,0.060361852526863255,0.0087855721,0.059719067
right_mid,0.9509433962264152,1.8109433962264152,0.0,0.004978742806833547,True,0.060361852526863255,0.0087855721,0.059719067
right_mid,0.9600000000000001,1.82,0.0,0.008166579708124766,True,0.05975105661736776,0.0083168529,0.059169407
right_mid,0.9690566037735849,1.829056603773585,0.0,0.006581317661730316,True,0.05899226278201368,0.0084288235,0.058387002
right_mid,0.9781132075471699,1.83811320754717,0.0,0.0025616687098425775,True,0.05899226278201368,0.0084288235,0.058387002
right_mid,0.9871698113207548,1.8471698113207546,0.0,0.010570207400378735,True,0.05835068159043841,0.0079852374,0.057801713
right_mid,0.9962264150943397,1.8562264150943397,0.0,0.009580105123020391,True,0.05757049958758453,0.0081370622,0.056992549
right_mid,1.0052830188679245,1.8652830188679244,0.0,0.0022774375405035818,True,0.05757049958758453,0.0081370622,0.056992549
right_mid,1.0143396226415096,1.8743396226415094,0.0,0.009090609064143681,True,0.05757049958758453,0.0081370622,0.056992549
right_mid,1.0233962264150944,1.8833962264150945,0.0,0.012465073952362443,True,0.05698643936019743,0.0076889083,0.056465343
right_mid,1.0324528301886793,1.8924528301886792,0.0,0.0051156475833794525,True,0.056351235140586056,0.0078389165,0.055803343
right_mid,1.0415094339622641,1.9015094339622642,0.0,0.0071463737379253035,True,0.056351235140586056,0.0078389165,0.055803343
right_mid,1.050566037735849,1.9105660377358489,0.0,0.014093605016561636,True,0.055570103196842566,0.0073319489,0.055084289
right_mid,1.059622641509434,1.919622641509434,0.0,0.008750079510762935,True,0.05470674119745443,0.0073833453,0.054206215
right_mid,1.068679245283019,1.928679245283019,0.0,0.006379128566122102,True,0.05470674119745443,0.0073833453,0.054206215
right_mid,1.0777358490566038,1.9377358490566037,0.0,0.012994876486714966,True,0.05470674119745443,0.0073833453,0.054206215
right_mid,1.0867924528301887,1.9467924528301888,0.0,0.012641501371744534,True,0.053182085363251246,0.0067946068,0.052746256
right_mid,1.0958490566037735,1.9558490566037734,0.0,0.007539016809037548,True,0.053182085363251246,0.0067946068,0.052746256
right_mid,1.1049056603773586,1.9649056603773585,0.0,0.010858643367635961,True,0.053182085363251246,0.0067946068,0.052746256
right_mid,1.1139622641509435,1.9739622641509436,0.0,0.01638578527369778,True,0.05203920686434538,0.0063802309,0.051646604
right_mid,1.1230188679245283,1.9830188679245282,0.0,0.009877654623002784,True,0.05203920686434538,0.0063802309,0.051646604
right_mid,1.1320754716981132,1.9920754716981133,0.0,0.009522935812570838,True,0.05203920686434538,0.0063802309,0.051646604
right_mid,1.141132075471698,2.001132075471698,0.0,0.015743211106784394,True,0.05203920686434538,0.0063802309,0.051646604
right_mid,1.1501886792452831,2.010188679245283,0.0,0.013058228467373159,True,0.050723647857495495,0.0068729974,0.050255849
right_mid,1.159245283018868,2.019245283018868,0.0,0.008900515582073085,True,0.050723647857495495,0.0068729974,0.050255849
right_mid,1.1683018867924528,2.0283018867924527,0.0,0.012327415315903019,True,0.050723647857495495,0.0068729974,0.050255849
right_mid,1.1773584905660377,2.037358490566038,0.0,0.01556716470084181,True,0.049613465379337536,0.006376159,0.049202038
right_mid,1.1864150943396226,2.0464150943396224,0.0,0.008332443350852111,True,0.049613465379337536,0.006376159,0.049202038
right_mid,1.1954716981132076,2.0554716981132075,0.0,0.007782464352029018,True,0.049613465379337536,0.006376159,0.049202038
right_mid,1.2045283018867925,2.0645283018867926,0.0,0.014366540896955762,True,0.04854700747177773,0.0064418953,0.048117709
right_mid,1.2135849056603774,2.0735849056603772,0.0,0.01113143723962329,True,0.04833026823027962,0.0057898738,0.047982207
right_mid,1.2226415094339622,2.0826415094339623,0.0,0.0033858603915472227,True,0.04833026823027962,0.0057898738,0.047982207
right_mid,1.231698113207547,2.091698113207547,0.0,0.007941243604489726,True,0.04833026823027962,0.0057898738,0.047982207
right_mid,1.2407547169811322,2.100754716981132,0.0,0.01042121015697069,True,0.0475632098576839,0.0056947468,0.047221063
right_mid,1.249811320754717,2.109811320754717,0.0,0.008432743758063787,True,0.04723356155406438,0.0053419366,0.046930513
right_mid,1.2588679245283019,2.1188679245283017,0.0,0.0006545285235972502,True,0.04723356155406438,0.0053419366,0.046930513
right_mid,1.2679245283018867,2.127924528301887,0.0,0.009684512982626674,True,0.04723356155406438,0.0053419366,0.046930513
right_mid,1.2769811320754716,2.1369811320754715,0.0,0.009257319054824872,True,0.04695222076086619,0.0052194721,0.046661206
right_mid,1.2860377358490567,2.1460377358490565,0.0,0.005794122577473044,True,0.046322787209743636,0.004680642,0.046085705
right_mid,1.2950943396226415,2.1550943396226416,0.0,0.0033051150120787793,True,0.046322787209743636,0.004680642,0.046085705
right_mid,1.3041509433962264,2.1641509433962263,0.0,0.012341793138226483,True,0.046322787209743636,0.004680642,0.046085705
right_mid,1.3132075471698113,2.1732075471698113,0.0,0.012524869882417033,True,0.04530060087256218,0.0048113117,0.045044375
right_mid,1.322264150943396,2.182264150943396,0.0,0.005514513909524904,True,0.044597792625245394,0.0041714604,0.044402275
right_mid,1.3313207547169812,2.191320754716981,0.0,0.006480154742610206,True,0.044597792625245394,0.0041714604,0.044402275
right_mid,1.340377358490566,2.200377358490566,0.0,0.014751918219046447,True,0.044597792625245394,0.0041714604,0.044402275
right_mid,1.349433962264151,2.209433962264151,0.0,0.013323351749465086,True,0.0436897953914869,0.0037930949,0.043524828
right_mid,1.3584905660377358,2.218490566037736,0.0,0.006839251010553833,True,0.0436897953914869,0.0037930949,0.043524828
right_mid,1.3675471698113206,2.2275471698113205,0.0,0.008948918971259842,True,0.0436897953914869,0.0037930949,0.043524828
right_mid,1.3766037735849057,2.2366037735849056,0.0,0.013947352536208123,True,0.04253687746000921,0.0038644747,0.04236097
right_mid,1.3856603773584906,2.2456603773584907,0.0,0.007071514579323949,True,0.04263427152375823,0.0032179214,0.042512658
right_mid,1.3947169811320754,2.2547169811320753,0.0,0.003652559074692008,True,0.04263427152375823,0.0032179214,0.042512658
right_mid,1.4037735849056603,2.2637735849056604,0.0,0.00860094172709215,True,0.04231167326421228,0.0037135894,0.042148392
right_mid,1.4128301886792451,2.272830188679245,0.0,0.007054106051937248,True,0.04231167326421228,0.0037135894,0.042148392
right_mid,1.4218867924528302,2.28188679245283,0.0,0.010513741733134388,True,0.04311582490595494,0.0029895334,0.043012057
right_mid,1.430943396226415,2.290943396226415,0.0,0.015356991968926006,True,0.04333742300522382,0.0027007974,0.043253184
right_mid,1.44,2.3,0.0,0.008127606973100963,True,0.04159004749226524,0.0019074641,0.041546283
top_slot,0.0,0.3,1.94,0.019815694803425432,True,0.14415646781254943,-0.11081586,0.092200501
top_slot,0.0008805031446540875,0.3,1.9391194968553458,0.02028311972309285,True,0.14415646781254943,-0.11081586,0.092200501
top_slot,0.001761006289308175,0.3,1.9382389937106919,0.02077736033368101,True,0.14415646781254943,-0.11081586,0.092200501
top_slot,0.0026415094339622626,0.3,1.9373584905660377,0.0212965497380543,True,0.14415646781254943,-0.11081586,0.092200501
top_slot,0.00352201257861635,0.3,1.9364779874213836,0.021838908641017573,True,0.14415646781254943,-0.11081586,0.092200501
top_slot,0.0044025157232704375,0.3,1.9355974842767296,0.022402754341631487,True,0.14415646781254943,-0.11081586,0.092200501
top_slot,0.005283018867924525,0.3,1.9347169811320755,0.02298650571808953,True,0.14415646781254943,-0.11081586,0.092200501
top_slot,0.006163522012578613,0.3,1.9338364779874213,0.023588684993859424,True,0.14415646781254943,-0.11081586,0.092200501
top_slot,0.0070440251572327,0.3,1.9329559748427672,0.024207917009251054,True,0.14415646781254943,-0.11081586,0.092200501
top_slot,0.007924528301886787,0.3,1.9320754716981132,0.024842926632937752,True,0.14415646781254943,-0.11081586,0.092200501
top_slot,0.008805031446540875,0.3,1.931194968553459,0.02549253484900567,True,0.14415646781254943,-0.11081586,0.092200501
top_slot,0.009685534591194962,0.3,1.930314465408805,0.02615565395744295,True,0.14415646781254943,-0.11081586,0.092200501
top_slot,0.01056603773584905,0.3,1.929433962264151,0.02683128223605268,True,0.14415646781254943,-0.11081586,0.092200501
top_slot,0.011446540880503137,0.3,1.9285534591194968,0.0275184983328566,True,0.14415646781254943,-0.11081586,0.092200501
top_slot,0.012327044025157226,0.3,1.9276729559748427,0.02821645559129705,True,0.14415646781254943,-0.11081586,0.092200501
top_slot,0.013207547169811313,0.3,1.9267924528301887,0.02892437645570475,True,0.14415646781254943,-0.11081586,0.092200501
top_slot,0.0140880503144654,0.3,1.9259119496855346,0.029641547060545226,True,0.14415646781254943,-0.11081586,0.092200501
top_slot,0.014968553459119486,0.3,1.9250314465408804,0.030367312072509797,True,0.14415646781254943,-0.11081586,0.092200501
top_slot,0.015849056603773573,0.3,1.9241509433962263,0.031101069828084256,True,0.14415646781254943,-0.11081586,0.092200501
top_slot,0.01672955974842766,0.3,1.9232704402515723,0.03184226778935549,True,0.14415646781254943,-0.11081586,0.092200501
top_slot,0.01761006289308175,0.3,1.9223899371069182,0.03259039832622766,True,0.14415646781254943,-0.11081586,0.092200501
top_slot,0.018490566037735835,0.3,1.921509433962264,0.0333449948227741,True,0.14415646781254943,-0.11081586,0.092200501
top_slot,0.019371069182389924,0.3,1.92062893081761,0.03410562809823268,True,0.14415646781254943,-0.11081586,0.092200501
top_slot,0.02025157232704401,0.3,1.919748427672956,0.03487190312837241,True,0.14415646781254943,-0.11081586,0.092200501
top_slot,0.0211320754716981,0.3,1.9188679245283018,0.035643456050020075,True,0.14415646781254943,-0.11081586,0.092200501
top_slot,0.02201257861635219,0.3,1.9179874213836479,0.03641995142995544,True,0.14415646781254943,-0.11081586,0.092200501
top_slot,0.022893081761006275,0.3,1.9171069182389937,0.03720107977877012,True,0.14415646781254943,-0.11081586,0.092200501
top_slot,0.023773584905660363,0.3,1.9162264150943396,0.03798655529036579,True,0.14415646781254943,-0.11081586,0.092200501
top_slot,0.02465408805031445,0.3,1.9153459119496854,0.038776113788324726,True,0.14415646781254943,-0.11081586,0.092200501
top_slot,0.025534591194968537,0.3,1.9144654088050315,0.03956951086123851,True,0.14415646781254943,-0.11081586,0.092200501
top_slot,0.026415094339622625,0.3,1.9135849056603773,0.04036652017013288,True,0.14415646781254943,-0.11081586,0.092200501
top_slot,0.027295597484276714,0.3,1.9127044025157232,0.041166931912268,True,0.14415646781254943,-0.11081586,0.092200501
top_slot,0.0281761006289308,0.3,1.9118238993710692,0.04197055142678433,True,0.14415646781254943,-0.11081586,0.092200501
top_slot,0.029056603773584887,0.3,1.910943396226415,0.04277719792883699,True,0.14415646781254943,-0.11081586,0.092200501
top_slot,0.029937106918238972,0.3,1.910062893081761,0.043586703360003434,True,0.14415646781254943,-0.11081586,0.092200501
top_slot,0.03081761006289306,0.3,1.909182389937107,0.04439891134384319,True,0.14415646781254943,-0.11081586,0.092200501
top_slot,0.031698113207547146,0.3,1.9083018867924528,0.04521367623650469,True,0.14415646781254943,-0.11081586,0.092200501
top_slot,0.03257861635220124,0.3,1.9074213836477987,0.04590218121468714,True,0.1743455466847344,-0.12941658,0.11682345
top_slot,0.03345911949685532,0.3,1.9065408805031445,0.04653566990726556,True,0.1743455466847344,-0.12941658,0.11682345
top_slot,0.03433962264150941,0.3,1.9056603773584906,0.047177086374059415,True,0.1743455466847344,-0.12941658,0.11682345
top_slot,0.0352201257861635,0.3,1.9047798742138364,0.047826111647806466,True,0.1743455466847344,-0.12941658,0.11682345
top_slot,0.036100628930817585,0.3,1.9038993710691823,0.04848244015648272,True,0.1743455466847344,-0.12941658,0.11682345
top_slot,0.03698113207547167,0.3,1.9030188679245283,0.04914577930281381,True,0.1743455466847344,-0.12941658,0.11682345
top_slot,0.03786163522012576,0.3,1.9021383647798742,0.04981584903030705,True,0.1743455466847344,-0.12941658,0.11682345
top_slot,0.03874213836477985,0.3,1.90125786163522,0.050492381380910306,True,0.1743455466847344,-0.12941658,0.11682345
top_slot,0.03962264150943393,0.3,1.900377358490566,0.0511751200486694,True,0.1743455466847344,-0.12941658,0.11682345
top_slot,0.04050314465408802,0.3,1.899496855345912,0.0518638199330869,True,0.1743455466847344,-0.12941658,0.11682345
top_slot,0.04138364779874211,0.3,1.8986163522012578,0.052558246695291216,True,0.1743455466847344,-0.12941658,0.11682345
top_slot,0.0422641509433962,0.3,1.8977358490566036,0.05325817631960383,True,0.1743455466847344,-0.12941658,0.11682345
top_slot,0.043144654088050294,0.3,1.8968553459119497,0.05396339468262168,True,0.1743455466847344,-0.12941658,0.11682345
top_slot,0.04402515723270438,0.3,1.8959748427672956,0.05467369713153031,True,0.1743455466847344,-0.12941658,0.11682345
top_slot,0.044905660377358464,0.3,1.8950943396226414,0.05538888807300341,True,0.1743455466847344,-0.12941658,0.11682345
top_slot,0.04578616352201255,0.3,1.8942138364779875,0.05610878057374412,True,0.1743455466847344,-0.12941658,0.11682345
top_slot,0.04666666666666664,0.3,1.8933333333333333,0.05683319597345326,True,0.1743455466847344,-0.12941658,0.11682345
top_slot,0.047547169811320726,0.3,1.8924528301886792,0.05756196351078387,True,0.1743455466847344,-0.12941658,0.11682345
top_slot,0.04842767295597481,0.3,1.8915723270440252,0.058294919962653284,True,0.1743455466847344,-0.12941658,0.11682345
top_slot,0.0493081761006289,0.3,1.890691823899371,0.05903190929711663,True,0.1743455466847344,-0.12941658,0.11682345
top_slot,0.05018867924528299,0.3,1.889811320754717,0.05977278233986895,True,0.1743455466847344,-0.12941658,0.11682345
top_slot,0.05106918238993707,0.3,1.888930817610063,0.06051739645433503,False,nan,nan,nan
top_slot,0.051949685534591165,0.3,1.8880503144654088,0.061083341947845995,False,nan,nan,nan
top_slot,0.05283018867924525,0.3,1.8871698113207547,0.061651651030405936,False,nan,nan,nan
top_slot,0.053710691823899336,0.3,1.8862893081761005,0.06222722922971837,False,nan,nan,nan
top_slot,0.05459119496855343,0.3,1.8854088050314466,0.06280987670753982,False,nan,nan,nan
top_slot,0.05547169811320751,0.3,1.8845283018867924,0.06339939856181838,False,nan,nan,nan
top_slot,0.0563522012578616,0.3,1.8836477987421383,0.06399560481439125,False,nan,nan,nan
top_slot,0.05723270440251568,0.3,1.8827672955974843,0.06459831038575735,False,nan,nan,nan
top_slot,0.058113207547169775,0.3,1.8818867924528302,0.06520733505829746,False,nan,nan,nan
top_slot,0.05899371069182386,0.3,1.881006289308176,0.06582250342922988,False,nan,nan,nan
top_slot,0.059874213836477945,0.3,1.880125786163522,0.06644364485451082,False,nan,nan,nan
top_slot,0.06075471698113204,0.3,1.879245283018868,0.06707059338480059,False,nan,nan,nan
top_slot,0.06163522012578612,0.3,1.8783647798742138,0.06770318769453655,False,nan,nan,nan
top_slot,0.06251572327044021,0.3,1.8774842767295596,0.06834127100507807,False,nan,nan,nan
top_slot,0.06339622641509429,0.3,1.8766037735849057,0.06898469100280781,False,nan,nan,nan
top_slot,0.06427672955974838,0.3,1.8757232704402516,0.0696332997530042,False,nan,nan,nan
top_slot,0.06515723270440248,0.3,1.8748427672955974,0.07028695361022619,False,nan,nan,nan
top_slot,0.06603773584905656,0.3,1.8739622641509435,0.07094551312589055,False,nan,nan,nan
top_slot,0.06691823899371065,0.3,1.8730817610062893,0.07160884295365515,False,nan,nan,nan
top_slot,0.06779874213836473,0.3,1.8722012578616352,0.0722768117531624,False,nan,nan,nan
top_slot,0.06867924528301882,0.3,1.8713207547169812,0.07294929209264728,False,nan,nan,nan
top_slot,0.0695597484276729,0.3,1.870440251572327,0.0736261603508575,False,nan,nan,nan
top_slot,0.070440251572327,0.3,1.869559748427673,0.07430729661868668,False,nan,nan,nan
top_slot,0.07132075471698109,0.3,1.8686792452830188,0.0749925846008809,False,nan,nan,nan
top_slot,0.07220125786163517,0.3,1.8677987421383648,0.07568191151813318,False,nan,nan,nan
top_slot,0.07308176100628926,0.3,1.8669182389937107,0.07637516800984674,False,nan,nan,nan
top_slot,0.07396226415094334,0.3,1.8660377358490565,0.07707224803780921,False,nan,nan,nan
top_slot,0.07484276729559743,0.3,1.8651572327044026,0.07777304879099392,False,nan,nan,nan
top_slot,0.07572327044025152,0.3,1.8642767295597484,0.07847747059167091,False,nan,nan,nan
top_slot,0.07660377358490561,0.3,1.8633962264150943,0.0791854168029841,False,nan,nan,nan
top_slot,0.0774842767295597,0.3,1.8625157232704403,0.07989679373813148,False,nan,nan,nan
top_slot,0.07836477987421378,0.3,1.8616352201257862,0.08061151057125931,False,nan,nan,nan
top_slot,0.07924528301886787,0.3,1.860754716981132,0.08132947925016162,False,nan,nan,nan
top_slot,0.08012578616352195,0.3,1.8598742138364779,0.08205061441086338,False,nan,nan,nan
top_slot,0.08100628930817604,0.3,1.858993710691824,0.08277483329414415,False,nan,nan,nan
top_slot,0.08188679245283013,0.3,1.8581132075471698,0.0834767268032042,False,nan,nan,nan
top_slot,0.08276729559748422,0.3,1.8572327044025156,0.08407650990210021,False,nan,nan,nan
top_slot,0.0836477987421383,0.3,1.8563522012578617,0.08468120032471543,False,nan,nan,nan
top_slot,0.0845283018867924,0.3,1.8554716981132076,0.08529069369589354,False,nan,nan,nan
top_slot,0.08540880503144649,0.3,1.8545911949685534,0.08590488778523823,False,nan,nan,nan
top_slot,0.08628930817610059,0.3,1.8537106918238995,0.08652368248772979,False,nan,nan,nan
top_slot,0.08716981132075467,0.3,1.8528301886792453,0.08714697980226337,False,nan,nan,nan
top_slot,0.08805031446540876,0.3,1.8519496855345912,0.08777468380831807,False,nan,nan,nan
top_slot,0.08893081761006284,0.3,1.851069182389937,0.0884067006409572,False,nan,nan,nan
top_slot,0.08981132075471693,0.3,1.850188679245283,0.08904293846434365,False,nan,nan,nan
top_slot,0.09069182389937101,0.3,1.849308176100629,0.08968330744394677,False,nan,nan,nan
top_slot,0.0915723270440251,0.3,1.8484276729559748,0.09032771971760142,False,nan,nan,nan
top_slot,0.0924528301886792,0.3,1.8475471698113208,0.09097608936557508,False,nan,nan,nan
top_slot,0.09333333333333328,0.3,1.8466666666666667,0.09162833237978396,False,nan,nan,nan
top_slot,0.09421383647798737,0.3,1.8457861635220125,0.09228436663228894,False,nan,nan,nan
top_slot,0.09509433962264145,0.3,1.8449056603773586,0.09294411184319713,False,nan,nan,nan
top_slot,0.09597484276729554,0.3,1.8440251572327044,0.09360748954808198,False,nan,nan,nan
top_slot,0.09685534591194962,0.3,1.8431446540880503,0.09427442306502495,False,nan,nan,nan
top_slot,0.09773584905660372,0.3,1.8422641509433961,0.09494483746137981,False,nan,nan,nan
top_slot,0.0986163522012578,0.3,1.8413836477987422,0.09561865952034578,False,nan,nan,nan
top_slot,0.09949685534591189,0.3,1.840503144654088,0.09629581770743377,False,nan,nan,nan
top_slot,0.10037735849056598,0.3,1.8396226415094339,0.09697624213689822,False,nan,nan,nan
top_slot,0.10125786163522006,0.3,1.83874213836478,0.0976598645382061,False,nan,nan,nan
top_slot,0.10213836477987415,0.3,1.8378616352201258,0.09834661822260463,False,nan,nan,nan
top_slot,0.10301886792452823,0.3,1.8369811320754716,0.09903643804984213,False,nan,nan,nan
top_slot,0.10389937106918233,0.3,1.8361006289308177,0.09972926039509743,False,nan,nan,nan
top_slot,0.10477987421383642,0.3,1.8352201257861636,0.10034713198922703,False,nan,nan,nan
top_slot,0.1056603773584905,0.3,1.8343396226415094,0.10092918920303051,False,nan,nan,nan
top_slot,0.10654088050314459,0.3,1.8334591194968555,0.10151554629451774,False,nan,nan,nan
top_slot,0.10742138364779867,0.3,1.8325786163522013,0.1021061291859756,False,nan,nan,nan
top_slot,0.10830188679245276,0.3,1.8316981132075472,0.10270086497584816,False,nan,nan,nan
top_slot,0.10918238993710686,0.3,1.830817610062893,0.10329968193468526,False,nan,nan,nan
top_slot,0.11006289308176094,0.3,1.829937106918239,0.1039025095000229,False,nan,nan,nan
top_slot,0.11094339622641503,0.3,1.829056603773585,0.10450927827027168,False,nan,nan,nan
top_slot,0.11182389937106911,0.3,1.8281761006289308,0.10511991999768312,False,nan,nan,nan
top_slot,0.1127044025157232,0.3,1.8272955974842768,0.10573436758046545,False,nan,nan,nan
top_slot,0.11358490566037728,0.3,1.8264150943396227,0.10635255505411324,False,nan,nan,nan
top_slot,0.11446540880503137,0.3,1.8255345911949685,0.10697441758201297,False,nan,nan,nan
top_slot,0.11534591194968546,0.3,1.8246540880503144,0.10759989144538704,False,nan,nan,nan
top_slot,0.11622641509433955,0.3,1.8237735849056604,0.10822891403263141,False,nan,nan,nan
top_slot,0.11710691823899363,0.3,1.8228930817610063,0.10886142382810308,False,nan,nan,nan
top_slot,0.11798742138364772,0.3,1.8220125786163521,0.1094973604004067,False,nan,nan,nan
top_slot,0.1188679245283018,0.3,1.8211320754716982,0.11013666439023234,False,nan,nan,nan
top_slot,0.11974842767295589,0.3,1.820251572327044,0.11077927749778982,False,nan,nan,nan
top_slot,0.12062893081760999,0.3,1.8193710691823899,0.1114251424698818,False,nan,nan,nan
top_slot,0.12150943396226407,0.3,1.818490566037736,0.11207420308666063,False,nan,nan,nan
top_slot,0.12238993710691816,0.3,1.8176100628930818,0.11272640414810618,False,nan,nan,nan
top_slot,0.12327044025157224,0.3,1.8167295597484276,0.11338169146026084,False,nan,nan,nan
top_slot,0.12415094339622633,0.3,1.8158490566037737,0.11404001182125882,False,nan,nan,nan
top_slot,0.12503144654088041,0.3,1.8149685534591196,0.1147013130071816,False,nan,nan,nan
top_slot,0.1259119496855345,0.3,1.8140880503144654,0.11536554375776822,False,nan,nan,nan
top_slot,0.12679245283018858,0.3,1.8132075471698115,0.11603265376201251,False,nan,nan,nan
top_slot,0.12767295597484268,0.3,1.8123270440251573,0.11670259364367248,False,nan,nan,nan
top_slot,0.12855345911949675,0.3,1.8114465408805032,0.11737531494671573,False,nan,nan,nan
top_slot,0.12943396226415085,0.3,1.810566037735849,0.11798576516678637,False,nan,nan,nan
top_slot,0.13031446540880495,0.3,1.809685534591195,0.11856312121405432,False,nan,nan,nan
top_slot,0.13119496855345902,0.3,1.808805031446541,0.11914418665474426,False,nan,nan,nan
top_slot,0.13207547169811312,0.3,1.8079245283018868,0.11972890748185268,False,nan,nan,nan
top_slot,0.1329559748427672,0.3,1.8070440251572328,0.12031723040176327,False,nan,nan,nan
top_slot,0.1338364779874213,0.3,1.8061635220125787,0.12090910283299379,False,nan,nan,nan
top_slot,0.1347169811320754,0.3,1.8052830188679245,0.1215044729044303,False,nan,nan,nan
top_slot,0.13559748427672946,0.3,1.8044025157232704,0.12210328945308106,False,nan,nan,nan
top_slot,0.13647798742138356,0.3,1.8035220125786164,0.12270550202137562,False,nan,nan,nan
top_slot,0.13735849056603763,0.3,1.8026415094339623,0.123311060854038,False,nan,nan,nan
top_slot,0.13823899371069173,0.3,1.8017610062893081,0.12391991689455814,False,nan,nan,nan
top_slot,0.1391194968553458,0.3,1.8008805031446542,0.1245320217812896,False,nan,nan,nan
top_slot,0.1399999999999999,0.3,1.8,0.12514732784319652,False,nan,nan,nan
bottom_slot,0.0,0.3,-1.94,0.023271921484787236,True,1.5883900363830195,1.1624682,1.0824281
bottom_slot,0.0008805031446540875,0.3,-1.9391194968553458,0.023680445034185257,True,1.5883900363830195,1.1624682,1.0824281
bottom_slot,0.001761006289308175,0.3,-1.9382389937106919,0.02411421149479126,True,1.5883900363830195,1.1624682,1.0824281
bottom_slot,0.0026415094339622626,0.3,-1.9373584905660377,0.024571884066743304,True,1.5883900363830195,1.1624682,1.0824281
bottom_slot,0.00352201257861635,0.3,-1.9364779874213836,0.025052152576952657,True,1.5883900363830195,1.1624682,1.0824281
bottom_slot,0.0044025157232704375,0.3,-1.9355974842767296,0.02555374302257583,True,1.5883900363830195,1.1624682,1.0824281
bottom_slot,0.005283018867924525,0.3,-1.9347169811320755,0.026075424977634945,True,1.5883900363830195,1.1624682,1.0824281
bottom_slot,0.006163522012578613,0.3,-1.9338364779874213,0.02661601706942993,True,1.5883900363830195,1.1624682,1.0824281
bottom_slot,0.0070440251572327,0.3,-1.9329559748427672,0.027174390758425364,True,1.5883900363830195,1.1624682,1.0824281
bottom_slot,0.007924528301886787,0.3,-1.9320754716981132,0.02774947266379104,True,1.5883900363830195,1.1624682,1.0824281
bottom_slot,0.008805031446540875,0.3,-1.931194968553459,0.028340245671498298,True,1.5883900363830195,1.1624682,1.0824281
bottom_slot,0.009685534591194962,0.3,-1.930314465408805,0.028945749047118496,True,1.5883900363830195,1.1624682,1.0824281
bottom_slot,0.01056603773584905,0.3,-1.929433962264151,0.029565077754880452,True,1.5883900363830195,1.1624682,1.0824281
bottom_slot,0.011446540880503137,0.3,-1.9285534591194968,0.03019738116097145,True,1.5883900363830195,1.1624682,1.0824281
bottom_slot,0.012327044025157226,0.3,-1.9276729559748427,0.030841861274659668,True,1.5883900363830195,1.1624682,1.0824281
bottom_slot,0.013207547169811313,0.3,-1.9267924528301887,0.031497770657067,True,1.5883900363830195,1.1624682,1.0824281
bottom_slot,0.0140880503144654,0.3,-1.9259119496855346,0.03216441010527835,True,1.5883900363830195,1.1624682,1.0824281
bottom_slot,0.014968553459119486,0.3,-1.9250314465408804,0.03284112619949817,True,1.5883900363830195,1.1624682,1.0824281
bottom_slot,0.015849056603773573,0.3,-1.9241509433962263,0.03352730878340356,True,1.5883900363830195,1.1624682,1.0824281
bottom_slot,0.01672955974842766,0.3,-1.9232704402515723,0.03422238843271308,True,1.5883900363830195,1.1624682,1.0824281
bottom_slot,0.01761006289308175,0.3,-1.9223899371069182,0.034925833954206474,True,1.5883900363830195,1.1624682,1.0824281
bottom_slot,0.018490566037735835,0.3,-1.921509433962264,0.03563714994678448,True,1.5883900363830195,1.1624682,1.0824281
bottom_slot,0.019371069182389924,0.3,-1.92062893081761,0.03635587444743805,True,1.5883900363830195,1.1624682,1.0824281
bottom_slot,0.02025157232704401,0.3,-1.919748427672956,0.03708157667793619,True,1.5883900363830195,1.1624682,1.0824281
bottom_slot,0.0211320754716981,0.3,-1.9188679245283018,0.03781385490241553,True,1.5883900363830195,1.1624682,1.0824281
bottom_slot,0.02201257861635219,0.3,-1.9179874213836479,0.03855233440163756,True,1.5883900363830195,1.1624682,1.0824281
bottom_slot,0.022893081761006275,0.3,-1.9171069182389937,0.039296665566253115,True,1.5883900363830195,1.1624682,1.0824281
bottom_slot,0.023773584905660363,0.3,-1.9162264150943396,0.04004652210881355,True,1.5883900363830195,1.1624682,1.0824281
bottom_slot,0.02465408805031445,0.3,-1.9153459119496854,0.040801599392339176,True,1.5883900363830195,1.1624682,1.0824281
bottom_slot,0.025534591194968537,0.3,-1.9144654088050315,0.041413373404434614,True,1.5695886569310444,1.1770764,1.0383158
bottom_slot,0.026415094339622625,0.3,-1.9135849056603773,0.041904265551608005,True,1.5695886569310444,1.1770764,1.0383158
bottom_slot,0.027295597484276714,0.3,-1.9127044025157232,0.042407758932531694,True,1.5695886569310444,1.1770764,1.0383158
bottom_slot,0.0281761006289308,0.3,-1.9118238993710692,0.04292341011051245,True,1.5695886569310444,1.1770764,1.0383158
bottom_slot,0.029056603773584887,0.3,-1.910943396226415,0.04345078624059945,True,1.5695886569310444,1.1770764,1.0383158
bottom_slot,0.029937106918238972,0.3,-1.910062893081761,0.04398946562431489,True,1.5695886569310444,1.1770764,1.0383158
bottom_slot,0.03081761006289306,0.3,-1.909182389937107,0.04453903814043109,True,1.5695886569310444,1.1770764,1.0383158
bottom_slot,0.031698113207547146,0.3,-1.9083018867924528,0.045099105563328794,True,1.5695886569310444,1.1770764,1.0383158
bottom_slot,0.03257861635220124,0.3,-1.9074213836477987,0.04566928178026521,True,1.5695886569310444,1.1770764,1.0383158
bottom_slot,0.03345911949685532,0.3,-1.9065408805031445,0.04624919291851206,True,1.5695886569310444,1.1770764,1.0383158
bottom_slot,0.03433962264150941,0.3,-1.9056603773584906,0.04683847739281995,True,1.5695886569310444,1.1770764,1.0383158
bottom_slot,0.0352201257861635,0.3,-1.9047798742138364,0.04743678588307992,True,1.5695886569310444,1.1770764,1.0383158
bottom_slot,0.036100628930817585,0.3,-1.9038993710691823,0.04804378125139742,True,1.5695886569310444,1.1770764,1.0383158
bottom_slot,0.03698113207547167,0.3,-1.9030188679245283,0.04865913840711279,True,1.5695886569310444,1.1770764,1.0383158
bottom_slot,0.03786163522012576,0.3,-1.9021383647798742,0.04928254412759652,True,1.5695886569310444,1.1770764,1.0383158
bottom_slot,0.03874213836477985,0.3,-1.90125786163522,0.0499136968419484,True,1.5695886569310444,1.1770764,1.0383158
bottom_slot,0.03962264150943393,0.3,-1.900377358490566,0.05055230638404974,True,1.5695886569310444,1.1770764,1.0383158
bottom_slot,0.04050314465408802,0.3,-1.899496855345912,0.05119809372075537,True,1.5695886569310444,1.1770764,1.0383158
bottom_slot,0.04138364779874211,0.3,-1.8986163522012578,0.05185079066038585,True,1.5695886569310444,1.1770764,1.0383158
bottom_slot,0.0422641509433962,0.3,-1.8977358490566036,0.052510139546096755,True,1.5695886569310444,1.1770764,1.0383158
bottom_slot,0.043144654088050294,0.3,-1.8968553459119497,0.05317589293814844,True,1.5695886569310444,1.1770764,1.0383158
bottom_slot,0.04402515723270438,0.3,-1.8959748427672956,0.05384781328859888,True,1.5695886569310444,1.1770764,1.0383158
bottom_slot,0.044905660377358464,0.3,-1.8950943396226414,0.0545256726114743,True,1.5695886569310444,1.1770764,1.0383158
bottom_slot,0.04578616352201255,0.3,-1.8942138364779875,0.055209252151057285,True,1.5695886569310444,1.1770764,1.0383158
bottom_slot,0.04666666666666664,0.3,-1.8933333333333333,0.055898342050546355,True,1.5695886569310444,1.1770764,1.0383158
bottom_slot,0.047547169811320726,0.3,-1.8924528301886792,0.05659274102299893,True,1.5695886569310444,1.1770764,1.0383158
bottom_slot,0.04842767295597481,0.3,-1.8915723270440252,0.05729225602616853,True,1.5695886569310444,1.1770764,1.0383158
bottom_slot,0.0493081761006289,0.3,-1.890691823899371,0.057996701942570617,True,1.5695886569310444,1.1770764,1.0383158
bottom_slot,0.05018867924528299,0.3,-1.889811320754717,0.05870590126587102,True,1.5695886569310444,1.1770764,1.0383158
bottom_slot,0.05106918238993707,0.3,-1.888930817610063,0.0594196837944842,True,1.5695886569310444,1.1770764,1.0383158
bottom_slot,0.051949685534591165,0.3,-1.8880503144654088,0.0601378863330787,False,nan,nan,nan
bottom_slot,0.05283018867924525,0.3,-1.8871698113207547,0.060860352402525485,False,nan,nan,nan
bottom_slot,0.053710691823899336,0.3,-1.8862893081761005,0.06158693195869054,False,nan,nan,nan
bottom_slot,0.05459119496855343,0.3,-1.8854088050314466,0.06231748112034564,False,nan,nan,nan
bottom_slot,0.05547169811320751,0.3,-1.8845283018867924,0.0630518619063736,False,nan,nan,nan
bottom_slot,0.0563522012578616,0.3,-1.8836477987421383,0.06378994198235072,False,nan,nan,nan
bottom_slot,0.05723270440251568,0.3,-1.8827672955974843,0.06453159441652127,False,nan,nan,nan
bottom_slot,0.058113207547169775,0.3,-1.8818867924528302,0.06527669744511165,False,nan,nan,nan
bottom_slot,0.05899371069182386,0.3,-1.881006289308176,0.06589453074201633,False,nan,nan,nan
bottom_slot,0.059874213836477945,0.3,-1.880125786163522,0.0664878647520178,False,nan,nan,nan
bottom_slot,0.06075471698113204,0.3,-1.879245283018868,0.06708750784184934,False,nan,nan,nan
bottom_slot,0.06163522012578612,0.3,-1.8783647798742138,0.06769329234978365,False,nan,nan,nan
bottom_slot,0.06251572327044021,0.3,-1.8774842767295596,0.06830505487481763,False,nan,nan,nan
bottom_slot,0.06339622641509429,0.3,-1.8766037735849057,0.06892263623314106,False,nan,nan,nan
bottom_slot,0.06427672955974838,0.3,-1.8757232704402516,0.06954588140771129,False,nan,nan,nan
bottom_slot,0.06515723270440248,0.3,-1.8748427672955974,0.07017463949177427,False,nan,nan,nan
bottom_slot,0.06603773584905656,0.3,-1.8739622641509435,0.07080876362711752,False,nan,nan,nan
bottom_slot,0.06691823899371065,0.3,-1.8730817610062893,0.07144811093777798,False,nan,nan,nan
bottom_slot,0.06779874213836473,0.3,-1.8722012578616352,0.0720925424598727,False,nan,nan,nan
bottom_slot,0.06867924528301882,0.3,-1.8713207547169812,0.07274192306816982,False,nan,nan,nan
bottom_slot,0.0695597484276729,0.3,-1.870440251572327,0.07339612139996254,False,nan,nan,nan
bottom_slot,0.070440251572327,0.3,-1.869559748427673,0.0740550097767601,False,nan,nan,nan
bottom_slot,0.07132075471698109,0.3,-1.8686792452830188,0.07471846412426797,False,nan,nan,nan
bottom_slot,0.07220125786163517,0.3,-1.8677987421383648,0.07538636389108096,False,nan,nan,nan
bottom_slot,0.07308176100628926,0.3,-1.8669182389937107,0.07605859196647637,False,nan,nan,nan
bottom_slot,0.07396226415094334,0.3,-1.8660377358490565,0.07673503459765237,False,nan,nan,nan
bottom_slot,0.07484276729559743,0.3,-1.8651572327044026,0.07741558130672617,False,nan,nan,nan
bottom_slot,0.07572327044025152,0.3,-1.8642767295597484,0.07810012480777015,False,nan,nan,nan
bottom_slot,0.07660377358490561,0.3,-1.8633962264150943,0.07878856092413232,False,nan,nan,nan
bottom_slot,0.0774842767295597,0.3,-1.8625157232704403,0.0794807885062649,False,nan,nan,nan
bottom_slot,0.07836477987421378,0.3,-1.8616352201257862,0.08017670935025352,False,nan,nan,nan
bottom_slot,0.07924528301886787,0.3,-1.860754716981132,0.08087622811721588,False,nan,nan,nan
bottom_slot,0.08012578616352195,0.3,-1.8598742138364779,0.0815792522537216,False,nan,nan,nan
bottom_slot,0.08100628930817604,0.3,-1.858993710691824,0.08228569191335883,False,nan,nan,nan
bottom_slot,0.08188679245283013,0.3,-1.8581132075471698,0.08299545987955963,False,nan,nan,nan
bottom_slot,0.08276729559748422,0.3,-1.8572327044025156,0.08370847148977498,False,nan,nan,nan
bottom_slot,0.0836477987421383,0.3,-1.8563522012578617,0.08442464456108068,False,nan,nan,nan
bottom_slot,0.0845283018867924,0.3,-1.8554716981132076,0.08514389931727738,False,nan,nan,nan
bottom_slot,0.08540880503144649,0.3,-1.8545911949685534,0.0858661583175352,False,nan,nan,nan
bottom_slot,0.08628930817610059,0.3,-1.8537106918238995,0.08659134638662706,False,nan,nan,nan
bottom_slot,0.08716981132075467,0.3,-1.8528301886792453,0.08722710193231627,False,nan,nan,nan
bottom_slot,0.08805031446540876,0.3,-1.8519496855345912,0.08783312394113922,False,nan,nan,nan
bottom_slot,0.08893081761006284,0.3,-1.851069182389937,0.0884437594326691,False,nan,nan,nan
bottom_slot,0.08981132075471693,0.3,-1.850188679245283,0.08905891350944965,False,nan,nan,nan
bottom_slot,0.09069182389937101,0.3,-1.849308176100629,0.0896784931851497,False,nan,nan,nan
bottom_slot,0.0915723270440251,0.3,-1.8484276729559748,0.09030240736552785,False,nan,nan,nan
bottom_slot,0.0924528301886792,0.3,-1.8475471698113208,0.09093056682786047,False,nan,nan,nan
bottom_slot,0.09333333333333328,0.3,-1.8466666666666667,0.0915628841989907,False,nan,nan,nan
bottom_slot,0.09421383647798737,0.3,-1.8457861635220125,0.09219927393214684,False,nan,nan,nan
bottom_slot,0.09509433962264145,0.3,-1.8449056603773586,0.09283965228267384,False,nan,nan,nan
bottom_slot,0.09597484276729554,0.3,-1.8440251572327044,0.09348393728280832,False,nan,nan,nan
bottom_slot,0.09685534591194962,0.3,-1.8431446540880503,0.09413204871561963,False,nan,nan,nan
bottom_slot,0.09773584905660372,0.3,-1.8422641509433961,0.09478390808823525,False,nan,nan,nan
bottom_slot,0.0986163522012578,0.3,-1.8413836477987422,0.09543943860445599,False,nan,nan,nan
bottom_slot,0.09949685534591189,0.3,-1.840503144654088,0.09609856513686324,False,nan,nan,nan
bottom_slot,0.10037735849056598,0.3,-1.8396226415094339,0.09676121419850858,False,nan,nan,nan
bottom_slot,0.10125786163522006,0.3,-1.83874213836478,0.09742731391427577,False,nan,nan,nan
bottom_slot,0.10213836477987415,0.3,-1.8378616352201258,0.09809679399199307,False,nan,nan,nan
bottom_slot,0.10301886792452823,0.3,-1.8369811320754716,0.09876958569336877,False,nan,nan,nan
bottom_slot,0.10389937106918233,0.3,-1.8361006289308177,0.09944562180482037,False,nan,nan,nan
bottom_slot,0.10477987421383642,0.3,-1.8352201257861636,0.10012483660825887,False,nan,nan,nan
bottom_slot,0.1056603773584905,0.3,-1.8343396226415094,0.10080716585188375,False,nan,nan,nan
bottom_slot,0.10654088050314459,0.3,-1.8334591194968555,0.1014925467210441,False,nan,nan,nan
bottom_slot,0.10742138364779867,0.3,-1.8325786163522013,0.10218091780921212,False,nan,nan,nan
bottom_slot,0.10830188679245276,0.3,-1.8316981132075472,0.10287221908911123,False,nan,nan,nan
bottom_slot,0.10918238993710686,0.3,-1.830817610062893,0.10347416536621201,False,nan,nan,nan
bottom_slot,0.11006289308176094,0.3,-1.829937106918239,0.10405969514525053,False,nan,nan,nan
bottom_slot,0.11094339622641503,0.3,-1.829056603773585,0.10464935728797521,False,nan,nan,nan
bottom_slot,0.11182389937106911,0.3,-1.8281761006289308,0.10524308233525657,False,nan,nan,nan
bottom_slot,0.1127044025157232,0.3,-1.8272955974842768,0.10584080191325251,False,nan,nan,nan
bottom_slot,0.11358490566037728,0.3,-1.8264150943396227,0.10644244872902278,False,nan,nan,nan
bottom_slot,0.11446540880503137,0.3,-1.8255345911949685,0.10704795656525361,False,nan,nan,nan
bottom_slot,0.11534591194968546,0.3,-1.8246540880503144,0.10765726027415752,False,nan,nan,nan
bottom_slot,0.11622641509433955,0.3,-1.8237735849056604,0.10827029577060562,False,nan,nan,nan
bottom_slot,0.11710691823899363,0.3,-1.8228930817610063,0.10888700002455148,False,nan,nan,nan
bottom_slot,0.11798742138364772,0.3,-1.8220125786163521,0.10950731105279875,False,nan,nan,nan
bottom_slot,0.1188679245283018,0.3,-1.8211320754716982,0.11013116791016801,False,nan,nan,nan
bottom_slot,0.11974842767295589,0.3,-1.820251572327044,0.1107585106801114,False,nan,nan,nan
bottom_slot,0.12062893081760999,0.3,-1.8193710691823899,0.11138928046482106,False,nan,nan,nan
bottom_slot,0.12150943396226407,0.3,-1.818490566037736,0.11202341937488003,False,nan,nan,nan
bottom_slot,0.12238993710691816,0.3,-1.8176100628930818,0.11266087051849656,False,nan,nan,nan
bottom_slot,0.12327044025157224,0.3,-1.8167295597484276,0.11330157799036226,False,nan,nan,nan
bottom_slot,0.12415094339622633,0.3,-1.8158490566037737,0.1139454868601749,False,nan,nan,nan
bottom_slot,0.12503144654088041,0.3,-1.8149685534591196,0.11459254316086177,False,nan,nan,nan
bottom_slot,0.1259119496855345,0.3,-1.8140880503144654,0.11524269387653666,False,nan,nan,nan
bottom_slot,0.12679245283018858,0.3,-1.8132075471698115,0.11589588693022614,False,nan,nan,nan
bottom_slot,0.12767295597484268,0.3,-1.8123270440251573,0.11655207117139495,False,nan,nan,nan
bottom_slot,0.12855345911949675,0.3,-1.8114465408805032,0.11716511968268711,False,nan,nan,nan
bottom_slot,0.12943396226415085,0.3,-1.810566037735849,0.1177212888246892,False,nan,nan,nan
bottom_slot,0.13031446540880495,0.3,-1.809685534591195,0.11828139746557297,False,nan,nan,nan
bottom_slot,0.13119496855345902,0.3,-1.808805031446541,0.11884538990573985,False,nan,nan,nan
bottom_slot,0.13207547169811312,0.3,-1.8079245283018868,0.1194132111152753,False,nan,nan,nan
bottom_slot,0.1329559748427672,0.3,-1.8070440251572328,0.11998480673589776,False,nan,nan,nan
bottom_slot,0.1338364779874213,0.3,-1.8061635220125787,0.12056012308228492,False,nan,nan,nan
bottom_slot,0.1347169811320754,0.3,-1.8052830188679245,0.12113910714280562,False,nan,nan,nan
bottom_slot,0.13559748427672946,0.3,-1.8044025157232704,0.12172170657968971,False,nan,nan,nan
bottom_slot,0.13647798742138356,0.3,-1.8035220125786164,0.12230786972866249,False,nan,nan,nan
bottom_slot,0.13735849056603763,0.3,-1.8026415094339623,0.12289754559807285,False,nan,nan,nan
bottom_slot,0.13823899371069173,0.3,-1.8017610062893081,0.12349068386754043,False,nan,nan,nan
bottom_slot,0.1391194968553458,0.3,-1.8008805031446542,0.12408723488615048,False,nan,nan,nan
bottom_slot,0.1399999999999999,0.3,-1.8,0.12468714967022093,False,nan,nan,nan
