model,time,interface_avg_K,interface_max_K,fluid_min_K,fluid_max_K,solid_min_K,solid_max_K
constant,3000.0,940.8046632812501,972.06311,799.99997,960.61156,828.21616,1031.2313
constant,3250.0,945.0618317221874,1183.722526,799.9999678,1146.525182,814.0587882,1371.837466
constant,3500.0,944.8808680829687,1182.472587,799.9999679,1145.301969,814.0587882,1370.753858
constant,3750.0,944.788911773125,1182.47237,799.9999677,1145.30176,814.0587882,1370.753712
constant,4000.0,944.788911773125,1182.47237,799.9999677,1145.30176,814.0587882,1370.753712
constant,4250.0,944.788911773125,1182.47237,799.9999677,1145.30176,814.0587882,1370.753712
constant,4500.0,944.788911773125,1182.47237,799.9999677,1145.30176,814.0587882,1370.753712
constant,4750.0,944.788911773125,1182.47237,799.9999677,1145.30176,814.0587882,1370.753712
constant,5000.0,944.788911773125,1182.47237,799.9999677,1145.30176,814.0587882,1370.753712
variable,3000.0,940.8046632812501,972.06311,799.99997,960.61156,828.21616,1031.2313
variable,3250.0,929.6802686200001,1113.328449,799.9999472,1084.837233,812.3266219,1302.20516
variable,3500.0,929.1450328403125,1113.992708,799.9999519,1085.492473,812.3267367,1302.954637
variable,3750.0,928.9761082456251,1113.741381,799.9999515,1085.239377,812.3267362,1302.771979
variable,4000.0,928.9747127340626,1113.742133,799.9999513,1085.240014,812.3267359,1302.773414
variable,4250.0,928.974917259375,1113.742197,799.9999513,1085.240072,812.3267359,1302.773478
variable,4500.0,928.974923881875,1113.7422,799.9999513,1085.240081,812.3267359,1302.773478
variable,4750.0,928.9749259951562,1113.742201,799.9999513,1085.240085,812.3267359,1302.773478
variable,5000.0,928.9749259951562,1113.742201,799.9999513,1085.240085,812.3267359,1302.773478
