patch_face_index,mesh_face_id,x_m,y_m,z_m,area_m2,source_s_m,q_W_m2,gradient_K_m
0,14016,0.0025,-0.004,0.0025,2.5e-05,0.0018653206380689397,249112.56223253915,8303.752074417971
1,14017,0.0025,-0.004,0.0075,2.5e-05,0.0018653206380689397,249112.56223253915,8303.752074417971
2,14018,0.0025,-0.004,0.0125,2.4999999999999998e-05,0.0018653206380689397,249112.56223253915,8303.752074417971
3,14019,0.0025,-0.004,0.0175,2.5000000000000005e-05,0.0018653206380689397,249112.56223253915,8303.752074417971
4,14020,0.0025,-0.004,0.0225,2.5000000000000005e-05,0.0018653206380689397,249112.56223253915,8303.752074417971
5,14021,0.0025,-0.004,0.0275,2.4999999999999988e-05,0.0018653206380689397,249112.56223253915,8303.752074417971
6,14022,0.0025,-0.004,0.0325,2.500000000000002e-05,0.0018653206380689397,249112.56223253915,8303.752074417971
7,14023,0.0025,-0.004,0.037500000000000006,2.4999999999999988e-05,0.0018653206380689397,249112.56223253915,8303.752074417971
8,14024,0.007500000000000001,-0.004,0.0025,2.5e-05,0.00559596191420682,249130.6483028669,8304.354943428896
9,14025,0.007500000000000001,-0.004,0.0075,2.5e-05,0.00559596191420682,249130.6483028669,8304.354943428896
10,14026,0.007500000000000001,-0.004,0.0125,2.4999999999999998e-05,0.00559596191420682,249130.6483028669,8304.354943428896
11,14027,0.007500000000000001,-0.004,0.0175,2.5000000000000005e-05,0.00559596191420682,249130.6483028669,8304.354943428896
12,14028,0.007500000000000001,-0.004,0.0225,2.5000000000000005e-05,0.00559596191420682,249130.6483028669,8304.354943428896
13,14029,0.007500000000000001,-0.004,0.0275,2.4999999999999988e-05,0.00559596191420682,249130.6483028669,8304.354943428896
14,14030,0.007500000000000001,-0.004,0.0325,2.500000000000002e-05,0.00559596191420682,249130.6483028669,8304.354943428896
15,14031,0.007500000000000001,-0.004,0.037500000000000006,2.4999999999999988e-05,0.00559596191420682,249130.6483028669,8304.354943428896
16,14032,0.0125,-0.004,0.0025,2.4999999999999998e-05,0.0093266031903447,249157.4399104324,8305.247997014414
17,14033,0.0125,-0.004,0.0075,2.4999999999999998e-05,0.0093266031903447,249157.4399104324,8305.247997014414
18,14034,0.0125,-0.004,0.0125,2.499999999999999e-05,0.0093266031903447,249157.4399104324,8305.247997014414
19,14035,0.0125,-0.004,0.0175,2.5e-05,0.0093266031903447,249157.4399104324,8305.247997014414
20,14036,0.0125,-0.004,0.0225,2.5e-05,0.0093266031903447,249157.4399104324,8305.247997014414
21,14037,0.0125,-0.004,0.0275,2.4999999999999984e-05,0.0093266031903447,249157.4399104324,8305.247997014414
22,14038,0.0125,-0.004,0.0325,2.5000000000000018e-05,0.0093266031903447,249157.4399104324,8305.247997014414
23,14039,0.0125,-0.004,0.037500000000000006,2.4999999999999984e-05,0.0093266031903447,249157.4399104324,8305.247997014414
24,14040,0.0175,-0.004,0.0025,2.5000000000000005e-05,0.01305724446648258,249196.16562883803,8306.5388542946
25,14041,0.0175,-0.004,0.0075,2.5000000000000005e-05,0.01305724446648258,249196.16562883803,8306.5388542946
26,14042,0.0175,-0.004,0.0125,2.5e-05,0.01305724446648258,249196.16562883803,8306.5388542946
27,14043,0.0175,-0.004,0.0175,2.500000000000001e-05,0.01305724446648258,249196.16562883803,8306.5388542946
28,14044,0.0175,-0.004,0.0225,2.500000000000001e-05,0.01305724446648258,249196.16562883803,8306.5388542946
29,14045,0.0175,-0.004,0.0275,2.499999999999999e-05,0.01305724446648258,249196.16562883803,8306.5388542946
30,14046,0.0175,-0.004,0.0325,2.5000000000000028e-05,0.01305724446648258,249196.16562883803,8306.5388542946
31,14047,0.0175,-0.004,0.037500000000000006,2.499999999999999e-05,0.01305724446648258,249196.16562883803,8306.5388542946
32,14048,0.022500000000000003,-0.004,0.0025,2.5000000000000005e-05,0.01678788574262046,249248.59483949098,8308.2864946497
33,14049,0.022500000000000003,-0.004,0.0075,2.5000000000000005e-05,0.01678788574262046,249248.59483949098,8308.2864946497
34,14050,0.022500000000000003,-0.004,0.0125,2.5e-05,0.01678788574262046,249248.59483949098,8308.2864946497
35,14051,0.022500000000000003,-0.004,0.0175,2.500000000000001e-05,0.01678788574262046,249248.59483949098,8308.2864946497
36,14052,0.022500000000000003,-0.004,0.0225,2.500000000000001e-05,0.01678788574262046,249248.59483949098,8308.2864946497
37,14053,0.022500000000000003,-0.004,0.0275,2.499999999999999e-05,0.01678788574262046,249248.59483949098,8308.2864946497
38,14054,0.022500000000000003,-0.004,0.0325,2.5000000000000028e-05,0.01678788574262046,249248.59483949098,8308.2864946497
39,14055,0.022500000000000003,-0.004,0.037500000000000006,2.499999999999999e-05,0.01678788574262046,249248.59483949098,8308.2864946497
40,14056,0.027499999999999997,-0.004,0.0025,2.4999999999999988e-05,0.020518527018758337,249318.27923289864,8310.609307763289
41,14057,0.027499999999999997,-0.004,0.0075,2.4999999999999988e-05,0.020518527018758337,249318.27923289864,8310.609307763289
42,14058,0.027499999999999997,-0.004,0.0125,2.4999999999999984e-05,0.020518527018758337,249318.27923289864,8310.609307763289
43,14059,0.027499999999999997,-0.004,0.0175,2.499999999999999e-05,0.020518527018758337,249318.27923289864,8310.609307763289
44,14060,0.027499999999999997,-0.004,0.0225,2.499999999999999e-05,0.020518527018758337,249318.27923289864,8310.609307763289
45,14061,0.027499999999999997,-0.004,0.0275,2.4999999999999974e-05,0.020518527018758337,249318.27923289864,8310.609307763289
46,14062,0.027499999999999997,-0.004,0.0325,2.500000000000001e-05,0.020518527018758337,249318.27923289864,8310.609307763289
47,14063,0.027499999999999997,-0.004,0.037500000000000006,2.4999999999999974e-05,0.020518527018758337,249318.27923289864,8310.609307763289
48,14064,0.0325,-0.004,0.0025,2.500000000000002e-05,0.02424916829489622,249408.1945002288,8313.60648334096
49,14065,0.0325,-0.004,0.0075,2.500000000000002e-05,0.02424916829489622,249408.1945002288,8313.60648334096
50,14066,0.0325,-0.004,0.0125,2.5000000000000018e-05,0.02424916829489622,249408.1945002288,8313.60648334096
51,14067,0.0325,-0.004,0.0175,2.5000000000000028e-05,0.02424916829489622,249408.1945002288,8313.60648334096
52,14068,0.0325,-0.004,0.0225,2.5000000000000028e-05,0.02424916829489622,249408.1945002288,8313.60648334096
53,14069,0.0325,-0.004,0.0275,2.500000000000001e-05,0.02424916829489622,249408.1945002288,8313.60648334096
54,14070,0.0325,-0.004,0.0325,2.5000000000000045e-05,0.02424916829489622,249408.1945002288,8313.60648334096
55,14071,0.0325,-0.004,0.037500000000000006,2.500000000000001e-05,0.02424916829489622,249408.1945002288,8313.60648334096
56,14072,0.037500000000000006,-0.004,0.0025,2.4999999999999988e-05,0.027979809571034103,249519.9654048091,8317.332180160303
57,14073,0.037500000000000006,-0.004,0.0075,2.4999999999999988e-05,0.027979809571034103,249519.9654048091,8317.332180160303
58,14074,0.037500000000000006,-0.004,0.0125,2.4999999999999984e-05,0.027979809571034103,249519.9654048091,8317.332180160303
59,14075,0.037500000000000006,-0.004,0.0175,2.499999999999999e-05,0.027979809571034103,249519.9654048091,8317.332180160303
60,14076,0.037500000000000006,-0.004,0.0225,2.499999999999999e-05,0.027979809571034103,249519.9654048091,8317.332180160303
61,14077,0.037500000000000006,-0.004,0.0275,2.4999999999999974e-05,0.027979809571034103,249519.9654048091,8317.332180160303
62,14078,0.037500000000000006,-0.004,0.0325,2.500000000000001e-05,0.027979809571034103,249519.9654048091,8317.332180160303
63,14079,0.037500000000000006,-0.004,0.037500000000000006,2.4999999999999974e-05,0.027979809571034103,249519.9654048091,8317.332180160303
64,14080,0.0425,-0.004,0.0025,2.4999999999999988e-05,0.03171045084717198,249658.0533783124,8321.935112610414
65,14081,0.0425,-0.004,0.0075,2.4999999999999988e-05,0.03171045084717198,249658.0533783124,8321.935112610414
66,14082,0.0425,-0.004,0.0125,2.4999999999999984e-05,0.03171045084717198,249658.0533783124,8321.935112610414
67,14083,0.0425,-0.004,0.0175,2.499999999999999e-05,0.03171045084717198,249658.0533783124,8321.935112610414
68,14084,0.0425,-0.004,0.0225,2.499999999999999e-05,0.03171045084717198,249658.0533783124,8321.935112610414
69,14085,0.0425,-0.004,0.0275,2.4999999999999974e-05,0.03171045084717198,249658.0533783124,8321.935112610414
70,14086,0.0425,-0.004,0.0325,2.500000000000001e-05,0.03171045084717198,249658.0533783124,8321.935112610414
71,14087,0.0425,-0.004,0.037500000000000006,2.4999999999999974e-05,0.03171045084717198,249658.0533783124,8321.935112610414
72,14088,0.0475,-0.004,0.0025,2.500000000000002e-05,0.035441092123309856,249816.00649801714,8327.200216600571
73,14089,0.0475,-0.004,0.0075,2.500000000000002e-05,0.035441092123309856,249816.00649801714,8327.200216600571
74,14090,0.0475,-0.004,0.0125,2.5000000000000018e-05,0.035441092123309856,249816.00649801714,8327.200216600571
75,14091,0.0475,-0.004,0.0175,2.5000000000000028e-05,0.035441092123309856,249816.00649801714,8327.200216600571
76,14092,0.0475,-0.004,0.0225,2.5000000000000028e-05,0.035441092123309856,249816.00649801714,8327.200216600571
77,14093,0.0475,-0.004,0.0275,2.500000000000001e-05,0.035441092123309856,249816.00649801714,8327.200216600571
78,14094,0.0475,-0.004,0.0325,2.5000000000000045e-05,0.035441092123309856,249816.00649801714,8327.200216600571
79,14095,0.0475,-0.004,0.037500000000000006,2.500000000000001e-05,0.035441092123309856,249816.00649801714,8327.200216600571
80,14096,0.052500000000000005,-0.004,0.0025,2.4999999999999988e-05,0.03917173339944774,249990.29449934003,8333.009816644668
81,14097,0.052500000000000005,-0.004,0.0075,2.4999999999999988e-05,0.03917173339944774,249990.29449934003,8333.009816644668
82,14098,0.052500000000000005,-0.004,0.0125,2.4999999999999984e-05,0.03917173339944774,249990.29449934003,8333.009816644668
83,14099,0.052500000000000005,-0.004,0.0175,2.499999999999999e-05,0.03917173339944774,249990.29449934003,8333.009816644668
84,14100,0.052500000000000005,-0.004,0.0225,2.499999999999999e-05,0.03917173339944774,249990.29449934003,8333.009816644668
85,14101,0.052500000000000005,-0.004,0.0275,2.4999999999999974e-05,0.03917173339944774,249990.29449934003,8333.009816644668
86,14102,0.052500000000000005,-0.004,0.0325,2.500000000000001e-05,0.03917173339944774,249990.29449934003,8333.009816644668
87,14103,0.052500000000000005,-0.004,0.037500000000000006,2.4999999999999974e-05,0.03917173339944774,249990.29449934003,8333.009816644668
88,14104,0.057499999999999996,-0.004,0.0025,2.4999999999999988e-05,0.042902374675585615,250185.3136364169,8339.51045454723
89,14105,0.057499999999999996,-0.004,0.0075,2.4999999999999988e-05,0.042902374675585615,250185.3136364169,8339.51045454723
90,14106,0.057499999999999996,-0.004,0.0125,2.4999999999999984e-05,0.042902374675585615,250185.3136364169,8339.51045454723
91,14107,0.057499999999999996,-0.004,0.0175,2.499999999999999e-05,0.042902374675585615,250185.3136364169,8339.51045454723
92,14108,0.057499999999999996,-0.004,0.0225,2.499999999999999e-05,0.042902374675585615,250185.3136364169,8339.51045454723
93,14109,0.057499999999999996,-0.004,0.0275,2.4999999999999974e-05,0.042902374675585615,250185.3136364169,8339.51045454723
94,14110,0.057499999999999996,-0.004,0.0325,2.500000000000001e-05,0.042902374675585615,250185.3136364169,8339.51045454723
95,14111,0.057499999999999996,-0.004,0.037500000000000006,2.4999999999999974e-05,0.042902374675585615,250185.3136364169,8339.51045454723
96,14112,0.0625,-0.004,0.0025,2.500000000000002e-05,0.0466330159517235,250406.02199196268,8346.86739973209
97,14113,0.0625,-0.004,0.0075,2.500000000000002e-05,0.0466330159517235,250406.02199196268,8346.86739973209
98,14114,0.0625,-0.004,0.0125,2.5000000000000018e-05,0.0466330159517235,250406.02199196268,8346.86739973209
99,14115,0.0625,-0.004,0.0175,2.5000000000000028e-05,0.0466330159517235,250406.02199196268,8346.86739973209
100,14116,0.0625,-0.004,0.0225,2.5000000000000028e-05,0.0466330159517235,250406.02199196268,8346.86739973209
101,14117,0.0625,-0.004,0.0275,2.500000000000001e-05,0.0466330159517235,250406.02199196268,8346.86739973209
102,14118,0.0625,-0.004,0.0325,2.5000000000000045e-05,0.0466330159517235,250406.02199196268,8346.86739973209
103,14119,0.0625,-0.004,0.037500000000000006,2.500000000000001e-05,0.0466330159517235,250406.02199196268,8346.86739973209
104,14120,0.0675,-0.004,0.0025,2.500000000000002e-05,0.05036365722786138,250689.01429069106,8356.30047635637
105,14121,0.0675,-0.004,0.0075,2.500000000000002e-05,0.05036365722786138,250689.01429069106,8356.30047635637
106,14122,0.0675,-0.004,0.0125,2.5000000000000018e-05,0.05036365722786138,250689.01429069106,8356.30047635637
107,14123,0.0675,-0.004,0.0175,2.5000000000000028e-05,0.05036365722786138,250689.01429069106,8356.30047635637
108,14124,0.0675,-0.004,0.0225,2.5000000000000028e-05,0.05036365722786138,250689.01429069106,8356.30047635637
109,14125,0.0675,-0.004,0.0275,2.500000000000001e-05,0.05036365722786138,250689.01429069106,8356.30047635637
110,14126,0.0675,-0.004,0.0325,2.5000000000000045e-05,0.05036365722786138,250689.01429069106,8356.30047635637
111,14127,0.0675,-0.004,0.037500000000000006,2.500000000000001e-05,0.05036365722786138,250689.01429069106,8356.30047635637
112,14128,0.07250000000000001,-0.004,0.0025,2.4999999999999954e-05,0.054094298503999265,251059.47173857805,8368.649057952602
113,14129,0.07250000000000001,-0.004,0.0075,2.4999999999999954e-05,0.054094298503999265,251059.47173857805,8368.649057952602
114,14130,0.07250000000000001,-0.004,0.0125,2.499999999999995e-05,0.054094298503999265,251059.47173857805,8368.649057952602
115,14131,0.07250000000000001,-0.004,0.0175,2.4999999999999957e-05,0.054094298503999265,251059.47173857805,8368.649057952602
116,14132,0.07250000000000001,-0.004,0.0225,2.4999999999999957e-05,0.054094298503999265,251059.47173857805,8368.649057952602
117,14133,0.07250000000000001,-0.004,0.0275,2.499999999999994e-05,0.054094298503999265,251059.47173857805,8368.649057952602
118,14134,0.07250000000000001,-0.004,0.0325,2.4999999999999974e-05,0.054094298503999265,251059.47173857805,8368.649057952602
119,14135,0.07250000000000001,-0.004,0.037500000000000006,2.499999999999994e-05,0.054094298503999265,251059.47173857805,8368.649057952602
120,14136,0.0775,-0.004,0.0025,2.500000000000002e-05,0.05782493978013713,251556.8263714001,8385.227545713336
121,14137,0.0775,-0.004,0.0075,2.500000000000002e-05,0.05782493978013713,251556.8263714001,8385.227545713336
122,14138,0.0775,-0.004,0.0125,2.5000000000000018e-05,0.05782493978013713,251556.8263714001,8385.227545713336
123,14139,0.0775,-0.004,0.0175,2.5000000000000028e-05,0.05782493978013713,251556.8263714001,8385.227545713336
124,14140,0.0775,-0.004,0.0225,2.5000000000000028e-05,0.05782493978013713,251556.8263714001,8385.227545713336
125,14141,0.0775,-0.004,0.0275,2.500000000000001e-05,0.05782493978013713,251556.8263714001,8385.227545713336
126,14142,0.0775,-0.004,0.0325,2.5000000000000045e-05,0.05782493978013713,251556.8263714001,8385.227545713336
127,14143,0.0775,-0.004,0.037500000000000006,2.500000000000001e-05,0.05782493978013713,251556.8263714001,8385.227545713336
128,14144,0.0825,-0.004,0.0025,2.500000000000002e-05,0.06155558105627501,252234.1982226814,8407.806607422714
129,14145,0.0825,-0.004,0.0075,2.500000000000002e-05,0.06155558105627501,252234.1982226814,8407.806607422714
130,14146,0.0825,-0.004,0.0125,2.5000000000000018e-05,0.06155558105627501,252234.1982226814,8407.806607422714
131,14147,0.0825,-0.004,0.0175,2.5000000000000028e-05,0.06155558105627501,252234.1982226814,8407.806607422714
132,14148,0.0825,-0.004,0.0225,2.5000000000000028e-05,0.06155558105627501,252234.1982226814,8407.806607422714
133,14149,0.0825,-0.004,0.0275,2.500000000000001e-05,0.06155558105627501,252234.1982226814,8407.806607422714
134,14150,0.0825,-0.004,0.0325,2.5000000000000045e-05,0.06155558105627501,252234.1982226814,8407.806607422714
135,14151,0.0825,-0.004,0.037500000000000006,2.500000000000001e-05,0.06155558105627501,252234.1982226814,8407.806607422714
136,14152,0.08750000000000001,-0.004,0.0025,2.4999999999999954e-05,0.0652862223324129,253152.39709451,8438.413236483666
137,14153,0.08750000000000001,-0.004,0.0075,2.4999999999999954e-05,0.0652862223324129,253152.39709451,8438.413236483666
138,14154,0.08750000000000001,-0.004,0.0125,2.499999999999995e-05,0.0652862223324129,253152.39709451,8438.413236483666
139,14155,0.08750000000000001,-0.004,0.0175,2.4999999999999957e-05,0.0652862223324129,253152.39709451,8438.413236483666
140,14156,0.08750000000000001,-0.004,0.0225,2.4999999999999957e-05,0.0652862223324129,253152.39709451,8438.413236483666
141,14157,0.08750000000000001,-0.004,0.0275,2.499999999999994e-05,0.0652862223324129,253152.39709451,8438.413236483666
142,14158,0.08750000000000001,-0.004,0.0325,2.4999999999999974e-05,0.0652862223324129,253152.39709451,8438.413236483666
143,14159,0.08750000000000001,-0.004,0.037500000000000006,2.499999999999994e-05,0.0652862223324129,253152.39709451,8438.413236483666
144,14160,0.0925,-0.004,0.0025,2.500000000000002e-05,0.06901686360855078,254501.73269960878,8483.391089986959
145,14161,0.0925,-0.004,0.0075,2.500000000000002e-05,0.06901686360855078,254501.73269960878,8483.391089986959
146,14162,0.0925,-0.004,0.0125,2.5000000000000018e-05,0.06901686360855078,254501.73269960878,8483.391089986959
147,14163,0.0925,-0.004,0.0175,2.5000000000000028e-05,0.06901686360855078,254501.73269960878,8483.391089986959
148,14164,0.0925,-0.004,0.0225,2.5000000000000028e-05,0.06901686360855078,254501.73269960878,8483.391089986959
149,14165,0.0925,-0.004,0.0275,2.500000000000001e-05,0.06901686360855078,254501.73269960878,8483.391089986959
150,14166,0.0925,-0.004,0.0325,2.5000000000000045e-05,0.06901686360855078,254501.73269960878,8483.391089986959
151,14167,0.0925,-0.004,0.037500000000000006,2.500000000000001e-05,0.06901686360855078,254501.73269960878,8483.391089986959
152,14168,0.0975,-0.004,0.0025,2.500000000000002e-05,0.07274750488468866,256462.41569108877,8548.747189702959
153,14169,0.0975,-0.004,0.0075,2.500000000000002e-05,0.07274750488468866,256462.41569108877,8548.747189702959
154,14170,0.0975,-0.004,0.0125,2.5000000000000018e-05,0.07274750488468866,256462.41569108877,8548.747189702959
155,14171,0.0975,-0.004,0.0175,2.5000000000000028e-05,0.07274750488468866,256462.41569108877,8548.747189702959
156,14172,0.0975,-0.004,0.0225,2.5000000000000028e-05,0.07274750488468866,256462.41569108877,8548.747189702959
157,14173,0.0975,-0.004,0.0275,2.500000000000001e-05,0.07274750488468866,256462.41569108877,8548.747189702959
158,14174,0.0975,-0.004,0.0325,2.5000000000000045e-05,0.07274750488468866,256462.41569108877,8548.747189702959
159,14175,0.0975,-0.004,0.037500000000000006,2.500000000000001e-05,0.07274750488468866,256462.41569108877,8548.747189702959
160,14176,0.10250000000000001,-0.004,0.0025,2.4999999999999954e-05,0.07647814616082653,259409.08151671273,8646.969383890424
161,14177,0.10250000000000001,-0.004,0.0075,2.4999999999999954e-05,0.07647814616082653,259409.08151671273,8646.969383890424
162,14178,0.10250000000000001,-0.004,0.0125,2.499999999999995e-05,0.07647814616082653,259409.08151671273,8646.969383890424
163,14179,0.10250000000000001,-0.004,0.0175,2.4999999999999957e-05,0.07647814616082653,259409.08151671273,8646.969383890424
164,14180,0.10250000000000001,-0.004,0.0225,2.4999999999999957e-05,0.07647814616082653,259409.08151671273,8646.969383890424
165,14181,0.10250000000000001,-0.004,0.0275,2.499999999999994e-05,0.07647814616082653,259409.08151671273,8646.969383890424
166,14182,0.10250000000000001,-0.004,0.0325,2.4999999999999974e-05,0.07647814616082653,259409.08151671273,8646.969383890424
167,14183,0.10250000000000001,-0.004,0.037500000000000006,2.499999999999994e-05,0.07647814616082653,259409.08151671273,8646.969383890424
168,14184,0.1075,-0.004,0.0025,2.500000000000002e-05,0.08020878743696441,263895.48372278357,8796.516124092786
169,14185,0.1075,-0.004,0.0075,2.500000000000002e-05,0.08020878743696441,263895.48372278357,8796.516124092786
170,14186,0.1075,-0.004,0.0125,2.5000000000000018e-05,0.08020878743696441,263895.48372278357,8796.516124092786
171,14187,0.1075,-0.004,0.0175,2.5000000000000028e-05,0.08020878743696441,263895.48372278357,8796.516124092786
172,14188,0.1075,-0.004,0.0225,2.5000000000000028e-05,0.08020878743696441,263895.48372278357,8796.516124092786
173,14189,0.1075,-0.004,0.0275,2.500000000000001e-05,0.08020878743696441,263895.48372278357,8796.516124092786
174,14190,0.1075,-0.004,0.0325,2.5000000000000045e-05,0.08020878743696441,263895.48372278357,8796.516124092786
175,14191,0.1075,-0.004,0.037500000000000006,2.500000000000001e-05,0.08020878743696441,263895.48372278357,8796.516124092786
176,14192,0.1125,-0.004,0.0025,2.500000000000002e-05,0.0839394287131023,270660.50531485205,9022.016843828402
177,14193,0.1125,-0.004,0.0075,2.500000000000002e-05,0.0839394287131023,270660.50531485205,9022.016843828402
178,14194,0.1125,-0.004,0.0125,2.5000000000000018e-05,0.0839394287131023,270660.50531485205,9022.016843828402
179,14195,0.1125,-0.004,0.0175,2.5000000000000028e-05,0.0839394287131023,270660.50531485205,9022.016843828402
180,14196,0.1125,-0.004,0.0225,2.5000000000000028e-05,0.0839394287131023,270660.50531485205,9022.016843828402
181,14197,0.1125,-0.004,0.0275,2.500000000000001e-05,0.0839394287131023,270660.50531485205,9022.016843828402
182,14198,0.1125,-0.004,0.0325,2.5000000000000045e-05,0.0839394287131023,270660.50531485205,9022.016843828402
183,14199,0.1125,-0.004,0.037500000000000006,2.500000000000001e-05,0.0839394287131023,270660.50531485205,9022.016843828402
184,14200,0.1175,-0.004,0.0025,2.4999999999999954e-05,0.08767006998924017,281230.82839993644,9374.360946664548
185,14201,0.1175,-0.004,0.0075,2.4999999999999954e-05,0.08767006998924017,281230.82839993644,9374.360946664548
186,14202,0.1175,-0.004,0.0125,2.499999999999995e-05,0.08767006998924017,281230.82839993644,9374.360946664548
187,14203,0.1175,-0.004,0.0175,2.4999999999999957e-05,0.08767006998924017,281230.82839993644,9374.360946664548
188,14204,0.1175,-0.004,0.0225,2.4999999999999957e-05,0.08767006998924017,281230.82839993644,9374.360946664548
189,14205,0.1175,-0.004,0.0275,2.499999999999994e-05,0.08767006998924017,281230.82839993644,9374.360946664548
190,14206,0.1175,-0.004,0.0325,2.4999999999999974e-05,0.08767006998924017,281230.82839993644,9374.360946664548
191,14207,0.1175,-0.004,0.037500000000000006,2.499999999999994e-05,0.08767006998924017,281230.82839993644,9374.360946664548
192,14208,0.1225,-0.004,0.0025,2.500000000000002e-05,0.09140071126537805,296593.0638450093,9886.43546150031
193,14209,0.1225,-0.004,0.0075,2.500000000000002e-05,0.09140071126537805,296593.0638450093,9886.43546150031
194,14210,0.1225,-0.004,0.0125,2.5000000000000018e-05,0.09140071126537805,296593.0638450093,9886.43546150031
195,14211,0.1225,-0.004,0.0175,2.5000000000000028e-05,0.09140071126537805,296593.0638450093,9886.43546150031
196,14212,0.1225,-0.004,0.0225,2.5000000000000028e-05,0.09140071126537805,296593.0638450093,9886.43546150031
197,14213,0.1225,-0.004,0.0275,2.500000000000001e-05,0.09140071126537805,296593.0638450093,9886.43546150031
198,14214,0.1225,-0.004,0.0325,2.5000000000000045e-05,0.09140071126537805,296593.0638450093,9886.43546150031
199,14215,0.1225,-0.004,0.037500000000000006,2.500000000000001e-05,0.09140071126537805,296593.0638450093,9886.43546150031
200,14216,0.1275,-0.004,0.0025,2.500000000000002e-05,0.09513135254151593,318926.19543850265,10630.873181283421
201,14217,0.1275,-0.004,0.0075,2.500000000000002e-05,0.09513135254151593,318926.19543850265,10630.873181283421
202,14218,0.1275,-0.004,0.0125,2.5000000000000018e-05,0.09513135254151593,318926.19543850265,10630.873181283421
203,14219,0.1275,-0.004,0.0175,2.5000000000000028e-05,0.09513135254151593,318926.19543850265,10630.873181283421
204,14220,0.1275,-0.004,0.0225,2.5000000000000028e-05,0.09513135254151593,318926.19543850265,10630.873181283421
205,14221,0.1275,-0.004,0.0275,2.500000000000001e-05,0.09513135254151593,318926.19543850265,10630.873181283421
206,14222,0.1275,-0.004,0.0325,2.5000000000000045e-05,0.09513135254151593,318926.19543850265,10630.873181283421
207,14223,0.1275,-0.004,0.037500000000000006,2.500000000000001e-05,0.09513135254151593,318926.19543850265,10630.873181283421
208,14224,0.1325,-0.004,0.0025,2.500000000000002e-05,0.09886199381765381,351680.23425227794,11722.674475075932
209,14225,0.1325,-0.004,0.0075,2.500000000000002e-05,0.09886199381765381,351680.23425227794,11722.674475075932
210,14226,0.1325,-0.004,0.0125,2.5000000000000018e-05,0.09886199381765381,351680.23425227794,11722.674475075932
211,14227,0.1325,-0.004,0.0175,2.5000000000000028e-05,0.09886199381765381,351680.23425227794,11722.674475075932
212,14228,0.1325,-0.004,0.0225,2.5000000000000028e-05,0.09886199381765381,351680.23425227794,11722.674475075932
213,14229,0.1325,-0.004,0.0275,2.500000000000001e-05,0.09886199381765381,351680.23425227794,11722.674475075932
214,14230,0.1325,-0.004,0.0325,2.5000000000000045e-05,0.09886199381765381,351680.23425227794,11722.674475075932
215,14231,0.1325,-0.004,0.037500000000000006,2.500000000000001e-05,0.09886199381765381,351680.23425227794,11722.674475075932
216,14232,0.1375,-0.004,0.0025,2.500000000000002e-05,0.1025926350937917,400024.9855493018,13334.166184976726
217,14233,0.1375,-0.004,0.0075,2.500000000000002e-05,0.1025926350937917,400024.9855493018,13334.166184976726
218,14234,0.1375,-0.004,0.0125,2.5000000000000018e-05,0.1025926350937917,400024.9855493018,13334.166184976726
219,14235,0.1375,-0.004,0.0175,2.5000000000000028e-05,0.1025926350937917,400024.9855493018,13334.166184976726
220,14236,0.1375,-0.004,0.0225,2.5000000000000028e-05,0.1025926350937917,400024.9855493018,13334.166184976726
221,14237,0.1375,-0.004,0.0275,2.500000000000001e-05,0.1025926350937917,400024.9855493018,13334.166184976726
222,14238,0.1375,-0.004,0.0325,2.5000000000000045e-05,0.1025926350937917,400024.9855493018,13334.166184976726
223,14239,0.1375,-0.004,0.037500000000000006,2.500000000000001e-05,0.1025926350937917,400024.9855493018,13334.166184976726
224,14240,0.14250000000000002,-0.004,0.0025,2.4999999999999883e-05,0.10632327636992958,473827.1537815782,15794.238459385939
225,14241,0.14250000000000002,-0.004,0.0075,2.4999999999999883e-05,0.10632327636992958,473827.1537815782,15794.238459385939
226,14242,0.14250000000000002,-0.004,0.0125,2.499999999999988e-05,0.10632327636992958,473827.1537815782,15794.238459385939
227,14243,0.14250000000000002,-0.004,0.0175,2.499999999999989e-05,0.10632327636992958,473827.1537815782,15794.238459385939
228,14244,0.14250000000000002,-0.004,0.0225,2.499999999999989e-05,0.10632327636992958,473827.1537815782,15794.238459385939
229,14245,0.14250000000000002,-0.004,0.0275,2.4999999999999872e-05,0.10632327636992958,473827.1537815782,15794.238459385939
230,14246,0.14250000000000002,-0.004,0.0325,2.4999999999999906e-05,0.10632327636992958,473827.1537815782,15794.238459385939
231,14247,0.14250000000000002,-0.004,0.037500000000000006,2.4999999999999872e-05,0.10632327636992958,473827.1537815782,15794.238459385939
232,14248,0.1475,-0.004,0.0025,2.500000000000002e-05,0.11005391764606744,573896.4921122332,19129.883070407774
233,14249,0.1475,-0.004,0.0075,2.500000000000002e-05,0.11005391764606744,573896.4921122332,19129.883070407774
234,14250,0.1475,-0.004,0.0125,2.5000000000000018e-05,0.11005391764606744,573896.4921122332,19129.883070407774
235,14251,0.1475,-0.004,0.0175,2.5000000000000028e-05,0.11005391764606744,573896.4921122332,19129.883070407774
236,14252,0.1475,-0.004,0.0225,2.5000000000000028e-05,0.11005391764606744,573896.4921122332,19129.883070407774
237,14253,0.1475,-0.004,0.0275,2.500000000000001e-05,0.11005391764606744,573896.4921122332,19129.883070407774
238,14254,0.1475,-0.004,0.0325,2.5000000000000045e-05,0.11005391764606744,573896.4921122332,19129.883070407774
239,14255,0.1475,-0.004,0.037500000000000006,2.500000000000001e-05,0.11005391764606744,573896.4921122332,19129.883070407774
240,14256,0.1525,-0.004,0.0025,2.500000000000002e-05,0.11378455892220532,696133.3430565011,23204.444768550038
241,14257,0.1525,-0.004,0.0075,2.500000000000002e-05,0.11378455892220532,696133.3430565011,23204.444768550038
242,14258,0.1525,-0.004,0.0125,2.5000000000000018e-05,0.11378455892220532,696133.3430565011,23204.444768550038
243,14259,0.1525,-0.004,0.0175,2.5000000000000028e-05,0.11378455892220532,696133.3430565011,23204.444768550038
244,14260,0.1525,-0.004,0.0225,2.5000000000000028e-05,0.11378455892220532,696133.3430565011,23204.444768550038
245,14261,0.1525,-0.004,0.0275,2.500000000000001e-05,0.11378455892220532,696133.3430565011,23204.444768550038
246,14262,0.1525,-0.004,0.0325,2.5000000000000045e-05,0.11378455892220532,696133.3430565011,23204.444768550038
247,14263,0.1525,-0.004,0.037500000000000006,2.500000000000001e-05,0.11378455892220532,696133.3430565011,23204.444768550038
248,14264,0.1575,-0.004,0.0025,2.500000000000002e-05,0.1175152001983432,829499.8466818294,27649.994889394315
249,14265,0.1575,-0.004,0.0075,2.500000000000002e-05,0.1175152001983432,829499.8466818294,27649.994889394315
250,14266,0.1575,-0.004,0.0125,2.5000000000000018e-05,0.1175152001983432,829499.8466818294,27649.994889394315
251,14267,0.1575,-0.004,0.0175,2.5000000000000028e-05,0.1175152001983432,829499.8466818294,27649.994889394315
252,14268,0.1575,-0.004,0.0225,2.5000000000000028e-05,0.1175152001983432,829499.8466818294,27649.994889394315
253,14269,0.1575,-0.004,0.0275,2.500000000000001e-05,0.1175152001983432,829499.8466818294,27649.994889394315
254,14270,0.1575,-0.004,0.0325,2.5000000000000045e-05,0.1175152001983432,829499.8466818294,27649.994889394315
255,14271,0.1575,-0.004,0.037500000000000006,2.500000000000001e-05,0.1175152001983432,829499.8466818294,27649.994889394315
256,14272,0.1625,-0.004,0.0025,2.500000000000002e-05,0.12124584147448109,957966.704600336,31932.223486677867
257,14273,0.1625,-0.004,0.0075,2.500000000000002e-05,0.12124584147448109,957966.704600336,31932.223486677867
258,14274,0.1625,-0.004,0.0125,2.5000000000000018e-05,0.12124584147448109,957966.704600336,31932.223486677867
259,14275,0.1625,-0.004,0.0175,2.5000000000000028e-05,0.12124584147448109,957966.704600336,31932.223486677867
260,14276,0.1625,-0.004,0.0225,2.5000000000000028e-05,0.12124584147448109,957966.704600336,31932.223486677867
261,14277,0.1625,-0.004,0.0275,2.500000000000001e-05,0.12124584147448109,957966.704600336,31932.223486677867
262,14278,0.1625,-0.004,0.0325,2.5000000000000045e-05,0.12124584147448109,957966.704600336,31932.223486677867
263,14279,0.1625,-0.004,0.037500000000000006,2.500000000000001e-05,0.12124584147448109,957966.704600336,31932.223486677867
264,14280,0.1675,-0.004,0.0025,2.500000000000002e-05,0.12497648275061897,1075175.73594257,35839.19119808567
265,14281,0.1675,-0.004,0.0075,2.500000000000002e-05,0.12497648275061897,1075175.73594257,35839.19119808567
266,14282,0.1675,-0.004,0.0125,2.5000000000000018e-05,0.12497648275061897,1075175.73594257,35839.19119808567
267,14283,0.1675,-0.004,0.0175,2.5000000000000028e-05,0.12497648275061897,1075175.73594257,35839.19119808567
268,14284,0.1675,-0.004,0.0225,2.5000000000000028e-05,0.12497648275061897,1075175.73594257,35839.19119808567
269,14285,0.1675,-0.004,0.0275,2.500000000000001e-05,0.12497648275061897,1075175.73594257,35839.19119808567
270,14286,0.1675,-0.004,0.0325,2.5000000000000045e-05,0.12497648275061897,1075175.73594257,35839.19119808567
271,14287,0.1675,-0.004,0.037500000000000006,2.500000000000001e-05,0.12497648275061897,1075175.73594257,35839.19119808567
272,14288,0.17250000000000001,-0.004,0.0025,2.4999999999999883e-05,0.12870712402675685,1182894.964439277,39429.8321479759
273,14289,0.17250000000000001,-0.004,0.0075,2.4999999999999883e-05,0.12870712402675685,1182894.964439277,39429.8321479759
274,14290,0.17250000000000001,-0.004,0.0125,2.499999999999988e-05,0.12870712402675685,1182894.964439277,39429.8321479759
275,14291,0.17250000000000001,-0.004,0.0175,2.499999999999989e-05,0.12870712402675685,1182894.964439277,39429.8321479759
276,14292,0.17250000000000001,-0.004,0.0225,2.499999999999989e-05,0.12870712402675685,1182894.964439277,39429.8321479759
277,14293,0.17250000000000001,-0.004,0.0275,2.4999999999999872e-05,0.12870712402675685,1182894.964439277,39429.8321479759
278,14294,0.17250000000000001,-0.004,0.0325,2.4999999999999906e-05,0.12870712402675685,1182894.964439277,39429.8321479759
279,14295,0.17250000000000001,-0.004,0.037500000000000006,2.4999999999999872e-05,0.12870712402675685,1182894.964439277,39429.8321479759
280,14296,0.1775,-0.004,0.0025,2.500000000000002e-05,0.13243776530289472,1290390.2510773197,43013.00836924399
281,14297,0.1775,-0.004,0.0075,2.500000000000002e-05,0.13243776530289472,1290390.2510773197,43013.00836924399
282,14298,0.1775,-0.004,0.0125,2.5000000000000018e-05,0.13243776530289472,1290390.2510773197,43013.00836924399
283,14299,0.1775,-0.004,0.0175,2.5000000000000028e-05,0.13243776530289472,1290390.2510773197,43013.00836924399
284,14300,0.1775,-0.004,0.0225,2.5000000000000028e-05,0.13243776530289472,1290390.2510773197,43013.00836924399
285,14301,0.1775,-0.004,0.0275,2.500000000000001e-05,0.13243776530289472,1290390.2510773197,43013.00836924399
286,14302,0.1775,-0.004,0.0325,2.5000000000000045e-05,0.13243776530289472,1290390.2510773197,43013.00836924399
287,14303,0.1775,-0.004,0.037500000000000006,2.500000000000001e-05,0.13243776530289472,1290390.2510773197,43013.00836924399
288,14304,0.1825,-0.004,0.0025,2.500000000000002e-05,0.13616840657903262,1397311.4665212734,46577.048884042444
289,14305,0.1825,-0.004,0.0075,2.500000000000002e-05,0.13616840657903262,1397311.4665212734,46577.048884042444
290,14306,0.1825,-0.004,0.0125,2.5000000000000018e-05,0.13616840657903262,1397311.4665212734,46577.048884042444
291,14307,0.1825,-0.004,0.0175,2.5000000000000028e-05,0.13616840657903262,1397311.4665212734,46577.048884042444
292,14308,0.1825,-0.004,0.0225,2.5000000000000028e-05,0.13616840657903262,1397311.4665212734,46577.048884042444
293,14309,0.1825,-0.004,0.0275,2.500000000000001e-05,0.13616840657903262,1397311.4665212734,46577.048884042444
294,14310,0.1825,-0.004,0.0325,2.5000000000000045e-05,0.13616840657903262,1397311.4665212734,46577.048884042444
295,14311,0.1825,-0.004,0.037500000000000006,2.500000000000001e-05,0.13616840657903262,1397311.4665212734,46577.048884042444
296,14312,0.1875,-0.004,0.0025,2.500000000000002e-05,0.1398990478551705,1494535.047444303,49817.834914810104
297,14313,0.1875,-0.004,0.0075,2.500000000000002e-05,0.1398990478551705,1494535.047444303,49817.834914810104
298,14314,0.1875,-0.004,0.0125,2.5000000000000018e-05,0.1398990478551705,1494535.047444303,49817.834914810104
299,14315,0.1875,-0.004,0.0175,2.5000000000000028e-05,0.1398990478551705,1494535.047444303,49817.834914810104
300,14316,0.1875,-0.004,0.0225,2.5000000000000028e-05,0.1398990478551705,1494535.047444303,49817.834914810104
301,14317,0.1875,-0.004,0.0275,2.500000000000001e-05,0.1398990478551705,1494535.047444303,49817.834914810104
302,14318,0.1875,-0.004,0.0325,2.5000000000000045e-05,0.1398990478551705,1494535.047444303,49817.834914810104
303,14319,0.1875,-0.004,0.037500000000000006,2.500000000000001e-05,0.1398990478551705,1494535.047444303,49817.834914810104
304,14320,0.1925,-0.004,0.0025,2.500000000000002e-05,0.14362968913130839,1553417.200811834,51780.57336039447
305,14321,0.1925,-0.004,0.0075,2.500000000000002e-05,0.14362968913130839,1553417.200811834,51780.57336039447
306,14322,0.1925,-0.004,0.0125,2.5000000000000018e-05,0.14362968913130839,1553417.200811834,51780.57336039447
307,14323,0.1925,-0.004,0.0175,2.5000000000000028e-05,0.14362968913130839,1553417.200811834,51780.57336039447
308,14324,0.1925,-0.004,0.0225,2.5000000000000028e-05,0.14362968913130839,1553417.200811834,51780.57336039447
309,14325,0.1925,-0.004,0.0275,2.500000000000001e-05,0.14362968913130839,1553417.200811834,51780.57336039447
310,14326,0.1925,-0.004,0.0325,2.5000000000000045e-05,0.14362968913130839,1553417.200811834,51780.57336039447
311,14327,0.1925,-0.004,0.037500000000000006,2.500000000000001e-05,0.14362968913130839,1553417.200811834,51780.57336039447
312,14328,0.1975,-0.004,0.0025,2.500000000000002e-05,0.14736033040744625,1570924.2243242182,52364.14081080727
313,14329,0.1975,-0.004,0.0075,2.500000000000002e-05,0.14736033040744625,1570924.2243242182,52364.14081080727
314,14330,0.1975,-0.004,0.0125,2.5000000000000018e-05,0.14736033040744625,1570924.2243242182,52364.14081080727
315,14331,0.1975,-0.004,0.0175,2.5000000000000028e-05,0.14736033040744625,1570924.2243242182,52364.14081080727
316,14332,0.1975,-0.004,0.0225,2.5000000000000028e-05,0.14736033040744625,1570924.2243242182,52364.14081080727
317,14333,0.1975,-0.004,0.0275,2.500000000000001e-05,0.14736033040744625,1570924.2243242182,52364.14081080727
318,14334,0.1975,-0.004,0.0325,2.5000000000000045e-05,0.14736033040744625,1570924.2243242182,52364.14081080727
319,14335,0.1975,-0.004,0.037500000000000006,2.500000000000001e-05,0.14736033040744625,1570924.2243242182,52364.14081080727
320,14336,0.2025,-0.004,0.0025,2.4999999999999883e-05,0.15109097168358412,1557793.95668993,51926.46522299767
321,14337,0.2025,-0.004,0.0075,2.4999999999999883e-05,0.15109097168358412,1557793.95668993,51926.46522299767
322,14338,0.2025,-0.004,0.0125,2.499999999999988e-05,0.15109097168358412,1557793.95668993,51926.46522299767
323,14339,0.2025,-0.004,0.0175,2.499999999999989e-05,0.15109097168358412,1557793.95668993,51926.46522299767
324,14340,0.2025,-0.004,0.0225,2.499999999999989e-05,0.15109097168358412,1557793.95668993,51926.46522299767
325,14341,0.2025,-0.004,0.0275,2.4999999999999872e-05,0.15109097168358412,1557793.95668993,51926.46522299767
326,14342,0.2025,-0.004,0.0325,2.4999999999999906e-05,0.15109097168358412,1557793.95668993,51926.46522299767
327,14343,0.2025,-0.004,0.037500000000000006,2.4999999999999872e-05,0.15109097168358412,1557793.95668993,51926.46522299767
328,14344,0.2075,-0.004,0.0025,2.500000000000002e-05,0.154821612959722,1505436.1269422197,50181.204231407326
329,14345,0.2075,-0.004,0.0075,2.500000000000002e-05,0.154821612959722,1505436.1269422197,50181.204231407326
330,14346,0.2075,-0.004,0.0125,2.5000000000000018e-05,0.154821612959722,1505436.1269422197,50181.204231407326
331,14347,0.2075,-0.004,0.0175,2.5000000000000028e-05,0.154821612959722,1505436.1269422197,50181.204231407326
332,14348,0.2075,-0.004,0.0225,2.5000000000000028e-05,0.154821612959722,1505436.1269422197,50181.204231407326
333,14349,0.2075,-0.004,0.0275,2.500000000000001e-05,0.154821612959722,1505436.1269422197,50181.204231407326
334,14350,0.2075,-0.004,0.0325,2.5000000000000045e-05,0.154821612959722,1505436.1269422197,50181.204231407326
335,14351,0.2075,-0.004,0.037500000000000006,2.500000000000001e-05,0.154821612959722,1505436.1269422197,50181.204231407326
336,14352,0.2125,-0.004,0.0025,2.500000000000002e-05,0.1585522542358599,1415125.26508324,47170.842169441334
337,14353,0.2125,-0.004,0.0075,2.500000000000002e-05,0.1585522542358599,1415125.26508324,47170.842169441334
338,14354,0.2125,-0.004,0.0125,2.5000000000000018e-05,0.1585522542358599,1415125.26508324,47170.842169441334
339,14355,0.2125,-0.004,0.0175,2.5000000000000028e-05,0.1585522542358599,1415125.26508324,47170.842169441334
340,14356,0.2125,-0.004,0.0225,2.5000000000000028e-05,0.1585522542358599,1415125.26508324,47170.842169441334
341,14357,0.2125,-0.004,0.0275,2.500000000000001e-05,0.1585522542358599,1415125.26508324,47170.842169441334
342,14358,0.2125,-0.004,0.0325,2.5000000000000045e-05,0.1585522542358599,1415125.26508324,47170.842169441334
343,14359,0.2125,-0.004,0.037500000000000006,2.500000000000001e-05,0.1585522542358599,1415125.26508324,47170.842169441334
344,14360,0.2175,-0.004,0.0025,2.500000000000002e-05,0.16228289551199776,1308223.2616753567,43607.44205584522
345,14361,0.2175,-0.004,0.0075,2.500000000000002e-05,0.16228289551199776,1308223.2616753567,43607.44205584522
346,14362,0.2175,-0.004,0.0125,2.5000000000000018e-05,0.16228289551199776,1308223.2616753567,43607.44205584522
347,14363,0.2175,-0.004,0.0175,2.5000000000000028e-05,0.16228289551199776,1308223.2616753567,43607.44205584522
348,14364,0.2175,-0.004,0.0225,2.5000000000000028e-05,0.16228289551199776,1308223.2616753567,43607.44205584522
349,14365,0.2175,-0.004,0.0275,2.500000000000001e-05,0.16228289551199776,1308223.2616753567,43607.44205584522
350,14366,0.2175,-0.004,0.0325,2.5000000000000045e-05,0.16228289551199776,1308223.2616753567,43607.44205584522
351,14367,0.2175,-0.004,0.037500000000000006,2.500000000000001e-05,0.16228289551199776,1308223.2616753567,43607.44205584522
352,14368,0.2225,-0.004,0.0025,2.500000000000002e-05,0.16601353678813566,1200893.7160538873,40029.79053512958
353,14369,0.2225,-0.004,0.0075,2.500000000000002e-05,0.16601353678813566,1200893.7160538873,40029.79053512958
354,14370,0.2225,-0.004,0.0125,2.5000000000000018e-05,0.16601353678813566,1200893.7160538873,40029.79053512958
355,14371,0.2225,-0.004,0.0175,2.5000000000000028e-05,0.16601353678813566,1200893.7160538873,40029.79053512958
356,14372,0.2225,-0.004,0.0225,2.5000000000000028e-05,0.16601353678813566,1200893.7160538873,40029.79053512958
357,14373,0.2225,-0.004,0.0275,2.500000000000001e-05,0.16601353678813566,1200893.7160538873,40029.79053512958
358,14374,0.2225,-0.004,0.0325,2.5000000000000045e-05,0.16601353678813566,1200893.7160538873,40029.79053512958
359,14375,0.2225,-0.004,0.037500000000000006,2.500000000000001e-05,0.16601353678813566,1200893.7160538873,40029.79053512958
360,14376,0.2275,-0.004,0.0025,2.500000000000002e-05,0.16974417806427353,1093106.1672594314,36436.87224198105
361,14377,0.2275,-0.004,0.0075,2.500000000000002e-05,0.16974417806427353,1093106.1672594314,36436.87224198105
362,14378,0.2275,-0.004,0.0125,2.5000000000000018e-05,0.16974417806427353,1093106.1672594314,36436.87224198105
363,14379,0.2275,-0.004,0.0175,2.5000000000000028e-05,0.16974417806427353,1093106.1672594314,36436.87224198105
364,14380,0.2275,-0.004,0.0225,2.5000000000000028e-05,0.16974417806427353,1093106.1672594314,36436.87224198105
365,14381,0.2275,-0.004,0.0275,2.500000000000001e-05,0.16974417806427353,1093106.1672594314,36436.87224198105
366,14382,0.2275,-0.004,0.0325,2.5000000000000045e-05,0.16974417806427353,1093106.1672594314,36436.87224198105
367,14383,0.2275,-0.004,0.037500000000000006,2.500000000000001e-05,0.16974417806427353,1093106.1672594314,36436.87224198105
368,14384,0.23249999999999998,-0.004,0.0025,2.4999999999999883e-05,0.1734748193404114,977822.4246054171,32594.08082018057
369,14385,0.23249999999999998,-0.004,0.0075,2.4999999999999883e-05,0.1734748193404114,977822.4246054171,32594.08082018057
370,14386,0.23249999999999998,-0.004,0.0125,2.499999999999988e-05,0.1734748193404114,977822.4246054171,32594.08082018057
371,14387,0.23249999999999998,-0.004,0.0175,2.499999999999989e-05,0.1734748193404114,977822.4246054171,32594.08082018057
372,14388,0.23249999999999998,-0.004,0.0225,2.499999999999989e-05,0.1734748193404114,977822.4246054171,32594.08082018057
373,14389,0.23249999999999998,-0.004,0.0275,2.4999999999999872e-05,0.1734748193404114,977822.4246054171,32594.08082018057
374,14390,0.23249999999999998,-0.004,0.0325,2.4999999999999906e-05,0.1734748193404114,977822.4246054171,32594.08082018057
375,14391,0.23249999999999998,-0.004,0.037500000000000006,2.4999999999999872e-05,0.1734748193404114,977822.4246054171,32594.08082018057
376,14392,0.2375,-0.004,0.0025,2.500000000000002e-05,0.17720546061654927,852035.1147792122,28401.170492640405
377,14393,0.2375,-0.004,0.0075,2.500000000000002e-05,0.17720546061654927,852035.1147792122,28401.170492640405
378,14394,0.2375,-0.004,0.0125,2.5000000000000018e-05,0.17720546061654927,852035.1147792122,28401.170492640405
379,14395,0.2375,-0.004,0.0175,2.5000000000000028e-05,0.17720546061654927,852035.1147792122,28401.170492640405
380,14396,0.2375,-0.004,0.0225,2.5000000000000028e-05,0.17720546061654927,852035.1147792122,28401.170492640405
381,14397,0.2375,-0.004,0.0275,2.500000000000001e-05,0.17720546061654927,852035.1147792122,28401.170492640405
382,14398,0.2375,-0.004,0.0325,2.5000000000000045e-05,0.17720546061654927,852035.1147792122,28401.170492640405
383,14399,0.2375,-0.004,0.037500000000000006,2.500000000000001e-05,0.17720546061654927,852035.1147792122,28401.170492640405
384,14400,0.2425,-0.004,0.0025,2.500000000000002e-05,0.18093610189268716,717746.058674406,23924.8686224802
385,14401,0.2425,-0.004,0.0075,2.500000000000002e-05,0.18093610189268716,717746.058674406,23924.8686224802
386,14402,0.2425,-0.004,0.0125,2.5000000000000018e-05,0.18093610189268716,717746.058674406,23924.8686224802
387,14403,0.2425,-0.004,0.0175,2.5000000000000028e-05,0.18093610189268716,717746.058674406,23924.8686224802
388,14404,0.2425,-0.004,0.0225,2.5000000000000028e-05,0.18093610189268716,717746.058674406,23924.8686224802
389,14405,0.2425,-0.004,0.0275,2.500000000000001e-05,0.18093610189268716,717746.058674406,23924.8686224802
390,14406,0.2425,-0.004,0.0325,2.5000000000000045e-05,0.18093610189268716,717746.058674406,23924.8686224802
391,14407,0.2425,-0.004,0.037500000000000006,2.500000000000001e-05,0.18093610189268716,717746.058674406,23924.8686224802
392,14408,0.2475,-0.004,0.0025,2.500000000000002e-05,0.18466674316882503,593029.393475759,19767.646449191965
393,14409,0.2475,-0.004,0.0075,2.500000000000002e-05,0.18466674316882503,593029.393475759,19767.646449191965
394,14410,0.2475,-0.004,0.0125,2.5000000000000018e-05,0.18466674316882503,593029.393475759,19767.646449191965
395,14411,0.2475,-0.004,0.0175,2.5000000000000028e-05,0.18466674316882503,593029.393475759,19767.646449191965
396,14412,0.2475,-0.004,0.0225,2.5000000000000028e-05,0.18466674316882503,593029.393475759,19767.646449191965
397,14413,0.2475,-0.004,0.0275,2.500000000000001e-05,0.18466674316882503,593029.393475759,19767.646449191965
398,14414,0.2475,-0.004,0.0325,2.5000000000000045e-05,0.18466674316882503,593029.393475759,19767.646449191965
399,14415,0.2475,-0.004,0.037500000000000006,2.500000000000001e-05,0.18466674316882503,593029.393475759,19767.646449191965
400,14416,0.2525,-0.004,0.0025,2.500000000000002e-05,0.18839738444496293,489278.0376824782,16309.267922749274
401,14417,0.2525,-0.004,0.0075,2.500000000000002e-05,0.18839738444496293,489278.0376824782,16309.267922749274
402,14418,0.2525,-0.004,0.0125,2.5000000000000018e-05,0.18839738444496293,489278.0376824782,16309.267922749274
403,14419,0.2525,-0.004,0.0175,2.5000000000000028e-05,0.18839738444496293,489278.0376824782,16309.267922749274
404,14420,0.2525,-0.004,0.0225,2.5000000000000028e-05,0.18839738444496293,489278.0376824782,16309.267922749274
405,14421,0.2525,-0.004,0.0275,2.500000000000001e-05,0.18839738444496293,489278.0376824782,16309.267922749274
406,14422,0.2525,-0.004,0.0325,2.5000000000000045e-05,0.18839738444496293,489278.0376824782,16309.267922749274
407,14423,0.2525,-0.004,0.037500000000000006,2.500000000000001e-05,0.18839738444496293,489278.0376824782,16309.267922749274
408,14424,0.2575,-0.004,0.0025,2.500000000000002e-05,0.1921280257211008,411695.24241557665,13723.174747185889
409,14425,0.2575,-0.004,0.0075,2.500000000000002e-05,0.1921280257211008,411695.24241557665,13723.174747185889
410,14426,0.2575,-0.004,0.0125,2.5000000000000018e-05,0.1921280257211008,411695.24241557665,13723.174747185889
411,14427,0.2575,-0.004,0.0175,2.5000000000000028e-05,0.1921280257211008,411695.24241557665,13723.174747185889
412,14428,0.2575,-0.004,0.0225,2.5000000000000028e-05,0.1921280257211008,411695.24241557665,13723.174747185889
413,14429,0.2575,-0.004,0.0275,2.500000000000001e-05,0.1921280257211008,411695.24241557665,13723.174747185889
414,14430,0.2575,-0.004,0.0325,2.5000000000000045e-05,0.1921280257211008,411695.24241557665,13723.174747185889
415,14431,0.2575,-0.004,0.037500000000000006,2.500000000000001e-05,0.1921280257211008,411695.24241557665,13723.174747185889
416,14432,0.2625,-0.004,0.0025,2.500000000000002e-05,0.1958586669972387,357711.6170548551,11923.72056849517
417,14433,0.2625,-0.004,0.0075,2.500000000000002e-05,0.1958586669972387,357711.6170548551,11923.72056849517
418,14434,0.2625,-0.004,0.0125,2.5000000000000018e-05,0.1958586669972387,357711.6170548551,11923.72056849517
419,14435,0.2625,-0.004,0.0175,2.5000000000000028e-05,0.1958586669972387,357711.6170548551,11923.72056849517
420,14436,0.2625,-0.004,0.0225,2.5000000000000028e-05,0.1958586669972387,357711.6170548551,11923.72056849517
421,14437,0.2625,-0.004,0.0275,2.500000000000001e-05,0.1958586669972387,357711.6170548551,11923.72056849517
422,14438,0.2625,-0.004,0.0325,2.5000000000000045e-05,0.1958586669972387,357711.6170548551,11923.72056849517
423,14439,0.2625,-0.004,0.037500000000000006,2.500000000000001e-05,0.1958586669972387,357711.6170548551,11923.72056849517
424,14440,0.2675,-0.004,0.0025,2.500000000000002e-05,0.19958930827337656,323240.44924022985,10774.681641340994
425,14441,0.2675,-0.004,0.0075,2.500000000000002e-05,0.19958930827337656,323240.44924022985,10774.681641340994
426,14442,0.2675,-0.004,0.0125,2.5000000000000018e-05,0.19958930827337656,323240.44924022985,10774.681641340994
427,14443,0.2675,-0.004,0.0175,2.5000000000000028e-05,0.19958930827337656,323240.44924022985,10774.681641340994
428,14444,0.2675,-0.004,0.0225,2.5000000000000028e-05,0.19958930827337656,323240.44924022985,10774.681641340994
429,14445,0.2675,-0.004,0.0275,2.500000000000001e-05,0.19958930827337656,323240.44924022985,10774.681641340994
430,14446,0.2675,-0.004,0.0325,2.5000000000000045e-05,0.19958930827337656,323240.44924022985,10774.681641340994
431,14447,0.2675,-0.004,0.037500000000000006,2.500000000000001e-05,0.19958930827337656,323240.44924022985,10774.681641340994
432,14448,0.2725,-0.004,0.0025,2.500000000000002e-05,0.20331994954951446,299723.1872411134,9990.772908037114
433,14449,0.2725,-0.004,0.0075,2.500000000000002e-05,0.20331994954951446,299723.1872411134,9990.772908037114
434,14450,0.2725,-0.004,0.0125,2.5000000000000018e-05,0.20331994954951446,299723.1872411134,9990.772908037114
435,14451,0.2725,-0.004,0.0175,2.5000000000000028e-05,0.20331994954951446,299723.1872411134,9990.772908037114
436,14452,0.2725,-0.004,0.0225,2.5000000000000028e-05,0.20331994954951446,299723.1872411134,9990.772908037114
437,14453,0.2725,-0.004,0.0275,2.500000000000001e-05,0.20331994954951446,299723.1872411134,9990.772908037114
438,14454,0.2725,-0.004,0.0325,2.5000000000000045e-05,0.20331994954951446,299723.1872411134,9990.772908037114
439,14455,0.2725,-0.004,0.037500000000000006,2.500000000000001e-05,0.20331994954951446,299723.1872411134,9990.772908037114
440,14456,0.2775,-0.004,0.0025,2.500000000000002e-05,0.20705059082565233,283506.32556315325,9450.210852105109
441,14457,0.2775,-0.004,0.0075,2.500000000000002e-05,0.20705059082565233,283506.32556315325,9450.210852105109
442,14458,0.2775,-0.004,0.0125,2.5000000000000018e-05,0.20705059082565233,283506.32556315325,9450.210852105109
443,14459,0.2775,-0.004,0.0175,2.5000000000000028e-05,0.20705059082565233,283506.32556315325,9450.210852105109
444,14460,0.2775,-0.004,0.0225,2.5000000000000028e-05,0.20705059082565233,283506.32556315325,9450.210852105109
445,14461,0.2775,-0.004,0.0275,2.500000000000001e-05,0.20705059082565233,283506.32556315325,9450.210852105109
446,14462,0.2775,-0.004,0.0325,2.5000000000000045e-05,0.20705059082565233,283506.32556315325,9450.210852105109
447,14463,0.2775,-0.004,0.037500000000000006,2.500000000000001e-05,0.20705059082565233,283506.32556315325,9450.210852105109
448,14464,0.2825,-0.004,0.0025,2.4999999999999744e-05,0.21078123210179017,272319.470499226,9077.315683307534
449,14465,0.2825,-0.004,0.0075,2.4999999999999744e-05,0.21078123210179017,272319.470499226,9077.315683307534
450,14466,0.2825,-0.004,0.0125,2.499999999999974e-05,0.21078123210179017,272319.470499226,9077.315683307534
451,14467,0.2825,-0.004,0.0175,2.499999999999975e-05,0.21078123210179017,272319.470499226,9077.315683307534
452,14468,0.2825,-0.004,0.0225,2.499999999999975e-05,0.21078123210179017,272319.470499226,9077.315683307534
453,14469,0.2825,-0.004,0.0275,2.4999999999999734e-05,0.21078123210179017,272319.470499226,9077.315683307534
454,14470,0.2825,-0.004,0.0325,2.4999999999999767e-05,0.21078123210179017,272319.470499226,9077.315683307534
455,14471,0.2825,-0.004,0.037500000000000006,2.4999999999999734e-05,0.21078123210179017,272319.470499226,9077.315683307534
456,14472,0.2875,-0.004,0.0025,2.500000000000002e-05,0.21451187337792804,264727.93533264694,8824.264511088231
457,14473,0.2875,-0.004,0.0075,2.500000000000002e-05,0.21451187337792804,264727.93533264694,8824.264511088231
458,14474,0.2875,-0.004,0.0125,2.5000000000000018e-05,0.21451187337792804,264727.93533264694,8824.264511088231
459,14475,0.2875,-0.004,0.0175,2.5000000000000028e-05,0.21451187337792804,264727.93533264694,8824.264511088231
460,14476,0.2875,-0.004,0.0225,2.5000000000000028e-05,0.21451187337792804,264727.93533264694,8824.264511088231
461,14477,0.2875,-0.004,0.0275,2.500000000000001e-05,0.21451187337792804,264727.93533264694,8824.264511088231
462,14478,0.2875,-0.004,0.0325,2.5000000000000045e-05,0.21451187337792804,264727.93533264694,8824.264511088231
463,14479,0.2875,-0.004,0.037500000000000006,2.500000000000001e-05,0.21451187337792804,264727.93533264694,8824.264511088231
464,14480,0.2925,-0.004,0.0025,2.500000000000002e-05,0.21824251465406594,259987.3794000213,8666.245980000711
465,14481,0.2925,-0.004,0.0075,2.500000000000002e-05,0.21824251465406594,259987.3794000213,8666.245980000711
466,14482,0.2925,-0.004,0.0125,2.5000000000000018e-05,0.21824251465406594,259987.3794000213,8666.245980000711
467,14483,0.2925,-0.004,0.0175,2.5000000000000028e-05,0.21824251465406594,259987.3794000213,8666.245980000711
468,14484,0.2925,-0.004,0.0225,2.5000000000000028e-05,0.21824251465406594,259987.3794000213,8666.245980000711
469,14485,0.2925,-0.004,0.0275,2.500000000000001e-05,0.21824251465406594,259987.3794000213,8666.245980000711
470,14486,0.2925,-0.004,0.0325,2.5000000000000045e-05,0.21824251465406594,259987.3794000213,8666.245980000711
471,14487,0.2925,-0.004,0.037500000000000006,2.500000000000001e-05,0.21824251465406594,259987.3794000213,8666.245980000711
472,14488,0.2975,-0.004,0.0025,2.500000000000002e-05,0.2219731559302038,256866.33974965443,8562.21132498848
473,14489,0.2975,-0.004,0.0075,2.500000000000002e-05,0.2219731559302038,256866.33974965443,8562.21132498848
474,14490,0.2975,-0.004,0.0125,2.5000000000000018e-05,0.2219731559302038,256866.33974965443,8562.21132498848
475,14491,0.2975,-0.004,0.0175,2.5000000000000028e-05,0.2219731559302038,256866.33974965443,8562.21132498848
476,14492,0.2975,-0.004,0.0225,2.5000000000000028e-05,0.2219731559302038,256866.33974965443,8562.21132498848
477,14493,0.2975,-0.004,0.0275,2.500000000000001e-05,0.2219731559302038,256866.33974965443,8562.21132498848
478,14494,0.2975,-0.004,0.0325,2.5000000000000045e-05,0.2219731559302038,256866.33974965443,8562.21132498848
479,14495,0.2975,-0.004,0.037500000000000006,2.500000000000001e-05,0.2219731559302038,256866.33974965443,8562.21132498848
480,14496,0.3025,-0.004,0.0025,2.500000000000002e-05,0.2257037972063417,254789.9414181959,8492.998047273197
481,14497,0.3025,-0.004,0.0075,2.500000000000002e-05,0.2257037972063417,254789.9414181959,8492.998047273197
482,14498,0.3025,-0.004,0.0125,2.5000000000000018e-05,0.2257037972063417,254789.9414181959,8492.998047273197
483,14499,0.3025,-0.004,0.0175,2.5000000000000028e-05,0.2257037972063417,254789.9414181959,8492.998047273197
484,14500,0.3025,-0.004,0.0225,2.5000000000000028e-05,0.2257037972063417,254789.9414181959,8492.998047273197
485,14501,0.3025,-0.004,0.0275,2.500000000000001e-05,0.2257037972063417,254789.9414181959,8492.998047273197
486,14502,0.3025,-0.004,0.0325,2.5000000000000045e-05,0.2257037972063417,254789.9414181959,8492.998047273197
487,14503,0.3025,-0.004,0.037500000000000006,2.500000000000001e-05,0.2257037972063417,254789.9414181959,8492.998047273197
488,14504,0.3075,-0.004,0.0025,2.500000000000002e-05,0.22943443848247957,253364.62247181236,8445.487415727079
489,14505,0.3075,-0.004,0.0075,2.500000000000002e-05,0.22943443848247957,253364.62247181236,8445.487415727079
490,14506,0.3075,-0.004,0.0125,2.5000000000000018e-05,0.22943443848247957,253364.62247181236,8445.487415727079
491,14507,0.3075,-0.004,0.0175,2.5000000000000028e-05,0.22943443848247957,253364.62247181236,8445.487415727079
492,14508,0.3075,-0.004,0.0225,2.5000000000000028e-05,0.22943443848247957,253364.62247181236,8445.487415727079
493,14509,0.3075,-0.004,0.0275,2.500000000000001e-05,0.22943443848247957,253364.62247181236,8445.487415727079
494,14510,0.3075,-0.004,0.0325,2.5000000000000045e-05,0.22943443848247957,253364.62247181236,8445.487415727079
495,14511,0.3075,-0.004,0.037500000000000006,2.500000000000001e-05,0.22943443848247957,253364.62247181236,8445.487415727079
496,14512,0.3125,-0.004,0.0025,2.500000000000002e-05,0.23316507975861747,252356.79772803053,8411.893257601017
497,14513,0.3125,-0.004,0.0075,2.500000000000002e-05,0.23316507975861747,252356.79772803053,8411.893257601017
498,14514,0.3125,-0.004,0.0125,2.5000000000000018e-05,0.23316507975861747,252356.79772803053,8411.893257601017
499,14515,0.3125,-0.004,0.0175,2.5000000000000028e-05,0.23316507975861747,252356.79772803053,8411.893257601017
500,14516,0.3125,-0.004,0.0225,2.5000000000000028e-05,0.23316507975861747,252356.79772803053,8411.893257601017
501,14517,0.3125,-0.004,0.0275,2.500000000000001e-05,0.23316507975861747,252356.79772803053,8411.893257601017
502,14518,0.3125,-0.004,0.0325,2.5000000000000045e-05,0.23316507975861747,252356.79772803053,8411.893257601017
503,14519,0.3125,-0.004,0.037500000000000006,2.500000000000001e-05,0.23316507975861747,252356.79772803053,8411.893257601017
504,14520,0.3175,-0.004,0.0025,2.500000000000002e-05,0.23689572103475534,251650.3132863426,8388.34377621142
505,14521,0.3175,-0.004,0.0075,2.500000000000002e-05,0.23689572103475534,251650.3132863426,8388.34377621142
506,14522,0.3175,-0.004,0.0125,2.5000000000000018e-05,0.23689572103475534,251650.3132863426,8388.34377621142
507,14523,0.3175,-0.004,0.0175,2.5000000000000028e-05,0.23689572103475534,251650.3132863426,8388.34377621142
508,14524,0.3175,-0.004,0.0225,2.5000000000000028e-05,0.23689572103475534,251650.3132863426,8388.34377621142
509,14525,0.3175,-0.004,0.0275,2.500000000000001e-05,0.23689572103475534,251650.3132863426,8388.34377621142
510,14526,0.3175,-0.004,0.0325,2.5000000000000045e-05,0.23689572103475534,251650.3132863426,8388.34377621142
511,14527,0.3175,-0.004,0.037500000000000006,2.500000000000001e-05,0.23689572103475534,251650.3132863426,8388.34377621142
512,14528,0.3225,-0.004,0.0025,2.500000000000002e-05,0.24062636231089324,251131.76970124303,8371.058990041434
513,14529,0.3225,-0.004,0.0075,2.500000000000002e-05,0.24062636231089324,251131.76970124303,8371.058990041434
514,14530,0.3225,-0.004,0.0125,2.5000000000000018e-05,0.24062636231089324,251131.76970124303,8371.058990041434
515,14531,0.3225,-0.004,0.0175,2.5000000000000028e-05,0.24062636231089324,251131.76970124303,8371.058990041434
516,14532,0.3225,-0.004,0.0225,2.5000000000000028e-05,0.24062636231089324,251131.76970124303,8371.058990041434
517,14533,0.3225,-0.004,0.0275,2.500000000000001e-05,0.24062636231089324,251131.76970124303,8371.058990041434
518,14534,0.3225,-0.004,0.0325,2.5000000000000045e-05,0.24062636231089324,251131.76970124303,8371.058990041434
519,14535,0.3225,-0.004,0.037500000000000006,2.500000000000001e-05,0.24062636231089324,251131.76970124303,8371.058990041434
520,14536,0.3275,-0.004,0.0025,2.500000000000002e-05,0.2443570035870311,250745.47967133037,8358.182655711013
521,14537,0.3275,-0.004,0.0075,2.500000000000002e-05,0.2443570035870311,250745.47967133037,8358.182655711013
522,14538,0.3275,-0.004,0.0125,2.5000000000000018e-05,0.2443570035870311,250745.47967133037,8358.182655711013
523,14539,0.3275,-0.004,0.0175,2.5000000000000028e-05,0.2443570035870311,250745.47967133037,8358.182655711013
524,14540,0.3275,-0.004,0.0225,2.5000000000000028e-05,0.2443570035870311,250745.47967133037,8358.182655711013
525,14541,0.3275,-0.004,0.0275,2.500000000000001e-05,0.2443570035870311,250745.47967133037,8358.182655711013
526,14542,0.3275,-0.004,0.0325,2.5000000000000045e-05,0.2443570035870311,250745.47967133037,8358.182655711013
527,14543,0.3275,-0.004,0.037500000000000006,2.500000000000001e-05,0.2443570035870311,250745.47967133037,8358.182655711013
528,14544,0.3325,-0.004,0.0025,2.500000000000002e-05,0.248087644863169,250451.32737558056,8348.377579186019
529,14545,0.3325,-0.004,0.0075,2.500000000000002e-05,0.248087644863169,250451.32737558056,8348.377579186019
530,14546,0.3325,-0.004,0.0125,2.5000000000000018e-05,0.248087644863169,250451.32737558056,8348.377579186019
531,14547,0.3325,-0.004,0.0175,2.5000000000000028e-05,0.248087644863169,250451.32737558056,8348.377579186019
532,14548,0.3325,-0.004,0.0225,2.5000000000000028e-05,0.248087644863169,250451.32737558056,8348.377579186019
533,14549,0.3325,-0.004,0.0275,2.500000000000001e-05,0.248087644863169,250451.32737558056,8348.377579186019
534,14550,0.3325,-0.004,0.0325,2.5000000000000045e-05,0.248087644863169,250451.32737558056,8348.377579186019
535,14551,0.3325,-0.004,0.037500000000000006,2.500000000000001e-05,0.248087644863169,250451.32737558056,8348.377579186019
536,14552,0.3375,-0.004,0.0025,2.500000000000002e-05,0.2518182861393069,250218.98297288083,8340.632765762693
537,14553,0.3375,-0.004,0.0075,2.500000000000002e-05,0.2518182861393069,250218.98297288083,8340.632765762693
538,14554,0.3375,-0.004,0.0125,2.5000000000000018e-05,0.2518182861393069,250218.98297288083,8340.632765762693
539,14555,0.3375,-0.004,0.0175,2.5000000000000028e-05,0.2518182861393069,250218.98297288083,8340.632765762693
540,14556,0.3375,-0.004,0.0225,2.5000000000000028e-05,0.2518182861393069,250218.98297288083,8340.632765762693
541,14557,0.3375,-0.004,0.0275,2.500000000000001e-05,0.2518182861393069,250218.98297288083,8340.632765762693
542,14558,0.3375,-0.004,0.0325,2.5000000000000045e-05,0.2518182861393069,250218.98297288083,8340.632765762693
543,14559,0.3375,-0.004,0.037500000000000006,2.500000000000001e-05,0.2518182861393069,250218.98297288083,8340.632765762693
544,14560,0.3425,-0.004,0.0025,2.4999999999999744e-05,0.25554892741544477,250020.46539495056,8334.015513165019
545,14561,0.3425,-0.004,0.0075,2.4999999999999744e-05,0.25554892741544477,250020.46539495056,8334.015513165019
546,14562,0.3425,-0.004,0.0125,2.499999999999974e-05,0.25554892741544477,250020.46539495056,8334.015513165019
547,14563,0.3425,-0.004,0.0175,2.499999999999975e-05,0.25554892741544477,250020.46539495056,8334.015513165019
548,14564,0.3425,-0.004,0.0225,2.499999999999975e-05,0.25554892741544477,250020.46539495056,8334.015513165019
549,14565,0.3425,-0.004,0.0275,2.4999999999999734e-05,0.25554892741544477,250020.46539495056,8334.015513165019
550,14566,0.3425,-0.004,0.0325,2.4999999999999767e-05,0.25554892741544477,250020.46539495056,8334.015513165019
551,14567,0.3425,-0.004,0.037500000000000006,2.4999999999999734e-05,0.25554892741544477,250020.46539495056,8334.015513165019
552,14568,0.3475,-0.004,0.0025,2.500000000000002e-05,0.25927956869158264,249843.9316028476,8328.131053428253
553,14569,0.3475,-0.004,0.0075,2.500000000000002e-05,0.25927956869158264,249843.9316028476,8328.131053428253
554,14570,0.3475,-0.004,0.0125,2.5000000000000018e-05,0.25927956869158264,249843.9316028476,8328.131053428253
555,14571,0.3475,-0.004,0.0175,2.5000000000000028e-05,0.25927956869158264,249843.9316028476,8328.131053428253
556,14572,0.3475,-0.004,0.0225,2.5000000000000028e-05,0.25927956869158264,249843.9316028476,8328.131053428253
557,14573,0.3475,-0.004,0.0275,2.500000000000001e-05,0.25927956869158264,249843.9316028476,8328.131053428253
558,14574,0.3475,-0.004,0.0325,2.5000000000000045e-05,0.25927956869158264,249843.9316028476,8328.131053428253
559,14575,0.3475,-0.004,0.037500000000000006,2.500000000000001e-05,0.25927956869158264,249843.9316028476,8328.131053428253
560,14576,0.35250000000000004,-0.004,0.0025,2.500000000000002e-05,0.26301020996772057,249683.57910582333,8322.78597019411
561,14577,0.35250000000000004,-0.004,0.0075,2.500000000000002e-05,0.26301020996772057,249683.57910582333,8322.78597019411
562,14578,0.35250000000000004,-0.004,0.0125,2.5000000000000018e-05,0.26301020996772057,249683.57910582333,8322.78597019411
563,14579,0.35250000000000004,-0.004,0.0175,2.5000000000000028e-05,0.26301020996772057,249683.57910582333,8322.78597019411
564,14580,0.35250000000000004,-0.004,0.0225,2.5000000000000028e-05,0.26301020996772057,249683.57910582333,8322.78597019411
565,14581,0.35250000000000004,-0.004,0.0275,2.500000000000001e-05,0.26301020996772057,249683.57910582333,8322.78597019411
566,14582,0.35250000000000004,-0.004,0.0325,2.5000000000000045e-05,0.26301020996772057,249683.57910582333,8322.78597019411
567,14583,0.35250000000000004,-0.004,0.037500000000000006,2.500000000000001e-05,0.26301020996772057,249683.57910582333,8322.78597019411
568,14584,0.3575,-0.004,0.0025,2.500000000000002e-05,0.2667408512438584,249542.47785400756,8318.082595133585
569,14585,0.3575,-0.004,0.0075,2.500000000000002e-05,0.2667408512438584,249542.47785400756,8318.082595133585
570,14586,0.3575,-0.004,0.0125,2.5000000000000018e-05,0.2667408512438584,249542.47785400756,8318.082595133585
571,14587,0.3575,-0.004,0.0175,2.5000000000000028e-05,0.2667408512438584,249542.47785400756,8318.082595133585
572,14588,0.3575,-0.004,0.0225,2.5000000000000028e-05,0.2667408512438584,249542.47785400756,8318.082595133585
573,14589,0.3575,-0.004,0.0275,2.500000000000001e-05,0.2667408512438584,249542.47785400756,8318.082595133585
574,14590,0.3575,-0.004,0.0325,2.5000000000000045e-05,0.2667408512438584,249542.47785400756,8318.082595133585
575,14591,0.3575,-0.004,0.037500000000000006,2.500000000000001e-05,0.2667408512438584,249542.47785400756,8318.082595133585
576,14592,0.36249999999999993,-0.004,0.0025,2.500000000000002e-05,0.2704714925199962,249424.1173990656,8314.13724663552
577,14593,0.36249999999999993,-0.004,0.0075,2.500000000000002e-05,0.2704714925199962,249424.1173990656,8314.13724663552
578,14594,0.36249999999999993,-0.004,0.0125,2.5000000000000018e-05,0.2704714925199962,249424.1173990656,8314.13724663552
579,14595,0.36249999999999993,-0.004,0.0175,2.5000000000000028e-05,0.2704714925199962,249424.1173990656,8314.13724663552
580,14596,0.36249999999999993,-0.004,0.0225,2.5000000000000028e-05,0.2704714925199962,249424.1173990656,8314.13724663552
581,14597,0.36249999999999993,-0.004,0.0275,2.500000000000001e-05,0.2704714925199962,249424.1173990656,8314.13724663552
582,14598,0.36249999999999993,-0.004,0.0325,2.5000000000000045e-05,0.2704714925199962,249424.1173990656,8314.13724663552
583,14599,0.36249999999999993,-0.004,0.037500000000000006,2.500000000000001e-05,0.2704714925199962,249424.1173990656,8314.13724663552
584,14600,0.3675,-0.004,0.0025,2.500000000000002e-05,0.2742021337961342,249331.39106889002,8311.046368963001
585,14601,0.3675,-0.004,0.0075,2.500000000000002e-05,0.2742021337961342,249331.39106889002,8311.046368963001
586,14602,0.3675,-0.004,0.0125,2.5000000000000018e-05,0.2742021337961342,249331.39106889002,8311.046368963001
587,14603,0.3675,-0.004,0.0175,2.5000000000000028e-05,0.2742021337961342,249331.39106889002,8311.046368963001
588,14604,0.3675,-0.004,0.0225,2.5000000000000028e-05,0.2742021337961342,249331.39106889002,8311.046368963001
589,14605,0.3675,-0.004,0.0275,2.500000000000001e-05,0.2742021337961342,249331.39106889002,8311.046368963001
590,14606,0.3675,-0.004,0.0325,2.5000000000000045e-05,0.2742021337961342,249331.39106889002,8311.046368963001
591,14607,0.3675,-0.004,0.037500000000000006,2.500000000000001e-05,0.2742021337961342,249331.39106889002,8311.046368963001
592,14608,0.37250000000000005,-0.004,0.0025,2.500000000000002e-05,0.2779327750722721,249258.71113463552,8308.62370448785
593,14609,0.37250000000000005,-0.004,0.0075,2.500000000000002e-05,0.2779327750722721,249258.71113463552,8308.62370448785
594,14610,0.37250000000000005,-0.004,0.0125,2.5000000000000018e-05,0.2779327750722721,249258.71113463552,8308.62370448785
595,14611,0.37250000000000005,-0.004,0.0175,2.5000000000000028e-05,0.2779327750722721,249258.71113463552,8308.62370448785
596,14612,0.37250000000000005,-0.004,0.0225,2.5000000000000028e-05,0.2779327750722721,249258.71113463552,8308.62370448785
597,14613,0.37250000000000005,-0.004,0.0275,2.500000000000001e-05,0.2779327750722721,249258.71113463552,8308.62370448785
598,14614,0.37250000000000005,-0.004,0.0325,2.5000000000000045e-05,0.2779327750722721,249258.71113463552,8308.62370448785
599,14615,0.37250000000000005,-0.004,0.037500000000000006,2.500000000000001e-05,0.2779327750722721,249258.71113463552,8308.62370448785
600,14616,0.3775,-0.004,0.0025,2.500000000000002e-05,0.2816634163484099,249204.214783929,8306.8071594643
601,14617,0.3775,-0.004,0.0075,2.500000000000002e-05,0.2816634163484099,249204.214783929,8306.8071594643
602,14618,0.3775,-0.004,0.0125,2.5000000000000018e-05,0.2816634163484099,249204.214783929,8306.8071594643
603,14619,0.3775,-0.004,0.0175,2.5000000000000028e-05,0.2816634163484099,249204.214783929,8306.8071594643
604,14620,0.3775,-0.004,0.0225,2.5000000000000028e-05,0.2816634163484099,249204.214783929,8306.8071594643
605,14621,0.3775,-0.004,0.0275,2.500000000000001e-05,0.2816634163484099,249204.214783929,8306.8071594643
606,14622,0.3775,-0.004,0.0325,2.5000000000000045e-05,0.2816634163484099,249204.214783929,8306.8071594643
607,14623,0.3775,-0.004,0.037500000000000006,2.500000000000001e-05,0.2816634163484099,249204.214783929,8306.8071594643
608,14624,0.38249999999999995,-0.004,0.0025,2.500000000000002e-05,0.2853940576245477,249163.57522309534,8305.452507436512
609,14625,0.38249999999999995,-0.004,0.0075,2.500000000000002e-05,0.2853940576245477,249163.57522309534,8305.452507436512
610,14626,0.38249999999999995,-0.004,0.0125,2.5000000000000018e-05,0.2853940576245477,249163.57522309534,8305.452507436512
611,14627,0.38249999999999995,-0.004,0.0175,2.5000000000000028e-05,0.2853940576245477,249163.57522309534,8305.452507436512
612,14628,0.38249999999999995,-0.004,0.0225,2.5000000000000028e-05,0.2853940576245477,249163.57522309534,8305.452507436512
613,14629,0.38249999999999995,-0.004,0.0275,2.500000000000001e-05,0.2853940576245477,249163.57522309534,8305.452507436512
614,14630,0.38249999999999995,-0.004,0.0325,2.5000000000000045e-05,0.2853940576245477,249163.57522309534,8305.452507436512
615,14631,0.38249999999999995,-0.004,0.037500000000000006,2.500000000000001e-05,0.2853940576245477,249163.57522309534,8305.452507436512
616,14632,0.3875,-0.004,0.0025,2.500000000000002e-05,0.2891246989006857,249134.25123567486,8304.475041189162
617,14633,0.3875,-0.004,0.0075,2.500000000000002e-05,0.2891246989006857,249134.25123567486,8304.475041189162
618,14634,0.3875,-0.004,0.0125,2.5000000000000018e-05,0.2891246989006857,249134.25123567486,8304.475041189162
619,14635,0.3875,-0.004,0.0175,2.5000000000000028e-05,0.2891246989006857,249134.25123567486,8304.475041189162
620,14636,0.3875,-0.004,0.0225,2.5000000000000028e-05,0.2891246989006857,249134.25123567486,8304.475041189162
621,14637,0.3875,-0.004,0.0275,2.500000000000001e-05,0.2891246989006857,249134.25123567486,8304.475041189162
622,14638,0.3875,-0.004,0.0325,2.5000000000000045e-05,0.2891246989006857,249134.25123567486,8304.475041189162
623,14639,0.3875,-0.004,0.037500000000000006,2.500000000000001e-05,0.2891246989006857,249134.25123567486,8304.475041189162
624,14640,0.39250000000000007,-0.004,0.0025,2.500000000000002e-05,0.29285534017682363,249114.39940208706,8303.813313402901
625,14641,0.39250000000000007,-0.004,0.0075,2.500000000000002e-05,0.29285534017682363,249114.39940208706,8303.813313402901
626,14642,0.39250000000000007,-0.004,0.0125,2.5000000000000018e-05,0.29285534017682363,249114.39940208706,8303.813313402901
627,14643,0.39250000000000007,-0.004,0.0175,2.5000000000000028e-05,0.29285534017682363,249114.39940208706,8303.813313402901
628,14644,0.39250000000000007,-0.004,0.0225,2.5000000000000028e-05,0.29285534017682363,249114.39940208706,8303.813313402901
629,14645,0.39250000000000007,-0.004,0.0275,2.500000000000001e-05,0.29285534017682363,249114.39940208706,8303.813313402901
630,14646,0.39250000000000007,-0.004,0.0325,2.5000000000000045e-05,0.29285534017682363,249114.39940208706,8303.813313402901
631,14647,0.39250000000000007,-0.004,0.037500000000000006,2.500000000000001e-05,0.29285534017682363,249114.39940208706,8303.813313402901
632,14648,0.3975,-0.004,0.0025,2.500000000000002e-05,0.29658598145296144,249105.7767544036,8303.525891813453
633,14649,0.3975,-0.004,0.0075,2.500000000000002e-05,0.29658598145296144,249105.7767544036,8303.525891813453
634,14650,0.3975,-0.004,0.0125,2.5000000000000018e-05,0.29658598145296144,249105.7767544036,8303.525891813453
635,14651,0.3975,-0.004,0.0175,2.5000000000000028e-05,0.29658598145296144,249105.7767544036,8303.525891813453
636,14652,0.3975,-0.004,0.0225,2.5000000000000028e-05,0.29658598145296144,249105.7767544036,8303.525891813453
637,14653,0.3975,-0.004,0.0275,2.500000000000001e-05,0.29658598145296144,249105.7767544036,8303.525891813453
638,14654,0.3975,-0.004,0.0325,2.5000000000000045e-05,0.29658598145296144,249105.7767544036,8303.525891813453
639,14655,0.3975,-0.004,0.037500000000000006,2.500000000000001e-05,0.29658598145296144,249105.7767544036,8303.525891813453
