bin,x,count,T_min,T_mean,T_max,dT_min,dT_mean,dT_max
0.0,0.10248437537811697,16.0,854.696044921875,854.7606925964355,854.8460693359375,54.696044921875,54.76069259643555,54.8460693359375
1.0,0.10495312553830444,16.0,870.68017578125,870.7455558776855,870.8961791992188,70.68017578125,70.74555587768555,70.89617919921875
2.0,0.10742187569849193,16.0,869.7415771484375,869.7958679199219,869.9075317382812,69.7415771484375,69.79586791992188,69.90753173828125
3.0,0.10989062585867942,16.0,873.2717895507812,873.3236656188965,873.4207763671875,73.27178955078125,73.32366561889648,73.4207763671875
4.0,0.11235937601886689,16.0,868.916748046875,868.9744033813477,869.0797119140625,68.916748046875,68.97440338134766,69.0797119140625
5.0,0.11482812617905439,16.0,876.464599609375,876.5159721374512,876.6135864257812,76.464599609375,76.51597213745117,76.61358642578125
6.0,0.11729687633924185,16.0,861.2953491210938,861.3500289916992,861.454345703125,61.29534912109375,61.35002899169922,61.454345703125
7.0,0.11976562649942935,16.0,866.7467041015625,866.7996025085449,866.9007568359375,66.7467041015625,66.79960250854492,66.9007568359375
8.0,0.12223437665961684,16.0,866.3192749023438,866.3756103515625,866.478271484375,66.31927490234375,66.3756103515625,66.478271484375
9.0,0.1247031268198043,16.0,870.9440307617188,870.9989051818848,871.10400390625,70.94403076171875,70.99890518188477,71.10400390625
10.0,0.1271718769799918,16.0,868.9005737304688,868.9521903991699,869.0655517578125,68.90057373046875,68.95219039916992,69.0655517578125
11.0,0.12964062714017927,16.0,872.9237670898438,872.9793395996094,873.0907592773438,72.92376708984375,72.97933959960938,73.09075927734375
12.0,0.13210937730036676,16.0,885.0730590820312,885.1286125183105,885.2410278320312,85.07305908203125,85.12861251831055,85.24102783203125
13.0,0.13457812746055425,16.0,872.1592407226562,872.2180519104004,872.3512573242188,72.15924072265625,72.21805191040039,72.35125732421875
14.0,0.13704687762074172,16.0,872.9107666015625,872.9707794189453,873.1107788085938,72.9107666015625,72.97077941894531,73.11077880859375
15.0,0.1395156277809292,16.0,867.9605102539062,868.0222816467285,868.176513671875,67.96051025390625,68.02228164672852,68.176513671875
16.0,0.14198437794111668,16.0,859.5307006835938,859.5990333557129,859.7756958007812,59.53070068359375,59.59903335571289,59.77569580078125
17.0,0.14445312810130417,16.0,862.7034301757812,862.7691535949707,862.952392578125,62.70343017578125,62.7691535949707,62.952392578125
18.0,0.14692187826149167,16.0,874.4451293945312,874.5127868652344,874.6941528320312,74.44512939453125,74.51278686523438,74.69415283203125
19.0,0.14939062842167913,16.0,854.2634887695312,854.3613891601562,854.5975341796875,54.26348876953125,54.36138916015625,54.5975341796875
20.0,0.15185937858186663,16.0,869.4951782226562,869.5685768127441,869.7781982421875,69.49517822265625,69.56857681274414,69.7781982421875
21.0,0.1543281287420541,16.0,856.762939453125,856.8871650695801,857.1629028320312,56.762939453125,56.88716506958008,57.16290283203125
22.0,0.1567968789022416,16.0,846.5423583984375,846.6905250549316,847.0363159179688,46.5423583984375,46.69052505493164,47.03631591796875
23.0,0.15926562906242908,16.0,861.3799438476562,861.5476722717285,861.8659057617188,61.37994384765625,61.547672271728516,61.86590576171875
24.0,0.16173437922261655,16.0,881.8377075195312,882.7102317810059,883.313720703125,81.83770751953125,82.71023178100586,83.313720703125
25.0,0.16420312938280404,16.0,869.3406982421875,870.8751411437988,874.9447021484375,69.3406982421875,70.87514114379883,74.9447021484375
26.0,0.1666718795429915,16.0,866.5074462890625,867.0814094543457,868.1724853515625,66.5074462890625,67.0814094543457,68.1724853515625
27.0,0.169140629703179,16.0,878.0370483398438,878.2710418701172,878.7150268554688,78.03704833984375,78.27104187011719,78.71502685546875
28.0,0.17160937986336647,16.0,869.5719604492188,869.7857627868652,870.1709594726562,69.57196044921875,69.78576278686523,70.17095947265625
29.0,0.17407813002355396,16.0,855.0028076171875,855.2626876831055,855.7238159179688,55.0028076171875,55.26268768310547,55.72381591796875
30.0,0.17654688018374146,16.0,865.9426879882812,866.1648750305176,866.5717163085938,65.94268798828125,66.16487503051758,66.57171630859375
31.0,0.17901563034392892,16.0,881.6996459960938,881.8670043945312,882.1986083984375,81.69964599609375,81.86700439453125,82.1986083984375
32.0,0.18148438050411642,16.0,873.0208129882812,873.2163467407227,873.602783203125,73.02081298828125,73.21634674072266,73.602783203125
33.0,0.18395313066430388,16.0,893.0107421875,893.1453514099121,893.4367065429688,93.0107421875,93.14535140991211,93.43670654296875
34.0,0.18642188082449138,16.0,877.2498168945312,877.405834197998,877.7328491210938,77.24981689453125,77.40583419799805,77.73284912109375
35.0,0.18889063098467887,16.0,868.5326538085938,868.7096252441406,869.0635986328125,68.53265380859375,68.70962524414062,69.0635986328125
36.0,0.19135938114486634,16.0,867.6506958007812,867.8369522094727,868.210693359375,67.65069580078125,67.83695220947266,68.210693359375
37.0,0.19382813130505383,16.0,871.7308349609375,871.9197235107422,872.3058471679688,71.7308349609375,71.91972351074219,72.30584716796875
38.0,0.1962968814652413,16.0,874.5048217773438,874.6927719116211,875.0748291015625,74.50482177734375,74.6927719116211,75.0748291015625
39.0,0.1987656316254288,16.0,867.8065185546875,868.0160331726074,868.435546875,67.8065185546875,68.01603317260742,68.435546875
40.0,0.20123438178561628,16.0,868.9876098632812,869.2055511474609,869.6475830078125,68.98760986328125,69.20555114746094,69.6475830078125
41.0,0.20370313194580375,16.0,873.4266357421875,873.6378974914551,874.0716552734375,73.4266357421875,73.63789749145508,74.0716552734375
42.0,0.20617188210599124,16.0,873.2047729492188,873.4202842712402,873.8338012695312,73.20477294921875,73.42028427124023,73.83380126953125
43.0,0.2086406322661787,16.0,877.5675048828125,877.7770652770996,878.2045288085938,77.5675048828125,77.77706527709961,78.20452880859375
44.0,0.2111093824263662,16.0,862.1559448242188,862.3932914733887,862.8508911132812,62.15594482421875,62.39329147338867,62.85089111328125
45.0,0.2135781325865537,16.0,865.1925659179688,865.4205741882324,865.9015502929688,65.19256591796875,65.42057418823242,65.90155029296875
46.0,0.21604688274674116,16.0,868.2178344726562,868.4514846801758,868.9688720703125,68.21783447265625,68.45148468017578,68.9688720703125
47.0,0.21851563290692866,16.0,847.1280517578125,847.4297294616699,848.0450439453125,47.1280517578125,47.42972946166992,48.0450439453125
48.0,0.22098438306711612,16.0,875.21728515625,875.4687881469727,876.0032958984375,75.21728515625,75.46878814697266,76.0032958984375
49.0,0.22345313322730362,16.0,872.5390625,872.7993965148926,873.3240966796875,72.5390625,72.79939651489258,73.3240966796875
50.0,0.22592188338749108,16.0,870.6415405273438,870.9087104797363,871.426513671875,70.64154052734375,70.90871047973633,71.426513671875
51.0,0.22839063354767858,16.0,870.0391235351562,870.3121871948242,870.8311157226562,70.03912353515625,70.31218719482422,70.83111572265625
52.0,0.23085938370786607,16.0,868.5007934570312,868.7834167480469,869.290771484375,68.50079345703125,68.78341674804688,69.290771484375
53.0,0.23332813386805354,16.0,869.4517822265625,869.741569519043,870.259765625,69.4517822265625,69.74156951904297,70.259765625
54.0,0.23579688402824103,16.0,871.39501953125,871.6905822753906,872.218994140625,71.39501953125,71.69058227539062,72.218994140625
55.0,0.2382656341884285,16.0,865.935546875,866.2486724853516,866.7965698242188,65.935546875,66.24867248535156,66.79656982421875
56.0,0.240734384348616,16.0,863.7171630859375,864.0393943786621,864.6171264648438,63.7171630859375,64.03939437866211,64.61712646484375
57.0,0.2432031345088035,16.0,880.127685546875,880.4230194091797,881.0466918945312,80.127685546875,80.42301940917969,81.04669189453125
58.0,0.24567188466899095,16.0,874.0909423828125,874.421932220459,875.1399536132812,74.0909423828125,74.42193222045898,75.13995361328125
59.0,0.24814063482917845,16.0,854.9646606445312,855.3456077575684,856.0606689453125,54.96466064453125,55.34560775756836,56.0606689453125
60.0,0.2506093849893659,16.0,876.15869140625,876.5116539001465,877.313720703125,76.15869140625,76.51165390014648,77.313720703125
61.0,0.2530781351495534,16.0,861.1505737304688,861.5319290161133,862.3885498046875,61.15057373046875,61.53192901611328,62.3885498046875
62.0,0.2555468853097409,16.0,868.0643920898438,868.4732627868652,869.56640625,68.06439208984375,68.47326278686523,69.56640625
63.0,0.25801563546992834,16.0,879.9562377929688,880.4622993469238,882.0052490234375,79.95623779296875,80.46229934692383,82.0052490234375
64.0,0.2604843856301159,16.0,856.4689331054688,857.7711753845215,863.6669311523438,56.46893310546875,57.771175384521484,63.66693115234375
65.0,0.2629531357903033,16.0,871.6256103515625,872.7500152587891,876.6436157226562,71.6256103515625,72.75001525878906,76.64361572265625
66.0,0.2654218859504908,16.0,850.9771118164062,852.3133659362793,856.1241455078125,50.97711181640625,52.3133659362793,56.1241455078125
67.0,0.2678906361106783,16.0,874.4898071289062,875.7171630859375,879.1387939453125,74.48980712890625,75.7171630859375,79.1387939453125
68.0,0.27035938627086575,16.0,856.6198120117188,857.9391975402832,860.8258056640625,56.61981201171875,57.9391975402832,60.8258056640625
69.0,0.2728281364310533,16.0,879.147705078125,880.4156341552734,883.2966918945312,79.147705078125,80.41563415527344,83.29669189453125
70.0,0.27529688659124074,16.0,858.4721069335938,859.758975982666,863.0711059570312,58.47210693359375,59.758975982666016,63.07110595703125
71.0,0.27776563675142824,16.0,878.6776123046875,879.6373672485352,881.3846435546875,78.6776123046875,79.63736724853516,81.3846435546875
72.0,0.28023438691161573,16.0,868.8969116210938,869.5753555297852,871.1029052734375,68.89691162109375,69.57535552978516,71.1029052734375
73.0,0.28270313707180317,16.0,870.2996826171875,871.0244789123535,872.2626342773438,70.2996826171875,71.02447891235352,72.26263427734375
74.0,0.2851718872319907,16.0,872.690185546875,873.757926940918,875.0521850585938,72.690185546875,73.75792694091797,75.05218505859375
75.0,0.28764063739217816,16.0,872.2205810546875,873.8150367736816,875.3875732421875,72.2205810546875,73.81503677368164,75.3875732421875
76.0,0.29010938755236565,16.0,867.3449096679688,871.599983215332,876.9489135742188,67.34490966796875,71.59998321533203,76.94891357421875
77.0,0.29257813771255314,16.0,871.7474365234375,873.6341171264648,875.5564575195312,71.7474365234375,73.63411712646484,75.55645751953125
78.0,0.2950468878727406,16.0,866.9955444335938,868.6868362426758,870.0865478515625,66.99554443359375,68.68683624267578,70.0865478515625
79.0,0.29751563803292813,16.0,856.1480712890625,857.582878112793,858.6260375976562,56.1480712890625,57.58287811279297,58.62603759765625
