y,y_plus,U_mean,T_mean,T_plus,T_rms_plus,uv_resolved,vT_resolved,dUdy_snapshot,dTdy_snapshot,nu_t_resolved,alpha_t_resolved,nu_t_over_nu,alpha_t_over_alpha,Pr_t_resolved,T_rms_snapshot
6.327349999999998e-06,0.10785800287181309,0.005869744742977343,0.5848682487538396,0.5393380051170364,0.14296847507228458,-1.0566592261777361e-09,-9.754534893523439e-08,919.1849169108284,92045.70694580882,1.149561102165305e-12,1.0597490330826993e-12,3.716918442842055e-07,1.7132628785149594e-06,1.0847484322031904,0.20749418636807473
1.9275674e-05,0.32857921588787314,0.017866776737133747,1.781720711042293,1.6430190833862557,0.43552362703440073,-4.806982810353621e-08,-4.547126978297965e-06,918.5784206056512,92035.42465317115,5.233067425189683e-11,4.9406269329809523e-11,1.692027051775323e-05,7.98735592732259e-05,1.0591909683073937,0.6320548531653609
3.282487200000001e-05,0.5595431165405579,0.03040385003261435,3.033884721445342,2.7977058712039455,0.741546742523276,-2.4762171901323185e-07,-2.3511091245420303e-05,917.2686704964922,91996.00779975299,2.69955496113479e-10,2.555664295411244e-10,8.728570933382878e-05,0.0004131661960131732,1.0563026474102664,1.0760204413494814
4.700282800000001e-05,0.8012250242846278,0.04350338420880726,4.343417064213913,4.005295038319599,1.061440276483628,-7.465569449352311e-07,-7.129082468236162e-05,915.7906886061288,91906.06402754602,8.152047779296834e-10,7.756922836015954e-10,0.0002635831769248648,0.0012540372797314962,1.0509383619811565,1.539768209876895
6.183872e-05,1.0541223165067917,0.05718774346157826,5.712019942048623,5.267356276045426,1.3954321682822997,-1.7274509486365708e-06,-0.00016630425918594857,914.0805313749411,91735.245527177,1.8898235870292247e-09,1.8128720126080672e-09,0.0006110436523222553,0.002930813075304527,1.0424473288163636,2.0233047251282636
7.736307899999998e-05,1.3187554342583079,0.0714788543819366,7.1408332013651705,6.58494069716331,1.7434451338076786,-3.419262992410835e-06,-0.00033228939214910804,912.0587091002337,91444.58987515111,3.748950542650938e-09,3.6337785822297552e-09,0.0012121620492407924,0.005874615365835519,1.031694820643285,2.5260899341479353
9.360785499999997e-05,1.5956690073117916,0.08639771224924567,8.63016495244172,7.958332426487915,2.1048875914558733,-6.1059846104718265e-06,-0.0005991197602645559,909.6280094067802,90985.59110597448,6.712617187825916e-09,6.58477625942703e-09,0.0021704153505344432,0.010645400350860762,1.0194146199296998,3.046793263826355
0.00011060647999999994,1.8854329280790751,0.10196375142095505,10.179163338013359,9.386745921294223,2.4783663613447384,-1.0132697054330547e-05,-0.001002844757419022,906.6717229388787,90300.2109045847,1.1175706485569552e-08,1.1105674586725752e-08,0.003613482525614351,0.017954194263293463,1.0063059563196195,3.58298572280077
0.00012839393000000003,2.1886434084827577,0.11819407203095733,11.785443308334413,10.867981800824815,2.8613476613640025,-1.5910440321701384e-05,-0.0015848632288896602,903.0514122392274,89322.22012900177,1.7618532130135853e-08,1.7743213576652643e-08,0.005696665178297794,0.028684894458468824,0.9929730064974898,4.130797259541275
0.00014700682000000004,2.5059245993561476,0.13510250649594283,13.444699389445372,12.39806975938887,3.249832257257656,-2.391916362497716e-05,-0.002389889793092316,898.6066310150204,87980.59932753677,2.6618058224163434e-08,2.7163827154611255e-08,0.008606515246530123,0.04391490367017902,0.9799082460898676,4.6846008463162825
0.00016648345000000006,2.8379293745737733,0.1526985130934307,15.150358033490647,13.970947980167766,3.638144422994139,-3.4707383843853e-05,-0.003462455668504584,893.1552437702799,86205.13820926234,3.8859295834554566e-08,4.016530499724388e-08,0.012564519892961855,0.06493398333739205,0.9674841467585288,5.236821921118814
0.00018686391000000003,3.18534112091448,0.1709859518224904,16.89333185656782,15.578236504912605,4.0189455565208565,-4.8887121784808144e-05,-0.004842050347398302,886.4951520115201,83934.07528914761,5.5146519046246126e-08,5.768873167087077e-08,0.01783072803311135,0.09326355523327033,0.9559322496613614,5.777996690092692
0.00020819012999999997,3.548874590377195,0.18996170564375614,18.66195542222601,17.209178016505145,4.383547336260859,-6.712279640208055e-05,-0.0065572950666010965,878.4080282802261,81123.05632205773,7.641414267751583e-08,8.083145980803163e-08,0.024707267467299912,0.13067767479101589,0.945351511144218,6.2971163944468165
0.0002305060000000001,3.9292779457387637,0.2096142543364795,20.442176291311036,18.850814016143996,4.722581654113415,-9.01130706863953e-05,-0.008620149707620869,868.6645633248595,77753.63009744696,1.0373747760756208e-07,1.1086491649093964e-07,0.0335418224405105,0.17923181812307962,0.9357106007114518,6.782317815113941
0.00025385746,4.3273342947223075,0.22992225231300448,22.21801677431513,20.48841062965518,5.026860184237053,-0.00011856493624984817,-0.01102120599174171,857.0344872722071,73840.51291717647,1.383432499049366e-07,1.4925689917814755e-07,0.04473103483110231,0.24129892714345594,0.9268801018022972,7.221791274136453
0.00027829254999999994,4.743862542313005,0.25085319504324144,23.972335387023737,22.106160786094552,5.2883657360823095,-0.00015315989120581438,-0.013727351893443682,843.2963358372435,69435.43348722853,1.8162048700680504e-07,1.976995203172253e-07,0.058724024019427515,0.31961458674271254,0.9186693357443654,7.6047255059523
0.0003038615700000001,5.179720118168532,0.2723623335906791,25.687808812613238,23.688089737033618,5.5011213087004975,-0.00019451331029630783,-0.01668286283078302,827.2503719097012,64624.51815867436,2.351323334521752e-07,2.581506726258465e-07,0.0760262073125716,0.4173440604017203,0.9108337044427027,7.922370627898315
0.0003306171300000001,5.635803828934803,0.29439188082283435,27.3479644434595,25.219007218076925,5.661730255374381,-0.0002431288042282119,-0.019812313968687736,808.7335539321757,59522.384890689515,3.0062905520129047e-07,3.3285484116727276e-07,0.09720350467905588,0.5381159364184855,0.9031836645278428,8.168636739674733
0.0003586142999999999,6.113052415193287,0.31687074588198283,28.938207313181596,26.68545443731807,5.769614284409185,-0.0002993504868691569,-0.023026770637729108,787.6339542758415,54264.2746121175,3.800629534113759e-07,4.2434494522086743e-07,0.12288716087512719,0.6860251056021887,0.8956462370809126,8.340542561942561
0.0003879106899999999,6.612447915166223,0.33971481031701045,30.446664857961327,28.076483074517455,5.826830805747557,-0.00036331827303619246,-0.02623352250471166,763.9052727961498,48993.41583770618,4.756064475197633e-07,5.354499590641297e-07,0.15377959231492808,0.8656450815514353,0.8882369668139258,8.438422450662495
0.0004185665999999998,7.135018221663894,0.362827852515318,31.86473037877719,29.384156436426995,5.8376356970869745,-0.0004349305534456615,-0.029344069677019344,737.5787075139024,43845.73042103852,5.89673412498101e-07,6.692571749914141e-07,0.1906612861238436,1.0819669924653776,0.88108642616445,8.465586921932587
0.00045064511,7.681838616253019,0.3861032039269556,33.187196702517745,30.603672712785652,5.80781966254921,-0.0005138178743285417,-0.032282258539160245,708.7722426117698,38937.30432478653,7.249407403923768e-07,8.290830374359058e-07,0.23439777171100976,1.3403524295874678,0.8743885807076592,8.427879980151326
0.0004842122400000001,8.254034496667181,0.40942601726552225,34.412095427002406,31.73321673563448,5.743910658294587,-0.0005993360756706607,-0.034988142565551265,677.6936330479211,34358.82620859885,8.843761346482657e-07,1.0183160027974098e-06,0.2859486076113612,1.6462794036391366,0.8684692494459494,8.33237027634492
0.0005193370699999999,8.852783422364656,0.4326761303439778,35.54032567103572,32.773617630068635,5.652447424916242,-0.0006905788499994055,-0.03742536726463145,644.6359477005717,30171.84133588127,1.0712695319935429e-06,1.2404071348513976e-06,0.34637754123912556,2.005327140713852,0.8636434779310443,8.187277297988354
0.0005560918899999999,9.479317671475734,0.4557313106269138,36.57503888443054,33.72778151496005,5.539462288412613,-0.0007864136779424562,-0.039580458792750364,609.965019157964,26404.45257931552,1.2892766851254415e-06,1.4990069827751909e-06,0.4168666006393734,2.423397368670243,0.8600871776718046,8.001104656007673
0.0005945523400000001,10.134926627286816,0.4784707327206682,37.52095667335434,34.60006243355989,5.410164865368057,-0.0008855332123060155,-0.04145811377451803,574.1031962864863,23057.716817813634,1.5424634770089676e-06,1.7980146994644697e-06,0.49873042279404534,2.9067937251671143,0.85787033747187,7.7819860668772805
0.00063479756,10.820959335187712,0.5007784599051688,38.383925894277986,35.3958520820526,5.268971647864438,-0.0009865204798325089,-0.04307925254748632,537.5090483838203,20116.06342855573,1.8353560424680738e-06,2.1415349330392953e-06,0.5934324596214647,3.4621520655192013,0.8570282997267347,7.538031058857565
0.0006769103900000003,11.538827911934725,0.5225467604327265,39.170441806534484,36.1211400832615,5.119598145090173,-0.0010879211810125623,-0.044469754699403806,500.6584321424889,17549.097611681093,2.1729808411634554e-06,2.534019451222591e-06,0.7025979349205101,4.096669422368534,0.857523346995247,7.276432484547999
0.0007209774799999997,12.290009420745267,0.5436791077861487,39.88715241689464,36.78205691651663,4.9650180137262625,-0.001188315972153605,-0.04565538455039029,464.0255476730699,15320.59660517628,2.5608848006593705e-06,2.980000435163535e-06,0.8280203573029347,4.817672830210255,0.8593571901672677,7.003573093368553
0.0007670895300000003,13.076049962413618,0.564092757254552,40.54071047901419,37.384737438502135,4.807563224947238,-0.0012863929056886017,-0.04665782303416756,428.05343794108467,13395.75159139518,3.005215684929635e-06,3.4830313712399995e-06,0.9716875060397554,5.6309070985327105,0.8628161404873431,6.725085099477167
0.0008153414400000002,13.898567232258099,0.5837206064431822,41.13753744767112,37.93510321295018,4.649067222356164,-0.0013809853291426785,-0.04749818686265867,393.136407641221,11736.089796641376,3.512738332805277e-06,4.047190136211438e-06,1.135786681498612,6.542964802235266,0.8679449728283685,6.445629973740429
0.0008658325,14.759253758921057,0.6025124794498189,41.683632910682945,38.43868677771337,4.491052224030128,-0.0014710986146962027,-0.048201081698512095,359.6102876417117,10303.308892896981,4.090813486854117e-06,4.678213785451151e-06,1.3226978598070724,7.563120858016332,0.8744391929193577,6.168697353447982
0.0009186666300000003,15.65988099548451,0.6204357245447988,42.1843300893741,38.90040617878941,4.334863837748471,-0.0015559212879065686,-0.048781873007858786,327.7400440317697,9062.497662668058,4.747425028586816e-06,5.382828754683186e-06,1.5350024989125692,8.70224968262079,0.8819572839757249,5.897377851257779
0.0009739525500000002,16.602302217343713,0.6374745582731758,42.64420820870509,39.32448416217357,4.181715431672547,-0.0016347888975864959,-0.04924156737006828,297.72775974249816,7984.2983916419325,5.490885025300996e-06,6.167300488370399e-06,1.7753881702872483,9.970480422743291,0.8903222788730805,5.6339880878726465
0.0010318040000000003,17.588456272396552,0.6536290292489576,43.06721928733551,39.71456509369454,4.0324461030957774,-0.0017071491674690907,-0.04958323834769578,269.72287801028415,7044.1554118115455,6.329270917107742e-06,7.038918855276144e-06,2.0464665825269632,11.379598379574595,0.8991822533035065,5.380039970492761
0.0010923402,18.620375422348527,0.6689139347197884,43.45694790233695,40.07395450182151,3.887453599822354,-0.0017725777497720411,-0.04982277936613957,243.82563971365016,6225.405261305277,7.26985788637226e-06,8.00313831387312e-06,2.3505900472624175,12.93842160430603,0.9083758897144452,5.136439170476607
0.0011556855,19.700179376502454,0.6833576198487439,43.81675596276848,40.40575258104986,3.746898041842723,-0.0018307944611973238,-0.04997350816253516,220.09894524688116,5515.926740589552,8.318051952242449e-06,9.059857121524044e-06,2.6895065126657727,14.646785612820898,0.9181217585077314,4.903714748675782
0.0012219704,20.830092679000003,0.697000255046051,44.14971593711897,40.71279261738733,3.6109326843805345,-0.0018816786921313406,-0.050056286748493876,198.5804480088782,4903.9852289663395,9.475649345131974e-06,1.0207267031072344e-05,3.0637967605623335,16.501767068902968,0.9283238418556873,4.6823333259322775
0.0012913313,22.012440447242874,0.7098918562713565,44.45863142031446,40.99765995428143,3.4797136854487354,-0.0019253707183837592,-0.05010572584525161,179.27094427920565,4376.480945734482,1.0740004333245934e-05,1.144886187476423e-05,3.4726053367022334,18.50901434108509,0.938084890072718,4.473252464417861
0.001363911,23.249656895050457,0.7220911182586377,44.74608105592617,41.262732495614905,3.3536811081495848,-0.0019622387044178546,-0.05015647429291908,162.1126057422498,3914.2493642205955,1.2104171020097641e-05,1.281381680773581e-05,3.913686398676156,20.715693983626075,0.9446187035224548,4.276319217344067
0.0014398587000000003,24.54428533265983,0.7336636333765301,45.015008231477424,41.51072449499701,3.23285337541086,-0.0019926945856379055,-0.05021455849877224,146.99066714663786,3504.2908275517984,1.355660617316604e-05,1.4329449514854799e-05,4.3833076304056675,23.165969637114177,0.9460660829372698,4.091274270389327
0.0015193307999999998,25.898991803777903,0.7446780782437177,45.268762517785206,41.74472476917626,3.1166117115555907,-0.0020170534373680324,-0.050241087406863595,133.75620642440117,3143.5905412936118,1.5080073600233783e-05,1.598207105757132e-05,4.8758959900910455,25.837710825812568,0.9435619167197842,3.9168598167632895
0.0016024909,27.316565085581548,0.7552007143367299,45.51032325989137,41.96748073009518,3.004507658037709,-0.0020356014127915615,-0.05021900815512479,122.25059460512603,2837.7352205617935,1.6651055312791155e-05,1.7696861846463182e-05,5.383847319496102,28.60995907640243,0.940904407643266,3.7519061610107136
0.0016895100999999998,28.799921802612037,0.7652892477257295,45.7417252223147,42.1808687419414,2.896865353186733,-0.0020486980391104287,-0.05012536163316028,112.28830794633086,2587.8235278499487,1.8244980947523236e-05,1.9369698549269363e-05,5.899217192145331,31.314381477617808,0.9419341711031145,3.5952133784786957
0.0017805673999999995,30.352113245301236,0.7749876003474744,45.96397965063183,42.38582132784839,2.794327145827732,-0.0020569881167577814,-0.0499788463484654,103.60582016237367,2381.5900979086,1.98539822717876e-05,2.0985494687920672e-05,6.41946154326774,33.92658819560504,0.9460812130969506,3.4448099644935977
0.0018758502999999995,31.976335597760748,0.7843235326619745,46.17742941099319,42.582654662862375,2.697221194359386,-0.002061387245446596,-0.049808521167443665,95.85975755435038,2201.0674603442603,2.1504198404401706e-05,2.262925696954936e-05,6.95303203085952,36.58400689597928,0.9502830089975305,3.2984772268083256
0.0019755548000000003,33.67592993778189,0.7933111106280024,46.38179747318174,42.771113282740025,2.604960295106251,-0.002062568213674788,-0.04965321142388537,88.71237797027925,2029.6498488323414,2.3250061162443385e-05,2.446392980170983e-05,7.517528295722096,39.55006466950418,0.9503812899601435,3.1573181620734574
0.0020798861999999996,35.45439587388788,0.80195964484874,46.5766883364062,42.950832475243594,2.5170812643942453,-0.0020605118876787253,-0.049510579006557254,81.91710433798607,1857.0862655896635,2.5153622119956185e-05,2.66603549463205e-05,8.133013702868029,43.10095601096828,0.9434841423005036,3.0256561946772074
0.0021890591999999998,37.31539324996545,0.8102821422512759,46.76223159917677,43.12193175002694,2.4340472908358177,-0.0020547873820975044,-0.049318053319318184,75.35570526223682,1678.4391920946655,2.7267840901320908e-05,2.9383282725762638e-05,8.816611883587228,47.50302757674751,0.9280052591745661,2.9062460772279413
0.0023032984,39.26275066842243,0.8182967516384367,46.9392133766434,43.2851360255271,2.356097092209569,-0.002044963121892534,-0.049087929171665386,69.04530546766591,1498.6763741309987,2.96176996834375e-05,3.27541889756745e-05,9.576400417565264,52.95266552369469,0.9042415828226927,2.7996097147862473
0.002422838900000001,41.30047571797682,0.826023500830505,47.10901728839147,43.44172121068359,2.2825542199098816,-0.002030894924429226,-0.04878578520387437,63.115212623882144,1330.0634445143514,3.2177581917243776e-05,3.6679291807533e-05,10.404096611218312,59.29825562686805,0.8772683531102232,2.703734526846443
0.0025479267000000005,43.43276179218305,0.8334800206281181,47.27232074369044,43.592311980480595,2.2127049341127702,-0.002012997814647127,-0.048418020129661385,57.74366380307629,1177.9658941133239,3.4860929876428876e-05,4.11030746913997e-05,11.271713434653895,66.45004606114838,0.8481343582727908,2.6180056335907635
0.002678819300000001,45.663998317221036,0.840681766404551,47.429603526274846,43.737350768924095,2.14635089827606,-0.0019920134503595335,-0.0480146985745991,53.07248947323433,1055.3933650976978,3.7533823457898116e-05,4.5494599608511255e-05,12.13595000546373,73.54968605673739,0.8250171180949615,2.544200490292563
0.0028157861,47.99877757042229,0.8476451117962287,47.581815582161425,43.87771357157503,2.083280130446615,-0.001968583382682723,-0.04759114353827714,49.06929397382055,973.7466152787674,4.0118437076616624e-05,4.887425824289267e-05,12.971642689301088,79.01347370794669,0.8208500449712846,2.480232947647933
0.0029591089,50.441903203427636,0.8543840115839966,47.72973301100255,44.014116071049386,2.023820297190837,-0.0019435631341379385,-0.04710234828891194,45.49350432182064,916.5990351242071,4.272177233015928e-05,5.138817136386049e-05,13.813388708592036,83.07763785956402,0.8313542046021123,2.422813648044627
0.0031090827000000007,52.99840387923928,0.8609061585198952,47.873937358733535,44.147094541671,1.9680099992879985,-0.0019172689541962695,-0.04651126656316814,42.180424246920666,871.7530674092704,4.5453998825918344e-05,5.335371712702221e-05,14.696809610097821,86.25527377799618,0.8519368710094452,2.3647183304865638
0.003266015999999999,55.673538386115446,0.8672247808142007,48.01479878546273,44.27699032769108,1.9147482852403617,-0.0018885456189930681,-0.04572944059439707,39.247903909669276,843.1820102749334,4.811838164248558e-05,5.4234364629632257e-05,15.558294363803949,87.67898885409284,0.8872304851561761,2.2975401838931178
0.0034302319999999988,58.47281609314882,0.873375046306981,48.15375343017633,44.405127768971674,1.863157421143578,-0.001855772609241292,-0.04477413537643091,36.84750239032428,826.0456967471982,5.036359288570386e-05,5.420297636407095e-05,16.284246821857312,87.62824443392506,0.9291665562315491,2.2190465188222217
0.0036020683999999988,61.40199354100329,0.8794057168557183,48.29131944214352,44.53198467841132,1.8132301180217136,-0.0018187535641622067,-0.043716220383063206,34.88207774368357,807.24657095375,5.21400582134631e-05,5.415473035879623e-05,16.858637928809387,87.55024663700009,0.9627978547398327,2.132512638066479
0.0037818791000000015,64.46710342065008,0.8853593988641163,48.427835531107114,44.657873398212544,1.7637609097405513,-0.001777892199971887,-0.042492111173817716,33.12155715692734,782.0773497231858,5.36777963532443e-05,5.4332363913694326e-05,17.35584049083488,87.83742120954986,0.9879525293342696,2.0463471084104463
0.003970033900000001,67.67444945947287,0.8912777380351552,48.56534160662389,44.784675037075154,1.7122342939767539,-0.0017317803748802788,-0.04107273226184502,31.514465093878243,761.1442828396102,5.49519203236193e-05,5.396182194079482e-05,17.767807708152308,87.23837767444631,1.0183481273836674,1.969254087862673
0.0041669202,71.03063540000414,0.8972268402707066,48.70703778603877,44.91534059278134,1.657365898227588,-0.001677071852694258,-0.0394376397799368,30.273702118052825,749.2142953290895,5.539698600965575e-05,5.2638664299129485e-05,17.911712443062793,85.09927039609912,1.0524010581813315,1.9020430618164006
0.004372943099999999,74.54256670455646,0.9032806114965614,48.853890081384584,45.05076087621684,1.6003701397727257,-0.0016094814500940036,-0.037550417093527154,29.54156948312334,738.2910624129581,5.448192084085026e-05,5.086126462211401e-05,17.61584103649476,82.22580432832922,1.071186909048306,1.8367958804909703
0.004588526600000002,78.21747101080092,0.9094907959816937,49.00524308101713,45.1903314975734,1.5425536041105432,-0.0015289243240415014,-0.03542053040574053,29.036119213478287,717.3748730806692,5.265594595478136e-05,4.93752035858628e-05,17.025441820880037,79.82333626359262,1.0664451410962468,1.7664020033629733
0.0048141144,82.062911768819,0.9158791645140861,49.158855450821605,45.33198560389251,1.4852814074936398,-0.0014415973552236486,-0.03320168715315646,28.251161656275826,683.2712081525824,5.102789657866711e-05,4.8592252618000166e-05,16.499038592679437,78.55756409767291,1.0501241212218406,1.6949554162225131
0.0050501707,86.0868018781554,0.9224306681086871,49.31240275957317,45.473579713967055,1.4292575808520276,-0.0013534022786725326,-0.03104566533178575,26.931089919466785,634.9416662672593,5.0254270537125326e-05,4.88953032714001e-05,16.248899222422974,79.0474965425929,1.0277934111213525,1.6264658657463338
0.005297181299999999,90.29742243876422,0.9291042772776078,49.464729776395544,45.61404852818882,1.374310398534179,-0.001267057762726529,-0.02890324036274082,25.37430331615019,574.6497762231156,4.993468182907999e-05,5.029714020373818e-05,16.145565423043344,81.31380215168582,0.9927936583831609,1.5636169637652169
0.0055556546,94.70343979732462,0.9358785993846661,49.61615888254369,45.753689331396394,1.3200652766531185,-0.0011806740541883821,-0.02687271846668071,24.288728428649392,529.6133051685902,4.8609957398829345e-05,5.074026313996473e-05,15.717237371823842,82.03018504381936,0.9580154770727335,1.5053280177886603
0.005826122500000002,99.31392088892433,0.9427532330724553,49.76762577393451,45.893364978378536,1.2654350849491143,-0.0010904631310335354,-0.024964307514177567,23.89785378659917,512.2177297051821,4.563017000484861e-05,4.8737687249807435e-05,14.753771689175633,78.79268368556352,0.9362399526873098,1.442927384849433
0.006109141499999999,104.13835198800648,0.9497322130364305,49.918948265973725,46.03290746706665,1.209778563992764,-0.000995299739943118,-0.023040952713972513,23.78677191119391,502.40898054536956,4.1842572992207315e-05,4.58609491593111e-05,13.529113933809489,74.14195183509835,0.9123791321207764,1.378044109358791
0.006405294300000002,109.18666598247427,0.9568360898284942,50.07185225636138,46.17390833918755,1.1518212782367285,-0.0008878044069261634,-0.02093327523859408,23.440571975822422,489.20582057991123,3.787469042316381e-05,4.279032333217027e-05,12.24616378247525,69.17776778847876,0.8851227911776298,1.308006030619879
0.006715190100000001,114.46924748758504,0.9640266226665011,50.22450287577206,46.31467556450411,1.0918157583828587,-0.0007746620323931228,-0.018525639871913625,22.132745859691568,465.74785850339686,3.500071962620539e-05,3.977611390730315e-05,11.316912171640203,64.30479036223583,0.8799431665892085,1.228171662262904
0.0070394669,119.99697205247593,0.971115501306172,50.37242233503311,46.45107993633627,1.0342393741738438,-0.0006711967426155131,-0.01595707643535308,19.64143212569502,420.326879776796,3.4172495076743934e-05,3.796349270792933e-05,11.049119263815705,61.37438276878621,0.9001409680518258,1.159416066193699
0.0073787919,125.78121297868958,0.977737646520882,50.51221986703634,46.57999464865235,0.9824060461250127,-0.0005781436097628241,-0.013652659746690287,16.548746311546665,362.7820884887624,3.4935795067414395e-05,3.763322440631794e-05,11.295919873839845,60.84044840938886,0.9283231936285881,1.1172976836440247
0.0077338634,131.83387370817334,0.9834097678506798,50.63838162054324,46.69633508703904,0.935574000453225,-0.0004890317526395351,-0.01141579504527454,13.051953154373905,305.07812490042124,3.7468089783608616e-05,3.741925137700615e-05,12.114696093355692,60.49452495328821,1.0013051679230676,1.0764334155318922
0.008105412199999999,138.16741168812047,0.9877760226235675,50.741079395459124,46.79103814737974,0.895549794632531,-0.00040247468428422325,-0.00910184720580164,9.124405140118142,234.70273000526504,4.410969023225683e-05,3.8780320985603614e-05,14.262149338865624,62.69492331430559,1.137424578012947,1.0293898287458452
0.008494203000000002,144.79486223581182,0.9907754817076906,50.81838761313554,46.86232815156374,0.861289745655531,-0.0003123627450002218,-0.006879874033969208,5.403409239907887,147.21553088624205,5.780845594540729e-05,4.6733343911149546e-05,18.69142193929322,75.55232494899337,1.236985225266867,0.9950265896508167
0.0089010358,151.72986240345665,0.9925167302814206,50.866686281922206,46.90686691346218,0.8356516009015218,-0.00021047272581586923,-0.0046043358889518715,2.5167726400652555,62.903537987142045,8.36280252197958e-05,7.319677137863108e-05,27.03975879946061,118.33491450835668,1.142509753431693,0.9729544822806392
0.009326747899999998,158.98668507082377,0.9932020566007138,50.886355820066555,46.9250052368999,0.8188056992968306,-0.00010393935709589641,-0.002146561177040981,0.47509672924979895,-3.184763951896457,0.00021877514766313326,-0.0006740095057163501,70.73737791344139,-1089.6499358446933,nan,0.9639146530501216
0.009772215400000003,166.58026451471417,0.9930342855665009,50.879226585826075,46.918430992219214,0.8129416829651742,7.140145294168076e-06,0.0005368469135135206,-0.9056286743029887,-45.718601107771974,7.884186418526824e-06,1.1742417757884084e-05,2.5492231644432595,18.983596889989077,0.6714278593293302,0.9680268182287114
