phi_rad,mapped_duct_s_m,A2_traced_standoff_m,C1_traced_standoff_m,A2_qtotal_3p0cm_W_m2,C1_qtotal_3p0cm_W_m2,A2_qtotal_5p9cm_W_m2,C1_qtotal_5p9cm_W_m2,A2_qtotal_11p6cm_W_m2,C1_qtotal_11p6cm_W_m2
0.000000000000000000e+00,0.000000000000000000e+00,3.000000000000202505e-02,5.329634976399244550e-02,1.717797811998648802e+06,1.589719953145360574e+06,1.185703744988363702e+06,1.137595168660375522e+06,8.377162209887034260e+05,8.301273475530754076e+05
6.544984694978735369e-03,1.554433865057449748e-03,3.012756174434105816e-02,5.340031123985866657e-02,1.720730710706987185e+06,1.590893802563870791e+06,1.188165763921615900e+06,1.138965628569317283e+06,8.395635760458334116e+05,8.312607137769935653e+05
1.308996938995747074e-02,3.108867730114899496e-03,3.051099030002202284e-02,5.371268821550501116e-02,1.711519447046810761e+06,1.583122336948296288e+06,1.186897406015881104e+06,1.137472754082983360e+06,8.404274788518174319e+05,8.315893680940787308e+05
1.963495408493620697e-02,4.663301595172349677e-03,3.114920539706833580e-02,5.409603122608874770e-02,1.690447399657210335e+06,1.572659437885866966e+06,1.181883968537502922e+06,1.135207802138790488e+06,8.402392118287403136e+05,8.318027829718485009e+05
2.617993877991494148e-02,6.217735460229798991e-03,3.147159115676778640e-02,5.394535451089499389e-02,1.685018009506810689e+06,1.586123151080765761e+06,1.182124617040251847e+06,1.141196388880913146e+06,8.418821085639052326e+05,8.348989365498109255e+05
3.272492347489367598e-02,7.772169325287249173e-03,3.168785134928775449e-02,5.401552855503766182e-02,1.685144152061703848e+06,1.590439647806039779e+06,1.184402618667860981e+06,1.144265040821620263e+06,8.443785879347533919e+05,8.371795077537178295e+05
3.926990816987241395e-02,9.326603190344699354e-03,3.217739049704704257e-02,5.431505380755030643e-02,1.672908118766171625e+06,1.585068666578677250e+06,1.182821430752749555e+06,1.144131994952410227e+06,8.458523100857042009e+05,8.384454095373529708e+05
4.581489286485114498e-02,1.088103705540214780e-02,3.294766966076867476e-02,5.485218699005400822e-02,1.648480606288695009e+06,1.569352627835350111e+06,1.177438813272018218e+06,1.140220229968504049e+06,8.463891669560234295e+05,8.381736594409863465e+05
5.235987755982988295e-02,1.243547092045959798e-02,3.400572933312240309e-02,5.563494109676092592e-02,1.612312387349433498e+06,1.543736157283865614e+06,1.168292922091237502e+06,1.132863646339936648e+06,8.460037225031529088e+05,8.367210357677243883e+05
5.890486225480862092e-02,1.398990478551704816e-02,3.535818943872293119e-02,5.667108539447252014e-02,1.564092644889039220e+06,1.508706679341471288e+06,1.154370536411385983e+06,1.122243177318407223e+06,8.436064799020903884e+05,8.342587109278888674e+05
6.544984694978735196e-02,1.554433865057449835e-02,3.701124933412724971e-02,5.738660620219881991e-02,1.505326093872838886e+06,1.488398923540943768e+06,1.136209893807176733e+06,1.116844479911996750e+06,8.396070666427765973e+05,8.337082355670428369e+05
7.199483164476608299e-02,1.709877251563194506e-02,3.821329605652579176e-02,5.809804778794713798e-02,1.467631942804155871e+06,1.469350771435514791e+06,1.125260615573071409e+06,1.112036782220483292e+06,8.380478525051169563e+05,8.335392983439466916e+05
7.853981633974482790e-02,1.865320638068939871e-02,3.952749874485039783e-02,5.908534279617683183e-02,1.427461231435116613e+06,1.440469675911691738e+06,1.113389634943610290e+06,1.103808370034840889e+06,8.363947188942600042e+05,8.323724614109027898e+05
8.508480103472355893e-02,2.020764024574684889e-02,4.115615735843380918e-02,6.035675566822806815e-02,1.377692567774210125e+06,1.402156750981017947e+06,1.097820565573971719e+06,1.092139098041056190e+06,8.336792532312147086e+05,8.301702762272286927e+05
9.162978572970228996e-02,2.176207411080429560e-02,4.310537716981688305e-02,6.192071689247757860e-02,1.317543427585009253e+06,1.355165722694494063e+06,1.076705103679417167e+06,1.077151214985279134e+06,8.278908878969295183e+05,8.269985048706711968e+05
9.817477042468103487e-02,2.331650797586174925e-02,4.538119962662268136e-02,6.378582300433688346e-02,1.249608503304154845e+06,1.300774361041415716e+06,1.051393986266978784e+06,1.059293361296747811e+06,8.201677602211856283e+05,8.232069419935306069e+05
1.047197551196597659e-01,2.487094184091919596e-02,4.798960235155114162e-02,6.596083658625495616e-02,1.176132116376244230e+06,1.239145308442744194e+06,1.022765791754774167e+06,1.037725690797600430e+06,8.111283547142799944e+05,8.178124995785414940e+05
1.112647398146384969e-01,2.642537570597664615e-02,5.093649983443526708e-02,6.845424721897952480e-02,1.098948185144314775e+06,1.170178655224379152e+06,9.912308422376208473e+05,1.011200259295717464e+06,8.008797300515555544e+05,8.093753511644483078e+05
1.178097245096172418e-01,2.797980957103409633e-02,5.357656739549643277e-02,7.102976788935499997e-02,1.036015031696271733e+06,1.103408618306827499e+06,9.645223497242777376e+05,9.841910602642905433e+05,7.921207879390019225e+05,8.002907966046566144e+05
1.243547092045959729e-01,2.953424343609154651e-02,5.628896603165411960e-02,7.338351891729377741e-02,9.751927070891157491e+05,1.047234796081480570e+06,9.370531697261716472e+05,9.607487556008961983e+05,7.822824959582046140e+05,7.923852935788735049e+05
1.308996938995747039e-01,3.108867730114899669e-02,5.933228324777672924e-02,7.605264151315527243e-02,9.116537940425020643e+05,9.871970087792375125e+05,9.067695187766745221e+05,9.345421799271989148e+05,7.709549190413864562e+05,7.832871497899240348e+05
1.374446785945534488e-01,3.264311116620644687e-02,6.269369016081061119e-02,7.902576680824147104e-02,8.474579887580593349e+05,9.249954394354399992e+05,8.745002157216748456e+05,9.060158057676425669e+05,7.585406326617347077e+05,7.730683244089559885e+05
1.439896632895321660e-01,3.419754503126389011e-02,6.635987834413636932e-02,8.229103297954853957e-02,7.840367303066333989e+05,8.621860191699955612e+05,8.406393146151119145e+05,8.755933001489985036e+05,7.450136465932487044e+05,7.617721129747873638e+05
1.505346479845109109e-01,3.575197889632134723e-02,7.031705982756975004e-02,8.583608524976416021e-02,7.225667012605635682e+05,8.000962623164453544e+05,8.055553522781209322e+05,8.436417936400264734e+05,7.303412618406129768e+05,7.493892344477389706e+05
1.570796326794896558e-01,3.730641276137879742e-02,7.455096709736075411e-02,8.964807588727108367e-02,6.642504396963635227e+05,7.397524589332561009e+05,7.698874746591433650e+05,8.104309100634754868e+05,7.147913098765795585e+05,7.358281128543970408e+05
1.636246173744683730e-01,3.886084662643624066e-02,7.904685309619541300e-02,9.371366420614535286e-02,6.100569131144087296e+05,6.819584783494354924e+05,7.342829701834828593e+05,7.762260217142271576e+05,6.986786543813066091e+05,7.210175923886441160e+05
1.701696020694471179e-01,4.041528049149369778e-02,8.318295625985694386e-02,9.801901656615719105e-02,5.665460224287875462e+05,6.277246134371967055e+05,7.036505426263776608e+05,7.417163170052364003e+05,6.843240349321013782e+05,7.053433272749833995e+05
1.767145867644258628e-01,4.196971435655114796e-02,8.738141212634076282e-02,1.025498063727701137e-01,5.276475087637602119e+05,5.778584638936634874e+05,6.743016552163435845e+05,7.075913370727322763e+05,6.700171875186555553e+05,6.892314167760162381e+05
1.832595714594045799e-01,4.352414822160859120e-02,9.181247664613767512e-02,1.072912140771400402e-01,4.916175093159998069e+05,5.327064944692834979e+05,6.450778421432282776e+05,6.742572416686732322e+05,6.551482465875573689e+05,6.728689841398210265e+05
1.898045561543833248e-01,4.507858208666604138e-02,9.645575853825949508e-02,1.119421503757829228e-01,4.588342003135692794e+05,4.945489731126612169e+05,6.164171326512196101e+05,6.438487652994807577e+05,6.399516010050688637e+05,6.573498581102201715e+05
1.963495408493620697e-01,4.663301595172349850e-02,1.012891161341489266e-01,1.164639100915580983e-01,4.294926792656481848e+05,4.624957380285657709e+05,5.886895394460153766e+05,6.163157351301278686e+05,6.246391252467073500e+05,6.427434829465063522e+05
2.028945255443407869e-01,4.818744981678094175e-02,1.062888487730493381e-01,1.211585707601647854e-01,4.035649187144365860e+05,4.337631217636702349e+05,5.621277323023452191e+05,5.896804666251458693e+05,6.093322550234344089e+05,6.280341496956198243e+05
2.094395102393195318e-01,4.974188368183839193e-02,1.114366865544065277e-01,1.260056094924033587e-01,3.808713304604977602e+05,4.082869775323771173e+05,5.368645550816124305e+05,5.641257625385255087e+05,5.941102505471735494e+05,6.133105844790698029e+05
2.159844949342982767e-01,5.129631754689584905e-02,1.167214095168702670e-01,1.309850263094078926e-01,3.611258430151549401e+05,3.858889773862430593e+05,5.129412880589055130e+05,5.397690588366225129e+05,5.790082444577788701e+05,5.986384364240291761e+05
2.225294796292769939e-01,5.285075141195329229e-02,1.221320468240953971e-01,1.360862668876112735e-01,3.440726864105793065e+05,3.662741869274447090e+05,4.904236815163313295e+05,5.166250459816721268e+05,5.641106200027017621e+05,5.840315754168367712e+05
2.290744643242557388e-01,5.440518527701074247e-02,1.271473014383834865e-01,1.413011856684960321e-01,3.306383731085138861e+05,3.491416673143025255e+05,4.711641938044441049e+05,4.946919734990173019e+05,5.507639284436183516e+05,5.695118877145983279e+05
2.356194490192344837e-01,5.595961914206819265e-02,1.320451884408484489e-01,1.466213046316040547e-01,3.194045673149715294e+05,3.342568934773860965e+05,4.537602776589413988e+05,4.740176469718191656e+05,5.381692308727323543e+05,5.551661626003057463e+05
2.421644337142132009e-01,5.751405300712564284e-02,1.370371728671884171e-01,1.520379165446810177e-01,3.095917917302814312e+05,3.214308116781530553e+05,4.373564609381711343e+05,4.546734660350086051e+05,5.257826667832707753e+05,5.411181841217564652e+05
2.487094184091919458e-01,5.906848687218309302e-02,1.421110423124281041e-01,1.575420849636710585e-01,3.010420143552743830e+05,3.104478886356084840e+05,4.219495081565585569e+05,4.366738722093428369e+05,5.136370750382930273e+05,5.274437134450358571e+05
2.552544031041706907e-01,6.062292073724054320e-02,1.472550669200920481e-01,1.631246442327194401e-01,2.936128352946176892e+05,3.010913273670392809e+05,4.075317285349591402e+05,4.199991548943444504e+05,5.017683231403621030e+05,5.141893848761453992e+05
2.617993877991494078e-01,6.217735460229799338e-02,1.524579993822108293e-01,1.685785630464948781e-01,2.871820863112157676e+05,2.933800515168717247e+05,3.940987049677191535e+05,4.050976541732204496e+05,4.902227659145667567e+05,5.017981597209899337e+05
2.683443724941281250e-01,6.373178846735542968e-02,1.577090749393139646e-01,1.736749455568400435e-01,2.816177451534681022e+05,2.872027535689968499e+05,3.816170119530357770e+05,3.922684302110962453e+05,4.790218911062655970e+05,4.906575353383589536e+05
2.748893571891068976e-01,6.528622233241289374e-02,1.629980113804361253e-01,1.788180249415471934e-01,2.767986817521665362e+05,2.818346409511165693e+05,3.700403338628265192e+05,3.803226334940453526e+05,4.681721688786093728e+05,4.798423534372049617e+05
2.814343418840856148e-01,6.684065619747034392e-02,1.677088557417327763e-01,1.839980414809065934e-01,2.729937768461735686e+05,2.771413122620950453e+05,3.604102257619449520e+05,3.691910850120560499e+05,4.587502431751359836e+05,4.693281404931754805e+05
2.879793265790643320e-01,6.839509006252778023e-02,1.722566396542610789e-01,1.892053061622753773e-01,2.697203471729032462e+05,2.730043205795243848e+05,3.517164842540133395e+05,3.588128809793162509e+05,4.499108393391666468e+05,4.591034384196474566e+05
2.945243112740431046e-01,6.994952392758524429e-02,1.768200483794712952e-01,1.944302006800757709e-01,2.668129895486930618e+05,2.693345294895660481e+05,3.435895309832767234e+05,3.491405993362989975e+05,4.413341143747647875e+05,4.491672853930536658e+05
3.010692959690218218e-01,7.150395779264269447e-02,1.813903540758134980e-01,1.996631774357933153e-01,2.642282877768890467e+05,2.660792233221608330e+05,3.359976743867665064e+05,3.401425524391017389e+05,4.330091298398976796e+05,4.395230839424366714e+05
3.076142806640005389e-01,7.305839165770013077e-02,1.859571595990114901e-01,2.048947595379813080e-01,2.619324122461728693e+05,2.632186096783744288e+05,3.289202289439617307e+05,3.318169366575086024e+05,4.249398820349093876e+05,4.302066866029258235e+05
3.141592653589793116e-01,7.461282552275759483e-02,1.905105166325604671e-01,2.096826635944673001e-01,2.598827545389278384e+05,2.608418603623567324e+05,3.223308206113157794e+05,3.246773944834726863e+05,4.171341645683135139e+05,4.218801283866785234e+05
3.207042500539580288e-01,7.616725938781504501e-02,1.945099299440782303e-01,2.142356782110166336e-01,2.581779671399935323e+05,2.588000082198684686e+05,3.167919288268450182e+05,3.183132954686893499e+05,4.103139238034093869e+05,4.141541392493178719e+05
3.272492347489367459e-01,7.772169325287248132e-02,1.982521904623117948e-01,2.187676901348298841e-01,2.566617168492247874e+05,2.569858103180528851e+05,3.118078398538759211e+05,3.123869690276184119e+05,4.039460471762692323e+05,4.066521194821232348e+05
3.337942194439155186e-01,7.927612711792994538e-02,2.019706083446086708e-01,2.232672976688254707e-01,2.552737194557260664e+05,2.553655798888466670e+05,3.071024615908931009e+05,3.068732911933191936e+05,3.977151616659667925e+05,3.993762009925591992e+05
3.403392041388942357e-01,8.083056098298739556e-02,2.056571354729239687e-01,2.277237434714010078e-01,2.539825473945345148e+05,2.539123641427433176e+05,3.026568289016894414e+05,3.017591892395545729e+05,3.916307831525109941e+05,3.923547622611449915e+05
3.468841888338729529e-01,8.238499484804483186e-02,2.093039602921580311e-01,2.321269498224465266e-01,2.527861540716393501e+05,2.525969440054619045e+05,2.984573062930708402e+05,2.970004007639020565e+05,3.856753085332993651e+05,3.855468797082264209e+05
3.534291735288517255e-01,8.393942871310229592e-02,2.128991973468590260e-01,2.361358426157913470e-01,2.516675255778671999e+05,2.514260513768586970e+05,2.944744665741156787e+05,2.927967790072284988e+05,3.798095777550163912e+05,3.792698454029224813e+05
3.599741582238304427e-01,8.549386257815973222e-02,2.158594339574104737e-01,2.398677821372139363e-01,2.506817109703435272e+05,2.503468527360643784e+05,2.911396310679767630e+05,2.889926410316397087e+05,3.747086316128986073e+05,3.733792849439876154e+05
3.665191429188091599e-01,8.704829644321718241e-02,2.187918619883717497e-01,2.435483869359584830e-01,2.497366551939066558e+05,2.493168972255639674e+05,2.879466895529096364e+05,2.853999801497653825e+05,3.696911821305995109e+05,3.676454780567042180e+05
3.730641276137879325e-01,8.860273030827464646e-02,2.216909966731588355e-01,2.471717773613306690e-01,2.488328940493997361e+05,2.483290693713385845e+05,2.848738743304383243e+05,2.819829786444226047e+05,3.647030884636334376e+05,3.620003406493387884e+05
3.796091123087666497e-01,9.015716417333208277e-02,2.245515219517093541e-01,2.507326524645510091e-01,2.479673719610397820e+05,2.473760262004733377e+05,2.819117846096200519e+05,2.787220029044665862e+05,3.597282881007859251e+05,3.564178632282258477e+05
3.861540970037453668e-01,9.171159803838953295e-02,2.273682904704781294e-01,2.542262899987539626e-01,2.471315439919182099e+05,2.464642529113976343e+05,2.790888407138450420e+05,2.756564599224752747e+05,3.548723420615880168e+05,3.510231255345973768e+05
3.926990816987241395e-01,9.326603190344699701e-02,2.301363235824425146e-01,2.576485464189879337e-01,2.463246829190099670e+05,2.455908229915416741e+05,2.764108995909178630e+05,2.727839847822957090e+05,3.501675186790060252e+05,3.458421793924873346e+05
3.992440663937028567e-01,9.482046576850443331e-02,2.328508113470979524e-01,2.609958568822134950e-01,2.455378846359434247e+05,2.447569689608863264e+05,2.738320128878931282e+05,2.700617382279668236e+05,3.455065977110153181e+05,3.407625733617208316e+05
4.057890510886815738e-01,9.637489963356188349e-02,2.355071125304588620e-01,2.642652352473078281e-01,2.448401317707483249e+05,2.439643453586944670e+05,2.723113097713058232e+05,2.674962519879810279e+05,3.437596516797653749e+05,3.358222092011213535e+05
4.123340357836603465e-01,9.792933349861934755e-02,2.381007546050613044e-01,2.674542740750585068e-01,2.441817103036513436e+05,2.432528407926498621e+05,2.710164184264614596e+05,2.658311165312282392e+05,3.425520241589529323e+05,3.334825224956154125e+05
4.188790204786390636e-01,9.948376736367678386e-02,2.406274337499603178e-01,2.705611446281706023e-01,2.435203143349374295e+05,2.425693320466122241e+05,2.697345730328214704e+05,2.644451272560084471e+05,3.413162848240797757e+05,3.319060924712601700e+05
4.254240051736177808e-01,1.010382012287342340e-01,2.430830148507299171e-01,2.735845968712595777e-01,2.428626606638434750e+05,2.418979731544943934e+05,2.685098349041346810e+05,2.631403405476075714e+05,3.401821998316507670e+05,3.304848632632927038e+05
4.319689898685965534e-01,1.025926350937916981e-01,2.454637654652023215e-01,2.765236687844661034e-01,2.421983882617177151e+05,2.412241507810723851e+05,2.672941947202302981e+05,2.618602665226367244e+05,3.390181146664236439e+05,3.290648492455349769e+05
4.385139745635752706e-01,1.041470689588491344e-01,2.477745004794567052e-01,2.793793828632962217e-01,2.415309735199327406e+05,2.405462852343592385e+05,2.660413886411965941e+05,2.605560003187586262e+05,3.376601616965366993e+05,3.274720463725549052e+05
4.450589592585539878e-01,1.057015028239065846e-01,2.500250457077344279e-01,2.821601565674827228e-01,2.408733733631775540e+05,2.398658508387188776e+05,2.647959114522691816e+05,2.592639708713972359e+05,3.362299522122383933e+05,3.258382866580742411e+05
4.516039439535327604e-01,1.072559366889640486e-01,2.522244367859505232e-01,2.848745080478254366e-01,2.402137151819460269e+05,2.391854465370969556e+05,2.635689615470630233e+05,2.580080781272626773e+05,3.348014017112397123e+05,3.242549410560621764e+05
4.581489286485114776e-01,1.088103705540214849e-01,2.543808810608689797e-01,2.875300546292001158e-01,2.395523027405465546e+05,2.385177112942152598e+05,2.623051442946971511e+05,2.567424401578508550e+05,3.331799113891233574e+05,3.225118444563186495e+05
4.646939133434901947e-01,1.103648044190789351e-01,2.565017575901027413e-01,2.901335128105619887e-01,2.388852030223103648e+05,2.378725533179426275e+05,2.609776031364576775e+05,2.554558524702872965e+05,3.312736217946305405e+05,3.205286904285105993e+05
4.712388980384689674e-01,1.119192382841363853e-01,2.585936171421092666e-01,2.926906982649448707e-01,2.382264026965247467e+05,2.372598657645184430e+05,2.596520744620820624e+05,2.542113148994996154e+05,3.292825151079063071e+05,3.185259263421871583e+05
4.777838827334476846e-01,1.134736721491938355e-01,2.606621821961958574e-01,2.952065258394602765e-01,2.375778314179889567e+05,2.366777244366873638e+05,2.583370838308333769e+05,2.530112533217599848e+05,3.272344206838426762e+05,3.165228190768964705e+05
4.843288674284264017e-01,1.150281060142512857e-01,2.627123469425161062e-01,2.976850095552974196e-01,2.369355550591227366e+05,2.361185617047894921e+05,2.569802780805296497e+05,2.517994249211106799e+05,3.249392672189648147e+05,3.143049714620688464e+05
4.908738521234051744e-01,1.165825398793087359e-01,2.647481772820716728e-01,3.001292626077267656e-01,2.363010103416090715e+05,2.355761577548440837e+05,2.555977316600172489e+05,2.505850146509096667e+05,3.224478628694883664e+05,3.119247273795795627e+05
4.974188368183838915e-01,1.181369737443661860e-01,2.667729108267113958e-01,3.025414973660929263e-01,2.356764999087993929e+05,2.350312565240289550e+05,2.542472751626975660e+05,2.494006319622895971e+05,3.199783108874305617e+05,3.095897820002004737e+05
5.039638215133626087e-01,1.196914076094236362e-01,2.687889568991312927e-01,3.049230253738217655e-01,2.350681633626315743e+05,2.344785695521320449e+05,2.529255917266924807e+05,2.482280707926835457e+05,3.175020324474797235e+05,3.072427185047376552e+05
5.105088062083413813e-01,1.212458414744810864e-01,2.707978965328745602e-01,3.072742573484168460e-01,2.344794125828355318e+05,2.339168489221758791e+05,2.516095923664544825e+05,2.470398764822837838e+05,3.149145013161633397e+05,3.047635108729571803e+05
5.170537909033200430e-01,1.228002753395385227e-01,2.728006050052780296e-01,3.095947305034085772e-01,2.339072444992118690e+05,2.333479175555177790e+05,2.503337462384762766e+05,2.458733068291266100e+05,3.123657004455504357e+05,3.023185889701148844e+05
5.235987755982988157e-01,1.243547092045959868e-01,2.747933465156320310e-01,3.118818610886320286e-01,2.333599414566819905e+05,2.327857752722935984e+05,2.491379160071174265e+05,2.447687903860390943e+05,3.099995468573937542e+05,3.000546715547475615e+05
5.301437602932775883e-01,1.259091430696534508e-01,2.767623313249254480e-01,3.141260989819034677e-01,2.328302568709912011e+05,2.322478200207094196e+05,2.479879525982890045e+05,2.437145355851127824e+05,3.076956721754838363e+05,2.978549339190899045e+05
5.366887449882562500e-01,1.274635769347108594e-01,2.786937421489241729e-01,3.163170261198597899e-01,2.323207469422285212e+05,2.317425154204093851e+05,2.468801782453332562e+05,2.427133045372362249e+05,3.054278792083950248e+05,2.957013296729793656e+05
5.432337296832350226e-01,1.290180107997683234e-01,2.805750510924802654e-01,3.184450325551706484e-01,2.318281886161630682e+05,2.312642304113205755e+05,2.458510480519057601e+05,2.417970386271020980e+05,3.033685343053764664e+05,2.937811485789938597e+05
5.497787143782137953e-01,1.305724446648257875e-01,2.823950196495390585e-01,3.205013164565331252e-01,2.313558240247323993e+05,2.308186255664782657e+05,2.449058328570317826e+05,2.409691442086792958e+05,3.015375973837507772e+05,2.921001061008425895e+05
5.563236990731924569e-01,1.321268785298832238e-01,2.841436987031347172e-01,3.224778841086752834e-01,2.309089533098574902e+05,2.304027226277099107e+05,2.440172227324715641e+05,2.401908302200066391e+05,2.997993830378855346e+05,2.904781403968401719e+05
5.628686837681712296e-01,1.336813123949406878e-01,2.857410973285796629e-01,3.242777062542838706e-01,2.304771706887361361e+05,2.300101640240074776e+05,2.432013737401911349e+05,2.394792175739691302e+05,2.982413695069878595e+05,2.890069595016382518e+05
5.694136684631500023e-01,1.352357462599981519e-01,2.867824119427195839e-01,3.255104950841314349e-01,2.300794455777546391e+05,2.296453717792294046e+05,2.425797916357160138e+05,2.389182120093767298e+05,2.972154824115126976e+05,2.880028417697041878e+05
5.759586531581286639e-01,1.367901801250555605e-01,2.877198119159132261e-01,3.266302728883845319e-01,2.297098446514992102e+05,2.293047533324345131e+05,2.420106051389665517e+05,2.383985207556164532e+05,2.962787936139355879e+05,2.870639020659999223e+05
5.825036378531074366e-01,1.383446139901130245e-01,2.885500363170523386e-01,3.276347597470117279e-01,2.293629038125646184e+05,2.289841749270998116e+05,2.414490763240095403e+05,2.378839577326332510e+05,2.952413746310327551e+05,2.860128047240076121e+05
5.890486225480862092e-01,1.398990478551704886e-01,2.892705458198223667e-01,3.285224480765611688e-01,2.290516154361066292e+05,2.287013333607738023e+05,2.409239657885057968e+05,2.374098519572702644e+05,2.941904930058153113e+05,2.849636572504049400e+05
5.955936072430648709e-01,1.414534817202279249e-01,2.898801405307205314e-01,3.292926026301605802e-01,2.287751260232530185e+05,2.284685929930376296e+05,2.404459440568116261e+05,2.369999023819114373e+05,2.931817903747488745e+05,2.839935808257036260e+05
6.021385919380436436e-01,1.430079155852853889e-01,2.903814217343692050e-01,3.299452604975163794e-01,2.285408193540018692e+05,2.282904912961422233e+05,2.400033782051362214e+05,2.366391197946461616e+05,2.921344059071082738e+05,2.830010496400046395e+05
6.086835766330224162e-01,1.445623494503428530e-01,2.907767177272324588e-01,3.304812311049145634e-01,2.283516087356720527e+05,2.281444130865358457e+05,2.396100811154584517e+05,2.363097257972613152e+05,2.911062999790196773e+05,2.819923255706227501e+05
6.152285613280010779e-01,1.461167833154002615e-01,2.910677630670317484e-01,3.309020962152207090e-01,2.282175410485203029e+05,2.280397161942385719e+05,2.393144354345843894e+05,2.360516904112829361e+05,2.902961516367275617e+05,2.811518271064101718e+05
6.217735460229798505e-01,1.476712171804577256e-01,2.912558171740489144e-01,3.309699824383667277e-01,2.281349846116038098e+05,2.279755844212636584e+05,2.391067918372717395e+05,2.358911522926300240e+05,2.896745581274566939e+05,2.805644561746591935e+05
6.283185307179586232e-01,1.492256510455151897e-01,2.913416643311279586e-01,3.305296540911415448e-01,2.281005378328190709e+05,2.279505895820563019e+05,2.389533398329443298e+05,2.358224141276692681e+05,2.890926868719388149e+05,2.801645042003352428e+05
6.348635154129372848e-01,1.507800849105726260e-01,2.910924164114749857e-01,3.299751328540692086e-01,2.281318638081260142e+05,2.279712482610975567e+05,2.391334418499685999e+05,2.360192566945023718e+05,2.897571932735869777e+05,2.810098290350722964e+05
6.414085001079160575e-01,1.523345187756300900e-01,2.903820929571674370e-01,3.293095809217403414e-01,2.282214567123049346e+05,2.280339847836162080e+05,2.394452210132997134e+05,2.362615880176174687e+05,2.906638181279406417e+05,2.818749231249449658e+05
6.479534848028948302e-01,1.538889526406875263e-01,2.895705017880958465e-01,3.285309735131143327e-01,2.283649194982889458e+05,2.281276155853134405e+05,2.398507462318008184e+05,2.365627952195511898e+05,2.917677803976960131e+05,2.828816955672496115e+05
6.544984694978734918e-01,1.554433865057449626e-01,2.886575034227059078e-01,3.276380052402787513e-01,2.285596558601906581e+05,2.282803554540699697e+05,2.403543543422026560e+05,2.369563065518560761e+05,2.930938178833551356e+05,2.840816018458072213e+05
6.610434541928522645e-01,1.569978203708024267e-01,2.876424135958961514e-01,3.266322828633603237e-01,2.287999829551740550e+05,2.284842475795056962e+05,2.409114853992394055e+05,2.374022543683109398e+05,2.944455254609092954e+05,2.852872255545745720e+05
6.675884388878310371e-01,1.585522542358598908e-01,2.865223539319474710e-01,3.255158086451110933e-01,2.290800560657723981e+05,2.287382446589261526e+05,2.415050902041396766e+05,2.378940337910069793e+05,2.957605914354490815e+05,2.864659676935659372e+05
6.741334235828096988e-01,1.601066881009173271e-01,2.852985023885379334e-01,3.242909803509048672e-01,2.293968276274937380e+05,2.290188134090457461e+05,2.421511907547242008e+05,2.384282039086473233e+05,2.971233464988367050e+05,2.877013487406966742e+05
6.806784082777884715e-01,1.616611219659747911e-01,2.839746180583535562e-01,3.229291236366167439e-01,2.297470140881751431e+05,2.293262834842111333e+05,2.428339322395758063e+05,2.389979242945669685e+05,2.984706090239550686e+05,2.889418984941273811e+05
6.872233929727672441e-01,1.632155558310322274e-01,2.825553068114512456e-01,3.208639883193358244e-01,2.301306624063402705e+05,2.296681224839497008e+05,2.435358958474034443e+05,2.396862499385648116e+05,2.997233509038105840e+05,2.903891319765893277e+05
6.937683776677459058e-01,1.647699896960896637e-01,2.810460212952552439e-01,3.187159139907045358e-01,2.305322119053971546e+05,2.300378752104428422e+05,2.442829058292676928e+05,2.404244438248649822e+05,3.010548019736687420e+05,2.919049374593386310e+05
7.003133623627246784e-01,1.663244235611471278e-01,2.794530609345580174e-01,3.164927432148036957e-01,2.309618763629370078e+05,2.304428153138014022e+05,2.451257841791463143e+05,2.412544700446430943e+05,3.026521083526760340e+05,2.936675999239973025e+05
7.068583470577034511e-01,1.678788574262045918e-01,2.776732059705500077e-01,3.142025808994981517e-01,2.314176373752448126e+05,2.308788518189754104e+05,2.460654465917743510e+05,2.421485112096979283e+05,3.044689747311796527e+05,2.955439094729984063e+05
7.134033317526821127e-01,1.694332912912620281e-01,2.753998081050736957e-01,3.118537942964438869e-01,2.318972067354482424e+05,2.313431347161867598e+05,2.471687060907589621e+05,2.430931424802891561e+05,3.066469712889608345e+05,2.974744743241639226e+05
7.199483164476608854e-01,1.709877251563194644e-01,2.730921926647580378e-01,3.094550130010835787e-01,2.324034206024026207e+05,2.318448601427875110e+05,2.483694829767076299e+05,2.441373514810090710e+05,3.090634717248451780e+05,2.996552333490777528e+05
7.264933011426396581e-01,1.725421590213769285e-01,2.707683494155581627e-01,3.070151289526501515e-01,2.329271704212162585e+05,2.323774755261413520e+05,2.496551343370362883e+05,2.452773375913222553e+05,3.116882834661641973e+05,3.020800465620614123e+05
7.330382858376183197e-01,1.740965928864343648e-01,2.684442833199875977e-01,3.045432964341623361e-01,2.334751426705588528e+05,2.329159777360884764e+05,2.509874135715487937e+05,2.464459397930660343e+05,3.143406955269438331e+05,3.045191969131858787e+05
7.395832705325970924e-01,1.756510267514918289e-01,2.661332024254328132e-01,3.020489320724299986e-01,2.340406183925645310e+05,2.334516465490079427e+05,2.523657607456484693e+05,2.476407132661210780e+05,3.170430050153321354e+05,3.069918707876420231e+05
7.461282552275758650e-01,1.772054606165492929e-01,2.638455178641505583e-01,2.995417148380479233e-01,2.346254759349751112e+05,2.339856074968526955e+05,2.538222855342243565e+05,2.488955103184692271e+05,3.199178107291528722e+05,3.096415653993045562e+05
7.526732399225545267e-01,1.787598944816067292e-01,2.615888438532696370e-01,2.970315860454020296e-01,2.352353933544277097e+05,2.345171929193522374e+05,2.553253411496902991e+05,2.501775038454891474e+05,3.228231411241040914e+05,3.123206135848000413e+05
7.592182246175332994e-01,1.803143283466641655e-01,2.593679976947873556e-01,2.945287493526658196e-01,2.358533946748099988e+05,2.350500233636100311e+05,2.568124756284239702e+05,2.514464999867848528e+05,3.255730266855469672e+05,3.148485904532407876e+05
7.657632093125120720e-01,1.818687622117216296e-01,2.571849997755748518e-01,2.920425248771785220e-01,2.364916146839970897e+05,2.356013960752401908e+05,2.583225530733584892e+05,2.527455676426372665e+05,3.282888407183315139e+05,3.173609356869917829e+05
7.723081940074907337e-01,1.834231960767790659e-01,2.550390735673726539e-01,2.895690991973891570e-01,2.371469239110170165e+05,2.361822502703400387e+05,2.598607012869268947e+05,2.540994683586104074e+05,3.310007132861170103e+05,3.199238269975177245e+05
7.788531787024695063e-01,1.849776299418365300e-01,2.529266456267933449e-01,2.869989961033407866e-01,2.378171974467422115e+05,2.367956243068488257e+05,2.613601317528330255e+05,2.554832034236435429e+05,3.334743660388627322e+05,3.223725881036998471e+05
7.853981633974482790e-01,1.865320638068939940e-01,2.508413455953188986e-01,2.843203985076279139e-01,2.384907241304723721e+05,2.374438137149339018e+05,2.627914956282301573e+05,2.568863454125334101e+05,3.356450118583498406e+05,3.246553397758975625e+05
7.919431480924269406e-01,1.880864976719514026e-01,2.487740521964667550e-01,2.816791342720756930e-01,2.391638604099517979e+05,2.381194842519083177e+05,2.642060216376829194e+05,2.583102922712743457e+05,3.377092177861877717e+05,3.268767603152574156e+05
7.984881327874057133e-01,1.896409315370088666e-01,2.467152220240516058e-01,2.790644111683029394e-01,2.398382336163373839e+05,2.388056722544656950e+05,2.655980356874841382e+05,2.597323402911429584e+05,3.396429362840556423e+05,3.289986237869734177e+05
8.050331174823844860e-01,1.911953654020663307e-01,2.446560794836658559e-01,2.764667908565172638e-01,2.405069472180976300e+05,2.394858842143259826e+05,2.669019833280968014e+05,2.610739164170877775e+05,3.412423751735644764e+05,3.307790017268466181e+05
8.115781021773631476e-01,1.927497992671237670e-01,2.425887325460429622e-01,2.738781889339403364e-01,2.411856965060697694e+05,2.401581060723522969e+05,2.681589161400125013e+05,2.623556623219296453e+05,3.426172258517516311e+05,3.323123555530958693e+05
8.181230868723419203e-01,1.943042331321812310e-01,2.405066530987367557e-01,2.712918749348132152e-01,2.418600307327005430e+05,2.408277615192089579e+05,2.694155240493365563e+05,2.636475763745696167e+05,3.439586616925059352e+05,3.338409973541707150e+05
8.246680715673206929e-01,1.958586669972386951e-01,2.384046769461223292e-01,2.687024723303919060e-01,2.425234478136805119e+05,2.414909367233805533e+05,2.706366210423728917e+05,2.649180577538489597e+05,3.451655770038572955e+05,3.352623766500559868e+05
8.312130562622993546e-01,1.974131008622961037e-01,2.362790038093942613e-01,2.661059585289526908e-01,2.431869038273277984e+05,2.421557540980897611e+05,2.717943558279250283e+05,2.661319938475473900e+05,3.461291611526575289e+05,3.364418356751339743e+05
8.377580409572781273e-01,1.989675347273535677e-01,2.341271973265657280e-01,2.634996648757867987e-01,2.438467809387221059e+05,2.428277379127599997e+05,2.729386569953458966e+05,2.673471389701329172e+05,3.470214013684745878e+05,3.375699068328327849e+05
8.443030256522568999e-01,2.005219685924110318e-01,2.319481850524738320e-01,2.608189591183665001e-01,2.445182028688232240e+05,2.435252043833140342e+05,2.741271941935794894e+05,2.686524865389947081e+05,3.479891859257823089e+05,3.388632389756018529e+05
8.508480103472355616e-01,2.020764024574684681e-01,2.297422584587742733e-01,2.579303607791709751e-01,2.451908651449963509e+05,2.442678100945106999e+05,2.753087900541389827e+05,2.703230165442769649e+05,3.488957853339051944e+05,3.410700060133310617e+05
8.573929950422143342e-01,2.036308363225259321e-01,2.275110729339422377e-01,2.549872488959321615e-01,2.458784427720491949e+05,2.450991383351583790e+05,2.766825933344510850e+05,2.729616050953462254e+05,3.503053753494026605e+05,3.459803616864671349e+05
8.639379797371931069e-01,2.051852701875833962e-01,2.252576477832732849e-01,2.519907950754385340e-01,2.466640796266398975e+05,2.459517384790554643e+05,2.791714611555078300e+05,2.757157728172909701e+05,3.547125412265114719e+05,3.509693936923290021e+05
8.704829644321717685e-01,2.067397040526408047e-01,2.229863662288851245e-01,2.489430785486490549e-01,2.474651577640418836e+05,2.468288380858490127e+05,2.817148553003103007e+05,2.785799148640115745e+05,3.590997751571558765e+05,3.560004717423626571e+05
8.770279491271505412e-01,2.082941379176982688e-01,2.207029754097149521e-01,2.458473688643190158e-01,2.482979929411105986e+05,2.477263254319474509e+05,2.843637517746373196e+05,2.815937004872322432e+05,3.635815982910479070e+05,3.611855911061523366e+05
8.835729338221293139e-01,2.098485717827557329e-01,2.184145863815194488e-01,2.427087387607951285e-01,2.491483549979142845e+05,2.486520868920263310e+05,2.870904884118119371e+05,2.847589653745351243e+05,3.681044604950679350e+05,3.664983696284843609e+05
8.901179185171079755e-01,2.114030056478131692e-01,2.161296741168756697e-01,2.395324735622805790e-01,2.500228596184373309e+05,2.496045825579963566e+05,2.898558245787524502e+05,2.880337252092648414e+05,3.725523127302816720e+05,3.718113756437634001e+05
8.966629032120867482e-01,2.129574395128706332e-01,2.132722158837303539e-01,2.363238008413119928e-01,2.509864733423413709e+05,2.506010556070531893e+05,2.931052562463086215e+05,2.914438178309336654e+05,3.775827903126382153e+05,3.771596940844025230e+05
9.032078879070655208e-01,2.145118733779280973e-01,2.103446991592967663e-01,2.330878977920018968e-01,2.519961673265229620e+05,2.516574645764616434e+05,2.965285956830789219e+05,2.950310448435255676e+05,3.827397465414379840e+05,3.826211303405024810e+05
9.097528726020441825e-01,2.160663072429855058e-01,2.073934472523308870e-01,2.297373458705402882e-01,2.530626818714062974e+05,2.528037122372055892e+05,3.000953586457032361e+05,2.988726685968528036e+05,3.879467617084452650e+05,3.882671750967118423e+05
9.162978572970229552e-01,2.176207411080429699e-01,2.044240480205754551e-01,2.257345617014125949e-01,2.541831071782220097e+05,2.541495016304618912e+05,3.037828912570227985e+05,3.034734089240820031e+05,3.931485657701893942e+05,3.947416991062898887e+05
9.228428419920017278e-01,2.191751749731004340e-01,2.014420121968436561e-01,2.216922465341157888e-01,2.553698698348817998e+05,2.556372013953730348e+05,3.076158130196327693e+05,3.083886337406733655e+05,3.983877841510330327e+05,4.013920065540725482e+05
9.293878266869803895e-01,2.207296088381578703e-01,1.983266094313220762e-01,2.176181934734771062e-01,2.566489675455807592e+05,2.572868366168602370e+05,3.117333639879737748e+05,3.136514472671224503e+05,4.038505886997469352e+05,4.082537166930743260e+05
9.359328113819591621e-01,2.222840427032153343e-01,1.944883939064823153e-01,2.135201485315310066e-01,2.581756698045889498e+05,2.591129117225731607e+05,3.168084546476115356e+05,3.192612827843950945e+05,4.103359890610429575e+05,4.152913364076096914e+05
9.424777960769379348e-01,2.238384765682727706e-01,1.906320111465626965e-01,2.094058106275245024e-01,2.598437280545617978e+05,2.611191717784611683e+05,3.221799645832367823e+05,3.252142369082550867e+05,4.169556251140935929e+05,4.224809004366683075e+05
9.490227807719165964e-01,2.253929104333302069e-01,1.867651063744997231e-01,2.050321299781012740e-01,2.616727157361041172e+05,2.633965851070909412e+05,3.278765704706454417e+05,3.318589031928197364e+05,4.237411562534155091e+05,4.302225287300650380e+05
9.555677654668953691e-01,2.269473442983876710e-01,1.828952863124966299e-01,2.001535611031082240e-01,2.636777337434179499e+05,2.660761241623465903e+05,3.339116227276665159e+05,3.396257423951103701e+05,4.306958836804426392e+05,4.389384241220548283e+05
9.621127501618741418e-01,2.285017781634451350e-01,1.790301191820171667e-01,1.952765717282511915e-01,2.658747435952301021e+05,2.690351400545678334e+05,3.402870433590559405e+05,3.479071482180799940e+05,4.378003457950517768e+05,4.478672340308738058e+05
9.686577348568528034e-01,2.300562120285025713e-01,1.743561200403123124e-01,1.904107254549023409e-01,2.686746359957925742e+05,2.723213333873723750e+05,3.483142370240486343e+05,3.567352839374309406e+05,4.464091662011150620e+05,4.570131546288990066e+05
9.752027195518315761e-01,2.316106458935600354e-01,1.696826037031327061e-01,1.855653767936571441e-01,2.718350021055655670e+05,2.760100394739368930e+05,3.569364346898796503e+05,3.661693746218503220e+05,4.553107214951345231e+05,4.664111444091881858e+05
9.817477042468103487e-01,2.331650797586174717e-01,1.650334284942944763e-01,1.807496711643317155e-01,2.753877909277353901e+05,2.801870527073245030e+05,3.661448249047843856e+05,3.762617844539340003e+05,4.644628386286420282e+05,4.760789428450525738e+05
9.882926889417890104e-01,2.347195136236749080e-01,1.604171734461203869e-01,1.759725448959672534e-01,2.794052510492418660e+05,2.849407145698385430e+05,3.759769430047729984e+05,3.870556604123396100e+05,4.738692956091320957e+05,4.860228989776885137e+05
9.948376736367677831e-01,2.362739474887323721e-01,1.558422091447084767e-01,1.707936156162270791e-01,2.839286691374561051e+05,2.908514499475978664e+05,3.864370258955099853e+05,3.996688189122955082e+05,4.835056707200389355e+05,4.971791451406282140e+05
1.001382658331746445e+00,2.378283813537898084e-01,1.513167036231699569e-01,1.654811545096190883e-01,2.890171004522200092e+05,2.979289055006197887e+05,3.975382679680642323e+05,4.137275057018492371e+05,4.933565013284431188e+05,5.090973530550955329e+05
1.007927643026725217e+00,2.393828152188472724e-01,1.465018632010304245e-01,1.602358781189403558e-01,2.951598372338613262e+05,3.061271995442477055e+05,4.101744095535233500e+05,4.288308291313178488e+05,5.041274444278159644e+05,5.213625949735731701e+05
1.014472627721703990e+00,2.409372490839047087e-01,1.413470528372666735e-01,1.550656257990796760e-01,3.027445950202232925e+05,3.155744351924750372e+05,4.247478691051617498e+05,4.449782463215563330e+05,5.160256123032551841e+05,5.339195779680025298e+05
1.021017612416682763e+00,2.424916829489621728e-01,1.362763634013415270e-01,1.499764860201189265e-01,3.114626377052591997e+05,3.263929765359786106e+05,4.402853491057161591e+05,4.621471581383438315e+05,5.281726227624954190e+05,5.466942597034707433e+05
1.027562597111661535e+00,2.440461168140196369e-01,1.313006798069036307e-01,1.449774991094914256e-01,3.214589106364179752e+05,3.387470359656107030e+05,4.567930660683665192e+05,4.803290055965494248e+05,5.405359787855626782e+05,5.596328203967235750e+05
1.034107581806640086e+00,2.456005506790770454e-01,1.264310649283206800e-01,1.400835242848010864e-01,3.328491840005572303e+05,3.528260247378135682e+05,4.742304158935928135e+05,4.995133307814855361e+05,5.530450814244955545e+05,5.726957449791269610e+05
1.040652566501618859e+00,2.471549845441345095e-01,1.216787104511540818e-01,1.353095812384639274e-01,3.457701522907514591e+05,3.688276867073825561e+05,4.925670939587886678e+05,5.196892199188901577e+05,5.656526405823164387e+05,5.858612557564277668e+05
1.047197551196597631e+00,2.487094184091919735e-01,1.170495377004847626e-01,1.306707579303312272e-01,3.603797434614797239e+05,3.869154604697803152e+05,5.117932409718566341e+05,5.408105062653500354e+05,5.783388647084691329e+05,5.990933448027853156e+05
1.053742535891576404e+00,2.502638522742494098e-01,1.125612883019071475e-01,1.261822105876966305e-01,3.767678516332620056e+05,4.071958620214813855e+05,5.318172483709073858e+05,5.627821698737723054e+05,5.910350452179596759e+05,6.123313244410263142e+05
1.060287520586555177e+00,2.518182861393069016e-01,1.081994267148713718e-01,1.213600529424239127e-01,3.951016769450299907e+05,4.324987022194476449e+05,5.526545754969993141e+05,5.882016461681508226e+05,6.037413680429400411e+05,6.270597056761775166e+05
1.066832505281533949e+00,2.533727200043643379e-01,1.033254216766259503e-01,1.166173353880921582e-01,4.187444984904840821e+05,4.615091143366931938e+05,5.776064130754914368e+05,6.151578936752231093e+05,6.183345447309250012e+05,6.420681446864468744e+05
1.073377489976512500e+00,2.549271538694217187e-01,9.864272720603217692e-02,1.120690564850166382e-01,4.450926880304298829e+05,4.937659195545952534e+05,6.033158436052310281e+05,6.429440468619385501e+05,6.327193258533547632e+05,6.569595739437266020e+05
1.079922474671491273e+00,2.564815877344792105e-01,9.416959442687122817e-02,1.077312257117508665e-01,4.741124427182388026e+05,5.290938659194068750e+05,6.295696412286626874e+05,6.712436779818267096e+05,6.468035787814127980e+05,6.715630934447698528e+05
1.086467459366470045e+00,2.580360215995366469e-01,8.992528439665292694e-02,1.036189830265472622e-01,5.056720031886674697e+05,5.669402705723311519e+05,6.561391540649379604e+05,6.994646701194990892e+05,6.605246784608183661e+05,6.854697165982601000e+05
1.093012444061448818e+00,2.595904554645941387e-01,8.592787540143209668e-02,9.974659886736159109e-02,5.394579990886774613e+05,6.066512505755472230e+05,6.827192933728179196e+05,7.270349120423889253e+05,6.737820801116985967e+05,6.983248548395477701e+05
1.099557428756427591e+00,2.611448893296515750e-01,8.219433776319906571e-02,9.612747415184497157e-02,5.748586347616681596e+05,6.477836844654192682e+05,7.088280931743277470e+05,7.537274470165785169e+05,6.863331948246990796e+05,7.101490724472225411e+05
1.106102413451406363e+00,2.626993231947090668e-01,7.874275972991995332e-02,9.277414027735275681e-02,6.110366814625289990e+05,6.897892780065095285e+05,7.338971643228537869e+05,7.793503417285738979e+05,6.978872083536625141e+05,7.210216042615027400e+05
1.112647398146384914e+00,2.642537570597664476e-01,7.558882629611396453e-02,8.969825912093831732e-02,6.472599812057093950e+05,7.319015087416216265e+05,7.575956827738657594e+05,8.036292659979622113e+05,7.084083548361968715e+05,7.309545227382135345e+05
1.119192382841363687e+00,2.658081909248238839e-01,7.199390684730566647e-02,8.691062303935481737e-02,6.932584193184406031e+05,7.731817020233495859e+05,7.862169966159724863e+05,8.262380287551938090e+05,7.208592272902907571e+05,7.399142117186957039e+05
1.125737367536342459e+00,2.673626247898813757e-01,6.860431676874689799e-02,8.442115486905610311e-02,7.411734943994932109e+05,8.125737103463035310e+05,8.143346928428261308e+05,8.468272110251738923e+05,7.326701349783167243e+05,7.478405778579907492e+05
1.132282352231321232e+00,2.689170586549388120e-01,6.554992133388459763e-02,8.223890792619581447e-02,7.878723219700843329e+05,8.488999280159340706e+05,8.400698717709196499e+05,8.649843318943602499e+05,7.428567554685536306e+05,7.545971386797401356e+05
1.138827336926300005e+00,2.704714925199963038e-01,6.283084550249640188e-02,7.973494700159999837e-02,8.324575288781690178e+05,8.938196293609002605e+05,8.633103238105929922e+05,8.866588120828585234e+05,7.516067904493811075e+05,7.624580088906516321e+05
1.145372321621278777e+00,2.720259263850537401e-01,6.044591000683485760e-02,7.747697646450379949e-02,8.740645575207177317e+05,9.353181102065985324e+05,8.840180602157082176e+05,9.051054905590720009e+05,7.591547272814153694e+05,7.680587261576202000e+05
1.151917306316257328e+00,2.735803602501111209e-01,5.839340887916755207e-02,7.555010979717557973e-02,9.116375796779772500e+05,9.715742849036237458e+05,9.019640185570744798e+05,9.201833103066273034e+05,7.655128161806710996e+05,7.719977090050642146e+05
1.158462291011236101e+00,2.751347941151686127e-01,5.667110945177622483e-02,7.394922256814151496e-02,9.436442985011186684e+05,1.002335329364050645e+06,9.163968006257256493e+05,9.324088310941054951e+05,7.701335614858091576e+05,7.749569490925057326e+05
1.165007275706214873e+00,2.766892279802260490e-01,5.451487871785776207e-02,7.266301807461506002e-02,9.860431764215957373e+05,1.026838225803966518e+06,9.345543621702900855e+05,9.415860308285608189e+05,7.752066723488330608e+05,7.768198618556219153e+05
1.171552260401193646e+00,2.782436618452835408e-01,5.252110253686748109e-02,7.168086150218044850e-02,1.027457891269376618e+06,1.044638484669683850e+06,9.516877423758832738e+05,9.476900928628806723e+05,7.798917215996271698e+05,7.776007943458467489e+05
1.178097245096172418e+00,2.797980957103409771e-01,5.085598119090750657e-02,7.099278448480017545e-02,1.063077335007864051e+06,1.055544355451919604e+06,9.658171583376936615e+05,9.507948546220392454e+05,7.835352915839928901e+05,7.773761911938792327e+05
1.184642229791151191e+00,2.813525295753984690e-01,4.951057653380708246e-02,7.058948510481144467e-02,1.091845242057163268e+06,1.059535700813212199e+06,9.765915148707593326e+05,9.509932937139276182e+05,7.859095800147743430e+05,7.762093570737036644e+05
1.191187214486129742e+00,2.829069634404558498e-01,4.847660454799562757e-02,7.046232789293149779e-02,1.112647609104386996e+06,1.056721276771877194e+06,9.834565650567717385e+05,9.483636033002901822e+05,7.865438065283425385e+05,7.741211863357794937e+05
1.197732199181108514e+00,2.844613973055132861e-01,4.774643534449829474e-02,7.060334382825228516e-02,1.124308928794648498e+06,1.047285663258945104e+06,9.856333352325175656e+05,9.429295122768922010e+05,7.847038271481301636e+05,7.710545853458202910e+05
1.204277183876087287e+00,2.860158311705707779e-01,4.731309316294129985e-02,7.065798178940152496e-02,1.128310159159627277e+06,1.040309030353070819e+06,9.848265012653254671e+05,9.385196721385776764e+05,7.821021266726822359e+05,7.682857962065705797e+05
1.210822168571066060e+00,2.875702650356282142e-01,4.626248752814277054e-02,7.053315958355810267e-02,1.151114149530132068e+06,1.037507801188961370e+06,9.921842047214865452e+05,9.355573790914199781e+05,7.827643650562828407e+05,7.655976526840118458e+05
1.217367153266044832e+00,2.891246989006857060e-01,4.546120512627016552e-02,7.065621053726989231e-02,1.167470845552949235e+06,1.028654267418695614e+06,9.968853949551630067e+05,9.299823631095547462e+05,7.826067799621111481e+05,7.619579321347823134e+05
1.223912137961023605e+00,2.906791327657431423e-01,4.494498244180977764e-02,7.102075300421173409e-02,1.175756652601891663e+06,1.014479780612363713e+06,9.983059612382027553e+05,9.223196416429025121e+05,7.813630922386473976e+05,7.578183391410558252e+05
1.230457122656002156e+00,2.922335666308005231e-01,4.470849349901406811e-02,7.162129298386599174e-02,1.175732163540506735e+06,9.952145414325426100e+05,9.963466744429502869e+05,9.125134587885587243e+05,7.789354266154548386e+05,7.530362976560542593e+05
1.237002107350980928e+00,2.937880004958580149e-01,4.474673389055983108e-02,7.245322412152255254e-02,1.167726549292312935e+06,9.712981747461569030e+05,9.913036018991981400e+05,9.006514916641652817e+05,7.755868228727240348e+05,7.476009610381256789e+05
1.243547092045959701e+00,2.953424343609154512e-01,4.505502077754730550e-02,7.351282770827705093e-02,1.152098666233413387e+06,9.432699017307516187e+05,9.833359230190513190e+05,8.868687339952554321e+05,7.714105848647422390e+05,7.415384022041891003e+05
1.250092076740938474e+00,2.968968682259729430e-01,4.562899288950195142e-02,7.479727268103086857e-02,1.129330500567597570e+06,9.117070412149732001e+05,9.725730370176985161e+05,8.712995558342598379e+05,7.664393979698735056e+05,7.348645679503832944e+05
