phi_rad,standoff_m,Rout_m,Zout_m,Btotal_R_T,Btotal_phi_T,Btotal_Z_T,Bcoil_R_T,Bcoil_phi_T,Bcoil_Z_T,Bplasma_R_T,Bplasma_phi_T,Bplasma_Z_T,sin_incidence
0.000000000000000000e+00,5.329634976399244550e-02,6.181268662834511929e+00,0.000000000000000000e+00,-2.098857976307044623e-15,-2.549368210683134350e+00,-5.192226101393501159e-01,4.440892098500626162e-16,-2.551357959966868094e+00,-4.819941222183735663e-01,-2.542947186157107239e-15,1.989749283733701756e-03,-3.722848792097659815e-02,8.067239544834222259e-16
6.544984694978735369e-03,5.340031123985866657e-02,6.181164701358645708e+00,8.085105427913319778e-03,5.944876810237044971e-03,-2.549045556170681959e+00,-5.190571289864799320e-01,5.664362812639904196e-03,-2.551042314484265106e+00,-4.817885902222475147e-01,2.805139975971406669e-04,1.996758313583163729e-03,-3.726853876423236872e-02,2.285293155429181551e-03
1.308996938995747074e-02,5.371268821550501116e-02,6.180852324382999363e+00,1.616036714709897376e-02,1.200083360273116947e-02,-2.548085492387094586e+00,-5.185624695101588300e-01,1.144885645698007909e-02,-2.550103195931947564e+00,-4.811754811951977073e-01,5.519771457510899530e-04,2.017703544852833888e-03,-3.738698831496108099e-02,4.615094000601914492e-03
1.963495408493620697e-02,5.409603122608874770e-02,6.180468981372415627e+00,-6.019523649860696046e-02,1.827565898111783993e-02,-2.546510158762812281e+00,-5.177435757741615241e-01,1.746997022522011125e-02,-2.548562498332674675e+00,-4.801648411786531012e-01,8.056887558977272662e-04,2.052339569862199342e-03,-3.757873459550839512e-02,7.032686361241979704e-03
2.617993877991494148e-02,5.394535451089499389e-02,6.180619658087609380e+00,-5.207229082414899235e-02,2.487343960835007584e-02,-2.544354871372227489e+00,-5.166079787718417249e-01,2.383980706603130648e-02,-2.546455123527630260e+00,-4.787726302423616076e-01,1.033632542318769576e-03,2.100252155402662461e-03,-3.783534852948013116e-02,9.580006762494841857e-03
3.272492347489367598e-02,5.401552855503766182e-02,6.180549484043466713e+00,-4.395875139872876258e-02,3.189292073040211895e-02,-2.541669848132630083e+00,-5.151656894821783350e-01,3.066413482435059040e-02,-2.543830682119498032e+00,-4.770203521105963462e-01,1.228785906051530494e-03,2.160833986867776325e-03,-3.814533737158194715e-02,1.229701689706503252e-02
3.926990816987241395e-02,5.431505380755030643e-02,6.180249958790954068e+00,-3.586429461402868002e-02,3.942310918221030719e-02,-2.538520112705933585e+00,-5.134290457768667659e-01,3.803770558756262854e-02,-2.540753342380340118e+00,-4.749343111628258063e-01,1.385403594647676047e-03,2.233229674406608887e-03,-3.849473461404093882e-02,1.521997546675038157e-02
4.581489286485114498e-02,5.485218699005400822e-02,6.179712825608450366e+00,-2.779794928507669377e-02,4.754088129534797535e-02,-2.534982701994069387e+00,-5.114122449139150151e-01,4.604160367714162788e-02,-2.537298952608029623e+00,-4.725441626196615341e-01,1.499277618206344004e-03,2.316250613960331526e-03,-3.886808229425349481e-02,1.838044914124503659e-02
5.235987755982988295e-02,5.563494109676092592e-02,6.178930071501743448e+00,-1.976809665024628626e-02,5.631057931263075411e-02,-2.531146026702062457e+00,-5.091312638053622219e-01,5.474261185823857401e-02,-2.533554305564462705e+00,-4.698815144317506354e-01,1.567967454392177286e-03,2.408278862400266025e-03,-3.924974937361158656e-02,2.180503785964111110e-02
5.890486225480862092e-02,5.667108539447252014e-02,6.177893927204031854e+00,-1.178247037125669527e-02,6.578084013505008931e-02,-2.527110410956548758e+00,-5.066042754683962590e-01,6.418986245025719295e-02,-2.529617606747966985e+00,-4.669788741098316320e-01,1.590977684792892243e-03,2.507195791418262345e-03,-3.962540135856465473e-02,2.551396857097658344e-02
6.544984694978735196e-02,5.738660620219881991e-02,6.177178406396305554e+00,-8.583241948039124769e-02,7.598049262502196144e-02,-2.522984931890926763e+00,-5.038516298662296666e-01,7.441065111589464931e-02,-2.525595309068178196e+00,-4.638682784278597149e-01,1.569841509127307359e-03,2.610377177251379903e-03,-3.998335143836992400e-02,2.951930531732714288e-02
7.199483164476608299e-02,5.809804778794713798e-02,6.176466964810557236e+00,-7.772639484995991221e-02,8.691804221816487597e-02,-2.518883011170911068e+00,-5.008950483552364608e-01,8.540998385267214998e-02,-2.521597797049784706e+00,-4.605795328401003363e-01,1.508058365492732705e-03,2.714785878873664758e-03,-4.031551551513611747e-02,3.382454622855730203e-02
7.853981633974482790e-02,5.908534279617683183e-02,6.175479669802327543e+00,-6.966972236137206065e-02,9.858164072057286342e-02,-2.514920890803794773e+00,-4.977565282742217878e-01,9.717079948200434136e-02,-2.517738057518392303e+00,-4.571387600618709857e-01,1.410841238568520976e-03,2.817166714597588856e-03,-4.061776821235080215e-02,3.842438944117047839e-02
8.508480103472355893e-02,6.035675566822806815e-02,6.174208256930276306e+00,-6.166975677438349401e-02,1.109362791341390597e-01,-2.511215316629259675e+00,-4.944569271769991281e-01,1.096516210186807005e-01,-2.514129629741062466e+00,-4.535672955808937590e-01,1.284658115458362209e-03,2.914313111802939709e-03,-4.088963159610538300e-02,4.330344983829752942e-02
9.162978572970228996e-02,6.192071689247757860e-02,6.172644295706026796e+00,-5.373328959621730128e-02,1.239226926092713427e-01,-2.507877891044920204e+00,-4.910138098803732420e-01,1.227860939124359868e-01,-2.510881235772491227e+00,-4.498804286399976649e-01,1.136598696835352173e-03,3.003344727571206647e-03,-4.113338124037556331e-02,4.843575362898037973e-02
9.817477042468103487e-02,6.378582300433688346e-02,6.170779189594167491e+00,-4.586654908156347077e-02,1.374598627766620562e-01,-2.505011088824515841e+00,-4.874389394245424167e-01,1.364862127417816040e-01,-2.508093012455006487e+00,-4.460861596819236663e-01,9.736500348804608823e-04,3.081923630490575848e-03,-4.135277974261875739e-02,5.378572542627860220e-02
1.047197551196597659e-01,6.596083658625495616e-02,6.168604176012249418e+00,-3.807520023257950081e-02,1.514461551419826746e-01,-2.502707021538636667e+00,-4.837360932327213203e-01,1.506441494712199292e-01,-2.505855373979347434e+00,-4.421843814540900031e-01,8.020056707627421736e-04,3.148352440710831639e-03,-4.155171177863129645e-02,5.930871334244236515e-02
1.112647398146384969e-01,6.845424721897952480e-02,6.166110765379524850e+00,-3.036446683651082556e-02,1.657594701766390288e-01,-2.501043981055080856e+00,-4.798992414742546675e-01,1.651329260423556045e-01,-2.504245519728721892e+00,-4.381662558257606310e-01,6.265441342834264299e-04,3.201538673640938470e-03,-4.173298564849402259e-02,6.495129206705684000e-02
1.178097245096172418e-01,7.102976788935499997e-02,6.163535244709149374e+00,-1.004846389927674666e-01,1.802614803984531333e-01,-2.500082284649503883e+00,-4.759111577251407543e-01,1.798108969226229481e-01,-2.503323145367609470e+00,-4.340136606310259215e-01,4.505834758301764274e-04,3.240860718105669034e-03,-4.189749709411483974e-02,7.065331633381911891e-02
1.243547092045959729e-01,7.338351891729377741e-02,6.161181493681210597e+00,-9.267893022357509558e-02,1.948030761990520721e-01,-2.499864100343262230e+00,-4.717429206344072590e-01,1.945271243522773974e-01,-2.503130110514429685e+00,-4.296990681452368399e-01,2.759518467746696169e-04,3.266010171167358679e-03,-4.204385248917042600e-02,7.635045849357875725e-02
1.308996938995747039e-01,7.605264151315527243e-02,6.158512371085349102e+00,-8.496918623556352912e-02,2.092267068205504177e-01,-2.500413128322260814e+00,-4.673541887843432052e-01,2.091233777058901511e-01,-2.503690021171145474e+00,-4.251857344717386300e-01,1.033291146602652365e-04,3.276892848884608439e-03,-4.216845431260456828e-02,8.197558471498218868e-02
1.374446785945534488e-01,7.902576680824147104e-02,6.155539245790262903e+00,-7.736201001028526758e-02,2.233709228769472643e-01,-2.501731023329914816e+00,-4.626938885540630153e-01,2.234381820789475281e-01,-2.505004663354359895e+00,-4.204279033151065992e-01,-6.725920200025499777e-05,3.273640024445183695e-03,-4.226598523895638837e-02,8.746111101204936955e-02
1.439896632895321660e-01,8.229103297954853957e-02,6.152273979618955835e+00,-6.986437552792314210e-02,2.370787769026217739e-01,-2.503797482471032954e+00,-4.577017701784252823e-01,2.373147255500945019e-01,-2.507054206457876244e+00,-4.153715773581720949e-01,-2.359486474727357300e-04,3.256723986843120672e-03,-4.233019282025315966e-02,9.274273112868523794e-02
1.505346479845109109e-01,8.583608524976416021e-02,6.148728927348740214e+00,-6.248362776729025209e-02,2.502014915641204706e-01,-2.506574055369292786e+00,-4.523108329687772211e-01,2.506041692645459285e-01,-2.509801168938150528e+00,-4.099559693929051840e-01,-4.026777004254447428e-04,3.227113568857933618e-03,-4.235486357587202322e-02,9.776107084314490658e-02
1.570796326794896558e-01,8.964807588727108367e-02,6.144916936711233291e+00,-5.522748270583014568e-02,2.625993125710600062e-01,-2.510002297737750077e+00,-4.464494362880297440e-01,2.631663491340969774e-01,-2.513188671026080456e+00,-4.041145685903023699e-01,-5.670365630369568304e-04,3.186373288330278213e-03,-4.233486769772739494e-02,1.024623275948345347e-01
1.636246173744683730e-01,9.371366420614535286e-02,6.140851348392359021e+00,-4.810402731961654910e-02,2.741502002186878562e-01,-2.514001716690754229e+00,-4.400433645350922962e-01,2.748785139982871106e-01,-2.517138336449667779e+00,-3.977762195176927085e-01,-7.283137795992374519e-04,3.136619758913396314e-03,-4.226714501739958080e-02,1.068018502407657999e-01
1.701696020694471179e-01,9.801901656615719105e-02,6.136545996032347183e+00,-4.112171958335351929e-02,2.847576553894232143e-01,-2.518478886054321908e+00,-4.330193782235456368e-01,2.856433195830482830e-01,-2.521559183658022896e+00,-3.908678849440169745e-01,-8.856641936250877339e-04,3.080297603701083985e-03,-4.215149327952868313e-02,1.107467618592214570e-01
1.767145867644258628e-01,1.025498063727701137e-01,6.132015206225734261e+00,-3.428938847037543702e-02,2.943455681077362107e-01,-2.523334149791272019e+00,-4.253086709961589884e-01,2.953838589850588670e-01,-2.526353954161654869e+00,-3.833176471744082492e-01,-1.038290877322632817e-03,3.019804370382760984e-03,-4.199102382175075310e-02,1.142734873110355237e-01
1.832595714594045799e-01,1.072912140771400402e-01,6.127273798521364334e+00,-2.761623395264711789e-02,3.028584142060141149e-01,-2.528454592567641601e+00,-4.168477090418076791e-01,3.040439599766888712e-01,-2.531411646085256262e+00,-3.750555291505119904e-01,-1.185545770674733103e-03,2.957053517614559139e-03,-4.179217989129567490e-02,1.173678716051773652e-01
1.898045561543833248e-01,1.119421503757829228e-01,6.122622862222721452e+00,-9.327923058414801238e-02,3.102773183656604705e-01,-2.533718604853867795e+00,-4.075794308541755284e-01,3.116042172360647400e-01,-2.536611699707504108e+00,-3.660151581574164759e-01,-1.326898870404260786e-03,2.893094853636262072e-03,-4.156427269675905256e-02,1.200308267158518849e-01
1.963495408493620697e-01,1.164639100915580983e-01,6.118101102506946276e+00,-8.666866828537904410e-02,3.166195307615257692e-01,-2.539019097835475858e+00,-3.974576266569261329e-01,3.180813148289070025e-01,-2.541847001404558437e+00,-3.561390552390988895e-01,-1.461784067381239520e-03,2.827903569082498673e-03,-4.131857141782722259e-02,1.222766526012948884e-01
2.028945255443407869e-01,1.211585707601647854e-01,6.113406441838339589e+00,-8.024122635726116393e-02,3.219167235150254269e-01,-2.544263400789565033e+00,-3.864488290774693025e-01,3.235061035793749262e-01,-2.547023807448972832e+00,-3.453817613688862087e-01,-1.589380064349524453e-03,2.760406659407697253e-03,-4.106706770858311456e-02,1.241243702193498138e-01
2.094395102393195318e-01,1.260056094924033587e-01,6.108559403106101016e+00,-7.400638769246804805e-02,3.262220164998732574e-01,-2.549352929056767358e+00,-3.745290077211725910e-01,3.279304283572475609e-01,-2.552041682754136787e+00,-3.337079062302583110e-01,-1.708411857374293264e-03,2.688753697369226491e-03,-4.082110149091428691e-02,1.256011278732281633e-01
2.159844949342982767e-01,1.309850263094078926e-01,6.103579986289096482e+00,-6.797311052619409155e-02,3.296349921688455087e-01,-2.554204014504810161e+00,-3.616846427187140334e-01,3.314520480830146498e-01,-2.556814790847991237e+00,-3.210945769716343490e-01,-1.817055914169121407e-03,2.610776343181090732e-03,-4.059006574707971216e-02,1.267505074096579309e-01
2.225294796292769939e-01,1.360862668876112735e-01,6.098478745710893101e+00,-6.214868571174148038e-02,3.322737375725836051e-01,-2.558784592334741870e+00,-3.479197866463359379e-01,3.341867411925317222e-01,-2.561309126911266443e+00,-3.075393912031880173e-01,-1.913003619948117290e-03,2.524534576524462004e-03,-4.038039544314790674e-02,1.276199475556062668e-01
2.290744643242557388e-01,1.413011856684960321e-01,6.093263826930008342e+00,-5.654145254687496791e-02,3.342331987118062897e-01,-2.563083348369498360e+00,-3.332544722915017910e-01,3.362268916235567895e-01,-2.565512176587851911e+00,-2.930594796645403233e-01,-1.993692911750472464e-03,2.428828218353727090e-03,-4.019499262696146769e-02,1.282464698906726486e-01
2.356194490192344837e-01,1.466213046316040547e-01,6.087943707966900320e+00,-5.115862141352653381e-02,3.356213504061156816e-01,-2.567074384313281055e+00,-3.177160877902819314e-01,3.376780211399810216e-01,-2.569397947082946221e+00,-2.776829289133597167e-01,-2.056670733865319234e-03,2.323562769665211709e-03,-4.003315887692221464e-02,1.286722179819178025e-01
2.421644337142132009e-01,1.520379165446810177e-01,6.082527096053823357e+00,-4.600612133411377536e-02,3.365865561550474006e-01,-2.570777961640155151e+00,-3.013449965732686309e-01,3.386865681536322392e-01,-2.572987855919587119e+00,-2.614539803319276823e-01,-2.100011998584833898e-03,2.209894279432082081e-03,-3.989101624134094165e-02,1.289518610290251166e-01
2.487094184091919458e-01,1.575420849636710585e-01,6.077022927634833316e+00,-4.108859997153965771e-02,3.372336072389359729e-01,-2.574292913400870741e+00,-2.842065118746128771e-01,3.393563106914905259e-01,-2.576383042114431365e+00,-2.444441938519606450e-01,-2.122703452554552082e-03,2.090128713560805186e-03,-3.976231802265225296e-02,1.291193765318743858e-01
2.552544031041706907e-01,1.631246442327194401e-01,6.071440368365784934e+00,-3.640942362919293018e-02,3.375900140871526123e-01,-2.577696905502214086e+00,-2.663794883743086372e-01,3.397149209563672390e-01,-2.579664309919669662e+00,-2.267399917525218800e-01,-2.124906869214611069e-03,1.967404417455694866e-03,-3.963949662178675726e-02,1.291804644690006665e-01
2.617993877991494078e-01,1.685785630464948781e-01,6.065986449552009496e+00,-9.813688662935624030e-02,3.377161780806955949e-01,-2.581029245861224730e+00,-2.479394758329555026e-01,3.398242208194535707e-01,-2.582874475451705010e+00,-2.084247006701984983e-01,-2.108042738757969804e-03,1.845229590480470389e-03,-3.951477516275699736e-02,1.291550855853640101e-01
2.683443724941281250e-01,1.736749455568400435e-01,6.060890067041664331e+00,-9.357098421871926086e-02,3.376935134947940953e-01,-2.584431443178515586e+00,-2.289756843066400038e-01,3.397681888666675420e-01,-2.586158414520538962e+00,-1.895945020794509717e-01,-2.074675371873423765e-03,1.726971342023181149e-03,-3.938118222718902522e-02,1.290660791042708422e-01
2.748893571891068976e-01,1.788180249415471934e-01,6.055746987656957181e+00,-8.923228020921530890e-02,3.374510741362131139e-01,-2.588107491532638971e+00,-2.096072389819129689e-01,3.394792966754161534e-01,-2.589722886581169448e+00,-1.703738920626727549e-01,-2.028222539203064240e-03,1.615395048530428312e-03,-3.923334691924022788e-02,1.288759750705991969e-01
2.814343418840856148e-01,1.839980414809065934e-01,6.050566971117597781e+00,-8.511855572448920326e-02,3.368356424190971365e-01,-2.592117242488318318e+00,-1.899486226907533826e-01,3.388081895447929148e-01,-2.593629576573813100e+00,-1.508806200716011625e-01,-1.972547125695758331e-03,1.512334085494684843e-03,-3.906800261915221312e-02,1.285238109755151570e-01
2.879793265790643320e-01,1.892053061622753773e-01,6.045359706436228997e+00,-8.122633099316699246e-02,3.358348576158848853e-01,-2.596496466480301191e+00,-1.700859150332423297e-01,3.377463650778995130e-01,-2.597915003357094577e+00,-1.312017352980096030e-01,-1.911507462014640528e-03,1.418536876793309370e-03,-3.888417973523271287e-02,1.280032083324239567e-01
2.945243112740431046e-01,1.944302006800757709e-01,6.040134811918428603e+00,-7.755086534885587135e-02,3.343832662038008774e-01,-2.601502416150168973e+00,-1.501269448148492835e-01,3.362318105028415105e-01,-2.602836115619090673e+00,-1.114438338622658065e-01,-1.848544299040634628e-03,1.333699468921759968e-03,-3.868311095258347015e-02,1.272775668033383767e-01
3.010692959690218218e-01,1.996631774357933153e-01,6.034901835162711059e+00,-7.408615723014441712e-02,3.320967001586539458e-01,-2.607319800378364860e+00,-1.302206890317684218e-01,3.338830679833174053e-01,-2.608576456832318868e+00,-9.175278710022875817e-02,-1.786367824663434621e-03,1.256656453953857670e-03,-3.846790193153965670e-02,1.261953389975049855e-01
3.076142806640005389e-01,2.048947595379813080e-01,6.029670253060523066e+00,-7.082494418060239494e-02,3.286733947432484149e-01,-2.613775169714800395e+00,-1.104702456304560987e-01,3.304001778507378861e-01,-2.614960847609476335e+00,-7.222720991535762358e-02,-1.726783107489479737e-03,1.185677894676099480e-03,-3.824303571509848204e-02,1.246545372922554934e-01
3.141592653589793116e-01,2.096826635944673001e-01,6.024882349004037074e+00,-1.276799583803316651e-01,3.241726883006992854e-01,-2.620873881635928271e+00,-9.091749440665848614e-02,3.258433520138701578e-01,-2.621992690080910737e+00,-5.290371142100677715e-02,-1.670663713170875185e-03,1.118808444982562081e-03,-3.801378298565170899e-02,1.226806640905217377e-01
3.207042500539580288e-01,2.142356782110166336e-01,6.020329334387487741e+00,-1.242896139558642976e-01,3.183179602609132464e-01,-2.629034539760729761e+00,-7.168760370762775058e-02,3.199360174971009885e-01,-2.630088726848082370e+00,-3.390201702630300795e-02,-1.618057236187749265e-03,1.054187087352497247e-03,-3.778558668132474263e-02,1.201560239761061133e-01
3.272492347489367459e-01,2.187676901348298841e-01,6.015797322463674490e+00,-1.210564786985685037e-01,3.103233940974624017e-01,-2.638168405984945064e+00,-5.299242178927612845e-02,3.118917816129487819e-01,-2.639158705001402261e+00,-1.542893999713060814e-02,-1.568387515486407112e-03,9.902990164570655684e-04,-3.756348179214551858e-02,1.167996802521223121e-01
3.337942194439155186e-01,2.232672976688254707e-01,6.011297714929678904e+00,-1.179672732360393661e-01,3.000448434950001575e-01,-2.647615381376838606e+00,-3.489831322091058868e-02,3.015655518982589545e-01,-2.648541512153606003e+00,2.453288295267884445e-03,-1.520708403258815618e-03,9.261307767671783002e-04,-3.735160151617847313e-02,1.125960061237011034e-01
3.403392041388942357e-01,2.277237434714010078e-01,6.006841269127103367e+00,-1.150091309002402029e-01,2.879136503352912602e-01,-2.657562382114620814e+00,-1.736346919597972147e-02,2.893876133913705351e-01,-2.658423603154140391e+00,1.978934088611871908e-02,-1.473963056079248025e-03,8.612210395196627294e-04,-3.715281008209844055e-02,1.077049856299996944e-01
3.468841888338729529e-01,2.321269498224465266e-01,6.002438062776057848e+00,-1.121697299378588697e-01,2.732673692934109999e-01,-2.668688447529092400e+00,-6.249314220507437567e-04,2.746945785114888738e-01,-2.669484065747081747e+00,3.634355885161193872e-02,-1.427209218077852681e-03,7.956182179892503465e-04,-3.696849027366268248e-02,1.018649775985917966e-01
3.534291735288517255e-01,2.361358426157913470e-01,5.998429169982713027e+00,-1.619364851382351089e-01,2.549963802685785708e-01,-2.680160478384034484e+00,1.490497816995906000e-02,2.563761627069797155e-01,-2.680890247929913262e+00,5.170347786291676351e-02,-1.379782438401136978e-03,7.297695458786103385e-04,-3.679849969295770351e-02,9.471304059956475729e-02
3.599741582238304427e-01,2.398677821372139363e-01,5.994697230461290438e+00,-1.586331881485185114e-01,2.338195962443440079e-01,-2.690774996431135602e+00,2.924648636221163084e-02,2.351509791913068692e-01,-2.691439369298569417e+00,6.588778054319800737e-02,-1.331382946962854147e-03,6.643728674338884865e-04,-3.664129418098637653e-02,8.656543868049397517e-02
3.665191429188091599e-01,2.435483869359584830e-01,5.991016625662545891e+00,-1.553931613294911862e-01,2.106975033064678593e-01,-2.701531920801786502e+00,4.259794283973975665e-02,2.119795888534971029e-01,-2.702132143087277782e+00,7.909214327905508823e-02,-1.282085547029243600e-03,6.002222854913609939e-04,-3.649420043931533159e-02,7.774613033722099775e-02
3.730641276137879325e-01,2.471717773613306690e-01,5.987393235237173705e+00,-1.522069988280651542e-01,1.841417862625758517e-01,-2.713228748174853155e+00,5.440464096646677183e-02,1.853740696689124279e-01,-2.713766821459620893e+00,9.075844533534641045e-02,-1.232283406336562737e-03,5.380732847679080624e-04,-3.635380436887963862e-02,6.769882787538762658e-02
3.796091123087666497e-01,2.507326524645510091e-01,5.983832360133953365e+00,-1.490661441683044097e-01,1.532815731785516777e-01,-2.723582954859817384e+00,6.388805064056821137e-02,1.544641579129442110e-01,-2.724061498939559733e+00,1.001044596475090670e-01,-1.182584734392532876e-03,4.785440797425612050e-04,-3.621640900694084869e-02,5.617506300296880306e-02
3.861540970037453668e-01,2.542262899987539626e-01,5.980338722599750412e+00,-1.459628902514246152e-01,1.205989615937128057e-01,-2.731438508305325197e+00,7.137944150132870258e-02,1.217326470267869332e-01,-2.731860568373501774e+00,1.074579497161350927e-01,-1.133685433074122732e-03,4.220600681763554381e-04,-3.607850821480639014e-02,4.409418190739310822e-02
3.926990816987241395e-01,2.576485464189879337e-01,5.976916466179516441e+00,-1.428903793557932678e-01,8.694626622433887508e-02,-2.739413632271694876e+00,7.729328099424342957e-02,8.803250721205956031e-02,-2.739782471744241388e+00,1.132305019107838900e-01,-1.086240987720688911e-03,3.688394725464140371e-04,-3.593722091654046741e-02,3.171042473657881278e-02
3.992440663937028567e-01,2.609958568822134950e-01,5.973569155716290879e+00,-1.398426031369297273e-01,4.956511053413147766e-02,-2.747472523776930853e+00,8.037645532234519163e-02,5.060586829261200237e-02,-2.747791435707642727e+00,1.161670915461473774e-01,-1.040757758480526009e-03,3.189119307119693092e-04,-3.579063622380217885e-02,1.802961110202945527e-02
4.057890510886815738e-01,2.642652352473078281e-01,5.970299777351196546e+00,-1.368144026275051328e-01,9.225239336803010490e-03,-2.751413262081044309e+00,7.952275147225805474e-02,1.022275775236881554e-02,-2.751685420601114540e+00,1.151607830301800001e-01,-9.975184155658056977e-04,2.721585200701814649e-04,-3.563803155792194532e-02,3.351490999572501964e-03
4.123340357836603465e-01,2.674542740750585068e-01,5.967110738523445868e+00,-1.338014682373424025e-01,-2.955797396866412588e-02,-2.751662756516642272e+00,7.584556327161512401e-02,-2.860142432937658186e-02,-2.751891117771650297e+00,1.113255054489322438e-01,-9.565496392875435898e-04,2.283612550081883983e-04,-3.547994217731711281e-02,1.073716201406495381e-02
4.188790204786390636e-01,2.705611446281706023e-01,5.964003867970333772e+00,-1.308003397534162615e-01,-6.761640616335443110e-02,-2.752544169319106615e+00,6.979256079935609869e-02,-6.669877275817930051e-02,-2.752731421061183958e+00,1.051106396859413927e-01,-9.176334051751271204e-04,1.872517420771358377e-04,-3.531807888658529404e-02,2.454976358442316833e-02
4.254240051736177808e-01,2.735845968712595777e-01,5.960980415727244797e+00,-1.278084063398533810e-01,-1.083995638740944817e-01,-2.751591890941903706e+00,5.915705688676481389e-02,-1.075192068536433287e-01,-2.751740442419875254e+00,9.431216537389505716e-02,-8.803570204511557574e-04,1.485514779715361511e-04,-3.515510848713024328e-02,3.935560346173765101e-02
4.319689898685965534e-01,2.765236687844661034e-01,5.958041343814038271e+00,-1.248237518060617973e-01,-1.478111616793810479e-01,-2.743676900842397792e+00,4.322466249372981795e-02,-1.469669695355177719e-01,-2.743788900248004037e+00,7.821898890302779461e-02,-8.441921438632845774e-04,1.119994056062124585e-04,-3.499432640929797667e-02,5.378871978718815366e-02
4.385139745635752706e-01,2.793793828632962217e-01,5.955185629735208153e+00,-1.218434083529301715e-01,-1.807976255500883256e-01,-2.732672794448629094e+00,2.423771911693252401e-02,-1.799890358989420236e-01,-2.732750159709952165e+00,5.907698050036129522e-02,-8.085896511462924499e-04,7.736526132310076115e-05,-3.483926138342877121e-02,6.601454416767447986e-02
4.450589592585539878e-01,2.821601565674827228e-01,5.952404856031021652e+00,-1.188643971650061582e-01,-2.112561247389211083e-01,-2.723243853504912604e+00,2.271675444949022848e-03,-2.104830491566100636e-01,-2.723288303218401207e+00,3.696493277995095694e-02,-7.730755823110440229e-04,4.444971348861335227e-05,-3.469325733500193409e-02,7.734277866597312479e-02
4.516039439535327604e-01,2.848745080478254366e-01,5.949690504550678938e+00,-1.158841532971730537e-01,-2.415041118616570170e-01,-2.710043377057737235e+00,-2.496954812421187456e-02,-2.407667782668962420e-01,-2.710056451324175608e+00,9.589530022779662460e-03,-7.373335947607677181e-04,1.307426643832581284e-05,-3.455907814699153702e-02,8.875899152794239355e-02
4.581489286485114776e-01,2.875300546292001158e-01,5.947034957969304259e+00,-1.129003950608992307e-01,-2.644889696710354676e-01,-2.689960699361974239e+00,-5.673729382429092138e-02,-2.637877083396212297e-01,-2.689943764745735599e+00,-2.229871654642352763e-02,-7.012613314142445787e-04,-1.693461623885479629e-05,-3.443857727786739376e-02,9.783105544413321641e-02
4.646939133434901947e-01,2.901335128105619887e-01,5.944431499787942386e+00,-1.099111240242379578e-01,-2.778398413661953281e-01,-2.670414789836217828e+00,-9.055405333539510992e-02,-2.771748495995014494e-01,-2.670369028024951685e+00,-5.622158596965549232e-02,-6.649917666938750301e-04,-4.576181126592301522e-05,-3.433246736573961760e-02,1.034262809799626204e-01
4.712388980384689674e-01,2.926906982649448707e-01,5.941874314333559504e+00,-1.069146250118274688e-01,-2.882324654747169812e-01,-2.654016305350353377e+00,-1.267986949834834509e-01,-2.876035898610504460e-01,-2.653942690588529274e+00,-9.255847936196391623e-02,-6.288756136665455158e-04,-7.361476182420557057e-05,-3.424021562151953468e-02,1.078459488531592347e-01
4.777838827334476846e-01,2.952065258394602765e-01,5.939358486759044098e+00,-1.039094661048910184e-01,-2.956944807984657198e-01,-2.634400731561064468e+00,-1.661389713719126915e-01,-2.951010540672584503e-01,-2.634300006583297105e+00,-1.319788919325753374e-01,-5.934267312072879488e-04,-1.007249777673642732e-04,-3.416007943933736801e-02,1.113246888419308078e-01
4.843288674284264017e-01,2.976850095552974196e-01,5.936880003043206955e+00,-1.008944986412367573e-01,-2.935850873084125401e-01,-2.612686590443701551e+00,-2.069850749324537165e-01,-2.930258489218618423e-01,-2.612559253368247791e+00,-1.728957914831887044e-01,-5.592383865506974716e-04,-1.273370754538558818e-04,-3.408928344926501208e-02,1.113218036496568253e-01
4.908738521234051744e-01,3.001292626077267656e-01,5.934435749990777609e+00,-9.786885721525781512e-02,-2.844164535633404434e-01,-2.596578563060862432e+00,-2.484594820314806884e-01,-2.838895703040013041e-01,-2.596424877624580851e+00,-2.144351574971210539e-01,-5.268832593391625753e-04,-1.536854362814450833e-04,-3.402432453435962761e-02,1.083945959983022844e-01
4.974188368183838915e-01,3.025414973660929263e-01,5.932023515232411448e+00,-9.483195967793237036e-02,-2.753867552383294504e-01,-2.584530239902484094e+00,-2.903927311230669051e-01,-2.748899419794995080e-01,-2.584350278141037904e+00,-2.564313551716459472e-01,-4.968132588299696388e-04,-1.799617614462764679e-04,-3.396137595142096482e-02,1.052970472741282110e-01
5.039638215133626087e-01,3.049230253738217655e-01,5.929641987224682609e+00,-9.178350713682341400e-02,-2.641932862933083492e-01,-2.571311416916043591e+00,-3.313184693012024007e-01,-2.637240104776389926e-01,-2.571105137298089538e+00,-2.974217220844619369e-01,-4.692758156693612728e-04,-2.062796179538848619e-04,-3.389674721674048458e-02,1.013790272004283372e-01
5.105088062083413813e-01,3.072742573484168460e-01,5.927290755250087528e+00,-8.872348395607904115e-02,-2.470876808858942508e-01,-2.561196654715329313e+00,-3.708452355144219448e-01,-2.466434199021692031e-01,-2.560964011018366460e+00,-3.370178903455624542e-01,-4.442609837250526212e-04,-2.326436969626947395e-04,-3.382734516885950449e-02,9.504562725793777589e-02
5.170537909033200430e-01,3.095947305034085772e-01,5.924970282095095797e+00,-8.565214030288210989e-02,-2.299346127781116134e-01,-2.558158904254137500e+00,-4.096787496115614213e-01,-2.295131240765871106e-01,-2.557899972896166663e+00,-3.759276733433149498e-01,-4.214887015245112525e-04,-2.589313579707663154e-04,-3.375107626824647850e-02,8.840446256070415287e-02
5.235987755982988157e-01,3.118818610886320286e-01,5.922683151509872346e+00,-8.257050539921957644e-02,-2.168800584928077535e-01,-2.556562314273041814e+00,-4.460338932444707916e-01,-2.164796197381289866e-01,-2.556277422282496214e+00,-4.123667602080816064e-01,-4.004387546787743649e-04,-2.848919905457648308e-04,-3.366713303638919214e-02,8.328003886043035264e-02
5.301437602932775883e-01,3.141260989819034677e-01,5.920438913616600907e+00,-7.948326717574671907e-02,-2.028494271954048855e-01,-2.553965130371683490e+00,-4.781970335975490594e-01,-2.024690085780825599e-01,-2.553654964154732365e+00,-4.446209139201597882e-01,-3.804186173223365213e-04,-3.101662169513351637e-04,-3.357611967738926423e-02,7.783180498207559195e-02
5.366887449882562500e-01,3.163170261198597899e-01,5.918247986478644584e+00,-7.639594076380745724e-02,-1.871089532502144270e-01,-2.555923357329376699e+00,-5.081987053674864585e-01,-1.867482954017131158e-01,-2.555589034471772436e+00,-4.747187127335016354e-01,-3.606578485013196204e-04,-3.343228576043852547e-04,-3.347999263398481612e-02,7.161612101719845580e-02
5.432337296832350226e-01,3.184450325551706484e-01,5.916119980043333726e+00,-7.331397275410798942e-02,-1.767021004403375173e-01,-2.561226547967668576e+00,-5.367266958500889196e-01,-1.763616871203905478e-01,-2.560869640028929251e+00,-5.033448774962236971e-01,-3.404133199469610367e-04,-3.569079387391800346e-04,-3.338181835386516694e-02,6.737105621559051627e-02
5.497787143782137953e-01,3.205013164565331252e-01,5.914063696141971249e+00,-7.024274119671729266e-02,-1.713294682121312695e-01,-2.562325119682044239e+00,-5.605620266543889230e-01,-1.710104001730456402e-01,-2.561947621941959241e+00,-5.272766481552481066e-01,-3.190680390856171639e-04,-3.774977400851667829e-04,-3.328537849914076086e-02,6.518107653445515126e-02
5.563236990731924569e-01,3.224778841086752834e-01,5.912087128489829091e+00,-6.718755560106681735e-02,-1.643454324075846740e-01,-2.561245909837445822e+00,-5.795588083214369135e-01,-1.640492245244027369e-01,-2.560850162398307539e+00,-5.463641312038545195e-01,-2.962078831819450492e-04,-3.957474391384033252e-04,-3.319467711758237322e-02,6.246176978985593792e-02
5.628686837681712296e-01,3.242777062542838706e-01,5.910287306344220504e+00,-3.360665217590974585e-02,-1.581539047061700509e-01,-2.563428312514104412e+00,-5.964897809207078128e-01,-1.578822399573367452e-01,-2.563016884264117223e+00,-5.633763606640964650e-01,-2.716647488332977448e-04,-4.114282499873707886e-04,-3.311342025661138250e-02,5.998266289111394561e-02
5.694136684631500023e-01,3.255104950841314349e-01,5.909054517514372940e+00,-3.092354553880648921e-02,-1.574111700000675462e-01,-2.562421799412189838e+00,-6.090978968172886532e-01,-1.571656494422248584e-01,-2.561997350860063083e+00,-5.760533537744001453e-01,-2.455205578426768306e-04,-4.244485521265662135e-04,-3.304454304288855643e-02,5.965890454658324960e-02
5.759586531581286639e-01,3.266302728883845319e-01,5.907934739710119842e+00,-2.823054871291392001e-02,-1.551051921785857601e-01,-2.551598031657649646e+00,-6.139155073512243543e-01,-1.548871190569120204e-01,-2.551163174080036455e+00,-5.809256558069035847e-01,-2.180731216737413108e-04,-4.348575776130069858e-04,-3.298985154432073491e-02,5.899795566835984439e-02
5.825036378531074366e-01,3.276347597470117279e-01,5.906930252851492646e+00,-2.553101673886143744e-02,-1.445393720467850196e-01,-2.537926061325040283e+00,-6.142543253702034134e-01,-1.443496011158450221e-01,-2.537483228318810458e+00,-5.813044970084007002e-01,-1.897709309400078827e-04,-4.428330062297424776e-04,-3.294982836180273406e-02,5.526896481461988225e-02
5.890486225480862092e-01,3.285224480765611688e-01,5.906042564521943206e+00,-2.282810848210239593e-02,-1.300970059684651292e-01,-2.527825319913355795e+00,-6.144155848947613352e-01,-1.299358773947964507e-01,-2.527376664135565054e+00,-5.814919594790540769e-01,-1.611285736686696353e-04,-4.486557777909470522e-04,-3.292362541570729301e-02,4.994749783678313626e-02
5.955936072430648709e-01,3.292926026301605802e-01,5.905272409968343794e+00,-2.012478663291395950e-02,-1.143204736730247667e-01,-2.518086218670917198e+00,-6.140245890899533876e-01,-1.141878365963362174e-01,-2.517633542288577164e+00,-5.811153496512759808e-01,-1.326370766885516517e-04,-4.526763823400379401e-04,-3.290923943867736512e-02,4.406450987848015144e-02
6.021385919380436436e-01,3.299452604975163794e-01,5.904619752100987995e+00,-1.742381770639703231e-02,-9.286613230079333869e-02,-2.508377272486729925e+00,-6.133294701650977565e-01,-9.276144856369479552e-02,-2.507921995523023195e+00,-5.804256302216935781e-01,-1.046837370985482683e-04,-4.552769637069132712e-04,-3.290383994340423390e-02,3.593971927746821698e-02
6.086835766330224162e-01,3.304812311049145634e-01,5.904083781493589811e+00,-1.472777204247640442e-02,-6.717722173003567998e-02,-2.503681652074103425e+00,-6.149344024143390541e-01,-6.709972769658439917e-02,-2.503224818985185340e+00,-5.820302027254101729e-01,-7.749403345128339676e-05,-4.568330889179847594e-04,-3.290419968892889513e-02,2.604809626944598958e-02
6.152285613280010779e-01,3.309020962152207090e-01,5.903662916383283665e+00,-1.203902380590078647e-02,-4.447870282637254175e-02,-2.501860130493169798e+00,-6.176809182466701520e-01,-4.442759848318693361e-02,-2.501402452155491396e+00,-5.847737520336524497e-01,-5.110434318560480257e-05,-4.576783376785267332e-04,-3.290716621301770922e-02,1.725743022916622835e-02
6.217735460229798505e-01,3.309699824383667277e-01,5.903595030160137647e+00,2.147092341162928561e-02,-2.384673945742743495e-02,-2.497151981424192702e+00,-6.179581836642761283e-01,-2.382137040576476350e-02,-2.496693907235829624e+00,-5.850480731909339926e-01,-2.536905166267065285e-05,-4.580741883629567890e-04,-3.291011047334212181e-02,9.269552483982514135e-03
6.283185307179586232e-01,3.305296540911415448e-01,5.904035358507362830e+00,2.413177522799951277e-02,3.219065493347445747e-15,-2.493760258923615414e+00,-6.171856450627164481e-01,6.005242731041329169e-16,-2.493302071822379062e+00,-5.842743507715913998e-01,2.618541220243313027e-15,-4.581871012362272828e-04,-3.291129429112502058e-02,1.253042483361209204e-15
6.348635154129372848e-01,3.299751328540692086e-01,5.904589879744435166e+00,2.683441241578852707e-02,2.384673945742503756e-02,-2.497151981424192257e+00,-6.179581836642765724e-01,2.382137040576636638e-02,-2.496693907235830512e+00,-5.850480731909347698e-01,2.536905165867251843e-05,-4.580741883616413807e-04,-3.291011047334179568e-02,9.269552483981584323e-03
6.414085001079160575e-01,3.293095809217403414e-01,5.905255431676764033e+00,2.957859028081035596e-02,4.447870282637558792e-02,-2.501860130493173795e+00,-6.176809182466704851e-01,4.442759848318778015e-02,-2.501402452155494505e+00,-5.847737520336528938e-01,5.110434318780536028e-05,-4.576783376792683275e-04,-3.290716621301758432e-02,1.725743022916738714e-02
6.479534848028948302e-01,3.285309735131143327e-01,5.906034039085390042e+00,3.236745778895706860e-02,6.717722173003939923e-02,-2.503681652074104313e+00,-6.149344024143391652e-01,6.709972769658545388e-02,-2.503224818985187561e+00,-5.820302027254108390e-01,7.749403345393848590e-05,-4.568330889169436543e-04,-3.290419968892828451e-02,2.604809626944742246e-02
6.544984694978734918e-01,3.276380052402787513e-01,5.906927007358225623e+00,3.519827321731260755e-02,9.286613230079704406e-02,-2.508377272486731258e+00,-6.133294701650984226e-01,9.276144856369526737e-02,-2.507921995523024528e+00,-5.804256302216941332e-01,1.046837371017776187e-04,-4.552769637066637963e-04,-3.290383994340434493e-02,3.593971927746962558e-02
6.610434541928522645e-01,3.266322828633603237e-01,5.907932729735144051e+00,3.806512332088701767e-02,1.143204736730245585e-01,-2.518086218670918086e+00,-6.140245890899550529e-01,1.141878365963364117e-01,-2.517633542288577608e+00,-5.811153496512770911e-01,1.326370766881485724e-04,-4.526763823404886429e-04,-3.290923943867795493e-02,4.406450987848004736e-02
6.675884388878310371e-01,3.255158086451110933e-01,5.909049203953393281e+00,4.096232386391241570e-02,1.300970059684654623e-01,-2.527825319913358904e+00,-6.144155848947636667e-01,1.299358773947967005e-01,-2.527376664135565942e+00,-5.814919594790556312e-01,1.611285736687604372e-04,-4.486557777929946764e-04,-3.292362541570802853e-02,4.994749783678320565e-02
6.741334235828096988e-01,3.242909803509048672e-01,5.910274032247599507e+00,4.388441961984312217e-02,1.445393720467836318e-01,-2.537926061325042948e+00,-6.142543253702051897e-01,1.443496011158455494e-01,-2.537483228318812234e+00,-5.813044970084023655e-01,1.897709309380739642e-04,-4.428330062305070028e-04,-3.294982836180287283e-02,5.526896481461928551e-02
6.806784082777884715e-01,3.229291236366167439e-01,5.911635888961887630e+00,7.931463693291548878e-02,1.551051921785845389e-01,-2.551598031657652310e+00,-6.139155073512241323e-01,1.548871190569112710e-01,-2.551163174080037788e+00,-5.809256558069038068e-01,2.180731216732726915e-04,-4.348575776147107553e-04,-3.298985154432029776e-02,5.899795566835933092e-02
6.872233929727672441e-01,3.208639883193358244e-01,5.913701024279168550e+00,8.261719722185961734e-02,1.574111700000654368e-01,-2.562421799412190726e+00,-6.090978968172890973e-01,1.571656494422233874e-01,-2.561997350860064415e+00,-5.760533537744013666e-01,2.455205578420480476e-04,-4.244485521261301473e-04,-3.304454304288768907e-02,5.965890454658242387e-02
6.937683776677459058e-01,3.187159139907045358e-01,5.915849098607799839e+00,8.597737064644110638e-02,1.581539047061698011e-01,-2.563428312514107077e+00,-5.964897809207091450e-01,1.578822399573346913e-01,-2.563016884264119000e+00,-5.633763606640973531e-01,2.716647488350995262e-04,-4.114282499881510347e-04,-3.311342025661174332e-02,5.998266289111379296e-02
7.003133623627246784e-01,3.164927432148036957e-01,5.918072269383700679e+00,8.938825884796715304e-02,1.643454324075826756e-01,-2.561245909837449375e+00,-5.795588083214382458e-01,1.640492245244008773e-01,-2.560850162398307983e+00,-5.463641312038556297e-01,2.962078831818048619e-04,-3.957474391413880253e-04,-3.319467711758267159e-02,6.246176978985509137e-02
7.068583470577034511e-01,3.142025808994981517e-01,5.920362431699006223e+00,9.284328884379436375e-02,1.713294682121305201e-01,-2.562325119682040242e+00,-5.605620266543893671e-01,1.710104001730436141e-01,-2.561947621941957021e+00,-5.272766481552484397e-01,3.190680390869197786e-04,-3.774977400834272890e-04,-3.328537849914096208e-02,6.518107653445497085e-02
7.134033317526821127e-01,3.118537942964438869e-01,5.922711218302060487e+00,9.633621302732914282e-02,1.767021004403379614e-01,-2.561226547967666356e+00,-5.367266958500881424e-01,1.763616871203891323e-01,-2.560869640028927918e+00,-5.033448774962230310e-01,3.404133199488222866e-04,-3.569079387383390189e-04,-3.338181835386514612e-02,6.737105621559075219e-02
7.199483164476608854e-01,3.094550130010835787e-01,5.925109999597420796e+00,9.986110916802765081e-02,1.871089532502126507e-01,-2.555923357329375811e+00,-5.081987053674857924e-01,1.867482954017112284e-01,-2.555589034471771104e+00,-4.747187127335014134e-01,3.606578485014227823e-04,-3.343228576046805372e-04,-3.347999263398442754e-02,7.161612101719780354e-02
7.264933011426396581e-01,3.070151289526501515e-01,5.927549883645854223e+00,1.034123804113954853e-01,2.028494271954039974e-01,-2.553965130371683045e+00,-4.781970335975492814e-01,2.024690085780812554e-01,-2.553654964154730145e+00,-4.446209139201603988e-01,3.804186173227435850e-04,-3.101662169530861502e-04,-3.357611967738890341e-02,7.783180498207528664e-02
7.330382858376183197e-01,3.045432964341623361e-01,5.930021716164342038e+00,1.069847552789879586e-01,2.168800584928065045e-01,-2.556562314273038705e+00,-4.460338932444711801e-01,2.164796197381272935e-01,-2.556277422282492662e+00,-4.123667602080813843e-01,4.004387546792207309e-04,-2.848919905460704132e-04,-3.366713303638976806e-02,8.328003886042997794e-02
7.395832705325970924e-01,3.020489320724299986e-01,5.932516080526074376e+00,1.105732876684102639e-01,2.299346127781062288e-01,-2.558158904254137056e+00,-4.096787496115608107e-01,2.295131240765858061e-01,-2.557899972896165330e+00,-3.759276733433148943e-01,4.214887015204170340e-04,-2.589313579716472297e-04,-3.375107626824593726e-02,8.840446256070211284e-02
7.461282552275758650e-01,2.995417148380479233e-01,5.935023297760456451e+00,1.141733568533169485e-01,2.470876808858942231e-01,-2.561196654715327536e+00,-3.708452355144216672e-01,2.466434199021688700e-01,-2.560964011018365571e+00,-3.370178903455614550e-01,4.442609837253590709e-04,-2.326436969620838729e-04,-3.382734516886019144e-02,9.504562725793783140e-02
7.526732399225545267e-01,2.970315860454020296e-01,5.937533426553102345e+00,1.177806674834122880e-01,2.641932862933090709e-01,-2.571311416916040926e+00,-3.313184693012035664e-01,2.637240104776391592e-01,-2.571105137298087762e+00,-2.974217220844621590e-01,4.692758156699135654e-04,-2.062796179531650872e-04,-3.389674721674142827e-02,1.013790272004287119e-01
7.592182246175332994e-01,2.945287493526658196e-01,5.940036263245838555e+00,1.213912495844504114e-01,2.753867552383313377e-01,-2.584530239902484094e+00,-2.903927311230659614e-01,2.748899419794987864e-01,-2.584350278141037016e+00,-2.564313551716451145e-01,4.968132588325707482e-04,-1.799617614472232474e-04,-3.396137595142082605e-02,1.052970472741289326e-01
7.657632093125120720e-01,2.920425248771785220e-01,5.942522487721325852e+00,1.250028893748277026e-01,2.844164535633408319e-01,-2.596578563060861544e+00,-2.484594820314812713e-01,2.838895703040007490e-01,-2.596424877624579519e+00,-2.144351574971211649e-01,5.268832593400582347e-04,-1.536854362818716626e-04,-3.402432453436012028e-02,1.083945959983024648e-01
7.723081940074907337e-01,2.895690991973891570e-01,5.944995913401115217e+00,1.286163184779330615e-01,2.935850873084143720e-01,-2.612686590443697554e+00,-2.069850749324548267e-01,2.930258489218633411e-01,-2.612559253368245127e+00,-1.728957914831894260e-01,5.592383865510061440e-04,-1.273370754524058698e-04,-3.408928344926538678e-02,1.113218036496576718e-01
7.788531787024695063e-01,2.869989961033407866e-01,5.947566016495163588e+00,1.710759930365336468e-01,2.956944807984691614e-01,-2.634400731561064024e+00,-1.661389713719135242e-01,2.951010540672591165e-01,-2.634300006583296661e+00,-1.319788919325758925e-01,5.934267312100300045e-04,-1.007249777675824553e-04,-3.416007943933764557e-02,1.113246888419320846e-01
7.853981633974482790e-01,2.843203985076279139e-01,5.950244614090876460e+00,1.755053559815008823e-01,2.882324654747182024e-01,-2.654016305350351157e+00,-1.267986949834831456e-01,2.876035898610512231e-01,-2.653942690588528830e+00,-9.255847936196384684e-02,6.288756136669989292e-04,-7.361476182222953079e-05,-3.424021562151929876e-02,1.078459488531597898e-01
7.919431480924269406e-01,2.816791342720756930e-01,5.952885878326428681e+00,1.799692058260517480e-01,2.778398413661975486e-01,-2.670414789836216052e+00,-9.055405333539609525e-02,2.771748495995026706e-01,-2.670369028024952129e+00,-5.622158596965621397e-02,6.649917666948818203e-04,-4.576181126393590303e-05,-3.433246736573987434e-02,1.034262809799634947e-01
7.984881327874057133e-01,2.790644111683029394e-01,5.955500601430201435e+00,1.844625839946113233e-01,2.644889696710357452e-01,-2.689960699361972907e+00,-5.673729382429051893e-02,2.637877083396218403e-01,-2.689943764745736043e+00,-2.229871654642375661e-02,7.012613314138784436e-04,-1.693461623678889987e-05,-3.443857727786676232e-02,9.783105544413336907e-02
8.050331174823844860e-01,2.764667908565172638e-01,5.958098221741987111e+00,1.889809275444551129e-01,2.415041118616564897e-01,-2.710043377057736791e+00,-2.496954812421021616e-02,2.407667782668960477e-01,-2.710056451324176496e+00,9.589530022780155122e-03,7.373335947604549257e-04,1.307426643968864820e-05,-3.455907814699037128e-02,8.875899152794219926e-02
8.115781021773631476e-01,2.738781889339403364e-01,5.960686823664564038e+00,1.935200692282238732e-01,2.112561247389234953e-01,-2.723243853504917045e+00,2.271675444948745293e-03,2.104830491566092865e-01,-2.723288303218401207e+00,3.696493277994977039e-02,7.730755823141978586e-04,4.444971348417314457e-05,-3.469325733500102510e-02,7.734277866597387419e-02
8.181230868723419203e-01,2.712918749348132152e-01,5.963273137663691159e+00,1.980762374939239179e-01,1.807976255500847729e-01,-2.732672794448628206e+00,2.423771911693054643e-02,1.799890358989405525e-01,-2.732750159709952165e+00,5.907698050036053194e-02,8.085896511442224911e-04,7.736526132394272546e-05,-3.483926138342998552e-02,6.601454416767321698e-02
8.246680715673206929e-01,2.687024723303919060e-01,5.965862540268112468e+00,2.026460564849266177e-01,1.478111616793807703e-01,-2.743676900842396904e+00,4.322466249373071306e-02,1.469669695355177164e-01,-2.743788900248004481e+00,7.821898890302823870e-02,8.441921438630613402e-04,1.119994056075108990e-04,-3.499432640929752564e-02,5.378871978718807040e-02
8.312130562622993546e-01,2.661059585289526908e-01,5.968459054069551684e+00,2.072265460399686510e-01,1.083995638740923445e-01,-2.751591890941903262e+00,5.915705688676557716e-02,1.075192068536436479e-01,-2.751740442419876587e+00,9.431216537389501553e-02,8.803570204486931006e-04,1.485514779733556050e-04,-3.515510848712943837e-02,3.935560346173688079e-02
8.377580409572781273e-01,2.634996648757867987e-01,5.971065347722717576e+00,2.118151216931521419e-01,6.761640616335422294e-02,-2.752544169319103950e+00,6.979256079935644563e-02,6.669877275817878703e-02,-2.752731421061182626e+00,1.051106396859418368e-01,9.176334051754351422e-04,1.872517420784647444e-04,-3.531807888658539119e-02,2.454976358442311976e-02
8.443030256522568999e-01,2.608189591183665001e-01,5.973746053480137874e+00,1.684579453238128077e-01,2.955797396866584673e-02,-2.751662756516638719e+00,7.584556327161505462e-02,2.860142432937506918e-02,-2.751891117771648076e+00,1.113255054489311752e-01,9.565496392907780901e-04,2.283612550093809936e-04,-3.547994217731612054e-02,1.073716201406559392e-02
8.508480103472355616e-01,2.579303607791709751e-01,5.976634651819333399e+00,1.720982692612544329e-01,-9.225239336799390122e-03,-2.751413262081042976e+00,7.952275147225648655e-02,-1.022275775236895952e-02,-2.751685420601112320e+00,1.151607830301794311e-01,9.975184155695685298e-04,2.721585200694606873e-04,-3.563803155792295146e-02,3.351490999571188779e-03
8.573929950422143342e-01,2.549872488959321615e-01,5.979577763702572213e+00,1.757453294484159212e-01,-4.956511053413060336e-02,-2.747472523776931297e+00,8.037645532234283241e-02,-5.060586829261320280e-02,-2.747791435707640062e+00,1.161670915461459758e-01,1.040757758482597920e-03,3.189119307085654022e-04,-3.579063622380314336e-02,1.802961110202913608e-02
8.639379797371931069e-01,2.519907950754385340e-01,5.982574217523065840e+00,1.794004450540972462e-01,-8.694626622434012408e-02,-2.739413632271692656e+00,7.729328099424301324e-02,-8.803250721206051788e-02,-2.739782471744239611e+00,1.132305019107837651e-01,1.086240987720394876e-03,3.688394725468679383e-04,-3.593722091654074496e-02,3.171042473657929850e-02
8.704829644321717685e-01,2.489430785486490549e-01,5.985621934049855319e+00,1.830650697388678805e-01,-1.205989615937099330e-01,-2.731438508305329194e+00,7.137944150132842502e-02,-1.217326470267861976e-01,-2.731860568373500442e+00,1.074579497161349956e-01,1.133685433076262947e-03,4.220600681711873716e-04,-3.607850821480657055e-02,4.409418190739199800e-02
8.770279491271505412e-01,2.458473688643190158e-01,5.988717643734185359e+00,1.867410976849591953e-01,-1.532815731785483748e-01,-2.723582954859812055e+00,6.388805064056718441e-02,-1.544641579129437392e-01,-2.724061498939557513e+00,1.001044596475079290e-01,1.182584734395372619e-03,4.785440797452823899e-04,-3.621640900694073767e-02,5.617506300296771365e-02
8.835729338221293139e-01,2.427087387607951285e-01,5.991856273837709246e+00,1.904352952278821343e-01,-1.841417862625726043e-01,-2.713228748174850047e+00,5.440464096646612652e-02,-1.853740696689126222e-01,-2.713766821459620004e+00,9.075844533534581371e-02,1.232283406340016138e-03,5.380732847699430015e-04,-3.635380436887968719e-02,6.769882787538651636e-02
8.901179185171079755e-01,2.395324735622805790e-01,5.995032539036223795e+00,1.941576303845324036e-01,-2.106975033064674430e-01,-2.701531920801788278e+00,4.259794283974016604e-02,-2.119795888534961592e-01,-2.702132143087277338e+00,7.909214327905544906e-02,1.282085547028719063e-03,6.002222854890362476e-04,-3.649420043931528301e-02,7.774613033722080346e-02
8.966629032120867482e-01,2.363238008413119928e-01,5.998241211757192382e+00,1.979181899571585967e-01,-2.338195962443428422e-01,-2.690774996431135602e+00,2.924648636221127002e-02,-2.351509791913059255e-01,-2.691439369298568973e+00,6.588778054319800737e-02,1.331382946963088551e-03,6.643728674333098478e-04,-3.664129418098673735e-02,8.656543868049355883e-02
9.032078879070655208e-01,2.330878977920018968e-01,6.001477114806502478e+00,2.017271433798708546e-01,-2.549963802685748515e-01,-2.680160478384031375e+00,1.490497816995930980e-02,-2.563761627069803262e-01,-2.680890247929911929e+00,5.170347786291615289e-02,1.379782438405483111e-03,7.297695458807643230e-04,-3.679849969295684309e-02,9.471304059956349441e-02
9.097528726020441825e-01,2.297373458705402882e-01,6.004827666727964086e+00,1.461449632079199479e-01,-2.732673692934083354e-01,-2.668688447529090180e+00,-6.249314220498070060e-04,-2.746945785114871530e-01,-2.669484065747081303e+00,3.634355885161214689e-02,1.427209218078834101e-03,7.956182179911576750e-04,-3.696849027366195389e-02,1.018649775985908945e-01
9.162978572970229552e-01,2.257345617014125949e-01,6.008830450897091779e+00,1.493533328680336225e-01,-2.879136503352926479e-01,-2.657562382114624366e+00,-1.736346919597968677e-02,-2.893876133913693693e-01,-2.658423603154139947e+00,1.978934088611868439e-02,1.473963056076746771e-03,8.612210395154128737e-04,-3.715281008209837116e-02,1.077049856300000552e-01
9.228428419920017278e-01,2.216922465341157888e-01,6.012872766064388586e+00,1.526691966952892221e-01,-3.000448434949959386e-01,-2.647615381376838162e+00,-3.489831322090989479e-02,-3.015655518982577332e-01,-2.648541512153604671e+00,2.453288295267744799e-03,1.520708403261794789e-03,9.261307767666064920e-04,-3.735160151617764046e-02,1.125960061236995630e-01
9.293878266869803895e-01,2.176181934734771062e-01,6.016946819125027268e+00,1.561041620131780605e-01,-3.103233940974615135e-01,-2.638168405984947729e+00,-5.299242178927550395e-02,-3.118917816129485598e-01,-2.639158705001401817e+00,-1.542893999713016752e-02,1.568387515487072162e-03,9.902990164541755191e-04,-3.756348179214533817e-02,1.167996802521218819e-01
9.359328113819591621e-01,2.135201485315310066e-01,6.021044864066973368e+00,1.596692641178291683e-01,-3.183179602609102488e-01,-2.629034539760727984e+00,-7.168760370762763956e-02,-3.199360174971006554e-01,-2.630088726848081926e+00,-3.390201702630263325e-02,1.618057236190384527e-03,1.054187087354090590e-03,-3.778558668132501325e-02,1.201560239761050863e-01
9.424777960769379348e-01,2.094058106275245024e-01,6.025159201970979872e+00,1.633749662780089595e-01,-3.241726883006970650e-01,-2.620873881635930935e+00,-9.091749440665861104e-02,-3.258433520138707129e-01,-2.621992690080910737e+00,-5.290371142100654123e-02,1.670663713173654212e-03,1.118808444979720170e-03,-3.801378298565207675e-02,1.226806640905207801e-01
9.490227807719165964e-01,2.050321299781012740e-01,6.029532882620403100e+00,1.045091094914289698e-01,-3.286733947432461944e-01,-2.613775169714801283e+00,-1.104702456304547942e-01,-3.304001778507382192e-01,-2.614960847609476779e+00,-7.222720991535674928e-02,1.726783107492040623e-03,1.185677894675394315e-03,-3.824303571509805183e-02,1.246545372922546052e-01
9.555677654668953691e-01,2.001535611031082240e-01,6.034411451495396150e+00,1.080338108044206075e-01,-3.320967001586510037e-01,-2.607319800378362196e+00,-1.302206890317663124e-01,-3.338830679833167392e-01,-2.608576456832319312e+00,-9.175278710022814754e-02,1.786367824665710796e-03,1.256656453957105722e-03,-3.846790193153817178e-02,1.261953389975040141e-01
9.621127501618741418e-01,1.952765717282511915e-01,6.039288440870253183e+00,1.117523140778407947e-01,-3.343832662037991565e-01,-2.601502416150166308e+00,-1.501269448148483399e-01,-3.362318105028409554e-01,-2.602836115619091117e+00,-1.114438338622653207e-01,1.848544299041805132e-03,1.333699468924690349e-03,-3.868311095258301219e-02,1.272775668033378493e-01
9.686577348568528034e-01,1.904107254549023409e-01,6.044154287143602033e+00,1.156716998463120372e-01,-3.358348576158868282e-01,-2.596496466480294973e+00,-1.700859150332435510e-01,-3.377463650778984583e-01,-2.597915003357094132e+00,-1.312017352980089924e-01,1.911507462011656803e-03,1.418536876798940066e-03,-3.888417973523456556e-02,1.280032083324249836e-01
9.752027195518315761e-01,1.855653767936571441e-01,6.048999635804847230e+00,1.197978925413412110e-01,-3.368356424190946385e-01,-2.592117242488317430e+00,-1.899486226907504960e-01,-3.388081895447924152e-01,-2.593629576573812656e+00,-1.508806200716008017e-01,1.972547125697790560e-03,1.512334085495310862e-03,-3.906800261914970124e-02,1.285238109755142688e-01
9.817477042468103487e-01,1.807496711643317155e-01,6.053815341434172659e+00,1.241356604913189665e-01,-3.374510741362132249e-01,-2.588107491532633642e+00,-2.096072389819102488e-01,-3.394792966754152652e-01,-2.589722886581170780e+00,-1.703738920626724496e-01,2.028222539202031646e-03,1.615395048536931140e-03,-3.923334691923780621e-02,1.288759750705995022e-01
9.882926889417890104e-01,1.759725448959672534e-01,6.058592467702537121e+00,1.286886159215200609e-01,-3.376935134947885997e-01,-2.584431443178524468e+00,-2.289756843066421688e-01,-3.397681888666669869e-01,-2.586158414520539406e+00,-1.895945020794503055e-01,2.074675371878380303e-03,1.726971342014736515e-03,-3.938118222719185629e-02,1.290660791042683442e-01
9.948376736367677831e-01,1.707936156162270791e-01,6.063771396982277295e+00,7.021718260686625468e-02,-3.377161780807007019e-01,-2.581029245861230947e+00,-2.479394758329565296e-01,-3.398242208194536818e-01,-2.582874475451706342e+00,-2.084247006701979987e-01,2.108042738752990714e-03,1.845229590475173627e-03,-3.951477516275853086e-02,1.291550855853656476e-01
1.001382658331746445e+00,1.654811545096190883e-01,6.069083858088885286e+00,7.488118574042873510e-02,-3.375900140871590516e-01,-2.577696905502217195e+00,-2.663794883743051400e-01,-3.397149209563669614e-01,-2.579664309919670107e+00,-2.267399917525211583e-01,2.124906869207922842e-03,1.967404417452746704e-03,-3.963949662178397476e-02,1.291804644690029702e-01
1.007927643026725217e+00,1.602358781189403558e-01,6.074329134479564019e+00,7.977813474059468335e-02,-3.372336072389399697e-01,-2.574292913400864968e+00,-2.842065118746099905e-01,-3.393563106914917471e-01,-2.576383042114432254e+00,-2.444441938519600621e-01,2.122703452551750070e-03,2.090128713567260526e-03,-3.976231802264994231e-02,1.291193765318761899e-01
1.014472627721703990e+00,1.550656257990796760e-01,6.079499386799424698e+00,8.490663040489618285e-02,-3.365865561550477891e-01,-2.570777961640160036e+00,-3.013449965732687974e-01,-3.386865681536326833e-01,-2.572987855919587563e+00,-2.614539803319271272e-01,2.100011998584921501e-03,2.209894279427724890e-03,-3.989101624134165636e-02,1.289518610290250333e-01
1.021017612416682763e+00,1.499764860201189265e-01,6.084588526578385448e+00,9.026504301782224682e-02,-3.356213504061177355e-01,-2.567074384313288160e+00,-3.177160877902761582e-01,-3.376780211399821319e-01,-2.569397947082946665e+00,-2.776829289133591616e-01,2.056670733864415443e-03,2.323562769658439348e-03,-4.003315887691701741e-02,1.286722179819182466e-01
1.027562597111661535e+00,1.449774991094914256e-01,6.089587513489012949e+00,9.584930128374610780e-02,-3.342331987118006276e-01,-2.563083348369504577e+00,-3.332544722915012358e-01,-3.362268916235570670e-01,-2.565512176587853688e+00,-2.930594796645402678e-01,1.993692911756426468e-03,2.428828218349093643e-03,-4.019499262696096115e-02,1.282464698906702061e-01
1.034107581806640086e+00,1.400835242848010864e-01,6.094481488313703288e+00,1.016517080814849094e-01,-3.322737375725884901e-01,-2.558784592334739205e+00,-3.479197866463336619e-01,-3.341867411925327214e-01,-2.561309126911265999e+00,-3.075393912031874066e-01,1.913003619944216114e-03,2.524534576526999904e-03,-4.038039544314624835e-02,1.276199475556082374e-01
1.040652566501618859e+00,1.353095812384639274e-01,6.099255431360040447e+00,1.076645008035855833e-01,-3.296349921688483953e-01,-2.554204014504816378e+00,-3.616846427187140889e-01,-3.314520480830157045e-01,-2.556814790847991681e+00,-3.210945769716335163e-01,1.817055914167293659e-03,2.610776343175354869e-03,-4.059006574708055176e-02,1.267505074096587359e-01
1.047197551196597631e+00,1.306707579303312272e-01,6.103894254668173147e+00,1.138799089699474576e-01,-3.262220164998787530e-01,-2.549352929056770911e+00,-3.745290077211709256e-01,-3.279304283572483381e-01,-2.552041682754137231e+00,-3.337079062302577559e-01,1.708411857369607342e-03,2.688753697366457873e-03,-4.082110149091316281e-02,1.256011278732300784e-01
1.053742535891576404e+00,1.261822105876966305e-01,6.108382802010807744e+00,1.202901542278232150e-01,-3.219167235150270368e-01,-2.544263400789561036e+00,-3.864488290774735768e-01,-3.235061035793748707e-01,-2.547023807448972832e+00,-3.453817613688856536e-01,1.589380064347847843e-03,2.760406659411991995e-03,-4.106706770858790934e-02,1.241243702193505771e-01
1.060287520586555177e+00,1.213600529424239127e-01,6.113204959656080462e+00,6.210973536433024578e-02,-3.166195307615247145e-01,-2.539019097835482963e+00,-3.974576266569311289e-01,-3.180813148289072245e-01,-2.541847001404557549e+00,-3.561390552390982789e-01,1.461784067382525818e-03,2.827903569074699790e-03,-4.131857141783285697e-02,1.222766526012941252e-01
1.066832505281533949e+00,1.166173353880921582e-01,6.117947677210412216e+00,6.865457157892801421e-02,-3.102773183656661327e-01,-2.533718604853868239e+00,-4.075794308541774713e-01,-3.116042172360646290e-01,-2.536611699707504108e+00,-3.660151581574163648e-01,1.326898870398483072e-03,2.893094853635942015e-03,-4.156427269676113423e-02,1.200308267158540082e-01
1.073377489976512500e+00,1.120690564850166382e-01,6.122495956113487736e+00,7.537453038755907719e-02,-3.028584142060187778e-01,-2.528454592567642045e+00,-4.168477090418053477e-01,-3.040439599766889822e-01,-2.531411646085256262e+00,-3.750555291505115463e-01,1.185545770670197886e-03,2.957053517614336227e-03,-4.179217989129381527e-02,1.173678716051791554e-01
1.079922474671491273e+00,1.077312257117508665e-01,6.126833786886753508e+00,8.226061382117005882e-02,-2.943455681077425390e-01,-2.523334149791271130e+00,-4.253086709961594325e-01,-2.953838589850590335e-01,-2.526353954161653981e+00,-3.833176471744076386e-01,1.038290877316519001e-03,3.019804370382874609e-03,-4.199102382175178699e-02,1.142734873110379801e-01
1.086467459366470045e+00,1.036189830265472622e-01,6.130946029571957112e+00,8.930405003883903903e-02,-2.847576553894241025e-01,-2.518478886054328569e+00,-4.330193782235516875e-01,-2.856433195830481164e-01,-2.521559183658023340e+00,-3.908678849440168079e-01,8.856641936240347568e-04,3.080297603694674615e-03,-4.215149327953487263e-02,1.107467618592214709e-01
1.093012444061448818e+00,9.974659886736159109e-02,6.134818413731142783e+00,9.649629332777634461e-02,-2.741502002186872455e-01,-2.514001716690758226e+00,-4.400433645350916301e-01,-2.748785139982871106e-01,-2.517138336449668223e+00,-3.977762195176923199e-01,7.283137795998597839e-04,3.136619758909989751e-03,-4.226714501739929630e-02,1.068018502407654113e-01
1.099557428756427591e+00,9.612747415184497157e-02,6.138437538446659403e+00,1.038290241033244105e-01,-2.625993125710529563e-01,-2.510002297737748300e+00,-4.464494362880331302e-01,-2.631663491340967553e-01,-2.513188671026080456e+00,-4.041145685903023144e-01,5.670365630438073618e-04,3.186373288331939644e-03,-4.233486769773079500e-02,1.024623275948318563e-01
1.106102413451406363e+00,9.277414027735275681e-02,6.141790872321151618e+00,1.112941489089578906e-01,-2.502014915641135318e-01,-2.506574055369283904e+00,-4.523108329687792750e-01,-2.506041692645451513e-01,-2.509801168938150084e+00,-4.099559693929047399e-01,4.026777004315948254e-04,3.227113568866100263e-03,-4.235486357587454204e-02,9.776107084314253348e-02
1.112647398146384914e+00,8.969825912093831732e-02,6.144866753477566057e+00,1.188838004162832140e-01,-2.370787769026208580e-01,-2.503797482471031177e+00,-4.577017701784256154e-01,-2.373147255500940855e-01,-2.507054206457877576e+00,-4.153715773581718174e-01,2.359486474732212086e-04,3.256723986846595323e-03,-4.233019282025377722e-02,9.274273112868494651e-02
1.119192382841363687e+00,8.691062303935481737e-02,6.147654389559149557e+00,1.265903374250397229e-01,-2.233709228769457378e-01,-2.501731023329923254e+00,-4.626938885540640700e-01,-2.234381820789476669e-01,-2.505004663354360783e+00,-4.204279033151064882e-01,6.725920200192194505e-05,3.273640024437441624e-03,-4.226598523895757492e-02,8.746111101204849525e-02
1.125737367536342459e+00,8.442115486905610311e-02,6.150143857729448271e+00,1.344063448630982149e-01,-2.092267068205533598e-01,-2.500413128322271916e+00,-4.673541887843421505e-01,-2.091233777058899845e-01,-2.503690021171145474e+00,-4.251857344717379084e-01,-1.033291146633792955e-04,3.276892848873549577e-03,-4.216845431260426297e-02,8.197558471498299359e-02
1.132282352231321232e+00,8.223890792619581447e-02,6.152326104672308560e+00,1.423246337864615962e-01,-1.948030761990548476e-01,-2.499864100343270223e+00,-4.717429206344024850e-01,-1.945271243522761206e-01,-2.503130110514430129e+00,-4.296990681452365068e-01,-2.759518467787141788e-04,3.266010171159972660e-03,-4.204385248916595041e-02,7.635045849357963155e-02
1.138827336926300005e+00,7.973494700159999837e-02,6.154830065596904376e+00,8.083794601873950381e-02,-1.802614803984601277e-01,-2.500082284649510100e+00,-4.759111577251405878e-01,-1.798108969226216713e-01,-2.503323145367610358e+00,-4.340136606310255885e-01,-4.505834758384600573e-04,3.240860718100330856e-03,-4.189749709411500628e-02,7.065331633382170018e-02
1.145372321621278777e+00,7.747697646450379949e-02,6.157088036134000575e+00,8.872551441454099019e-02,-1.657594701766386680e-01,-2.501043981055076415e+00,-4.798992414742531132e-01,-1.651329260423553547e-01,-2.504245519728723224e+00,-4.381662558257607420e-01,-6.265441342833269001e-04,3.201538673646614052e-03,-4.173298564849239889e-02,6.495129206705681224e-02
1.151917306316257328e+00,7.555010979717557973e-02,6.159014902801328795e+00,9.669805788821443648e-02,-1.514461551419829244e-01,-2.502707021538635335e+00,-4.837360932327236518e-01,-1.506441494712201234e-01,-2.505855373979348322e+00,-4.421843814540895590e-01,-8.020056707627912880e-04,3.148352440713135351e-03,-4.155171177863410670e-02,5.930871334244246923e-02
1.158462291011236101e+00,7.394922256814151496e-02,6.160615790030362859e+00,1.047502298813470234e-01,-1.374598627766662196e-01,-2.505011088824518950e+00,-4.874389394245405294e-01,-1.364862127417810489e-01,-2.508093012455007376e+00,-4.460861596819236108e-01,-9.736500348851799807e-04,3.081923630488365377e-03,-4.135277974261693940e-02,5.378572542628017039e-02
1.165007275706214873e+00,7.266301807461506002e-02,6.161901994523889314e+00,1.128742905422186471e-01,-1.239226926092789755e-01,-2.507877891044913099e+00,-4.910138098803779605e-01,-1.227860939124360007e-01,-2.510881235772490783e+00,-4.498804286399974983e-01,-1.136598696842979319e-03,3.003344727577532750e-03,-4.113338124038046911e-02,4.843575362898346059e-02
1.171552260401193646e+00,7.168086150218044850e-02,6.162884151096323926e+00,1.210620508676739787e-01,-1.109362791341357013e-01,-2.511215316629261007e+00,-4.944569271770033470e-01,-1.096516210186804924e-01,-2.514129629741062910e+00,-4.535672955808935369e-01,-1.284658115455203278e-03,2.914313111801842930e-03,-4.088963159610982390e-02,4.330344983829619021e-02
1.178097245096172418e+00,7.099278448480017545e-02,6.163572228113704199e+00,1.293049996395865264e-01,-9.858164072056739557e-02,-2.514920890803788556e+00,-4.977565282742298369e-01,-9.717079948200470219e-02,-2.517738057518392303e+00,-4.571387600618710412e-01,-1.410841238562689053e-03,2.817166714603665592e-03,-4.061776821235881657e-02,3.842438944116842447e-02
1.184642229791151191e+00,7.058948510481144467e-02,6.163975527493692930e+00,1.375943034248587327e-01,-8.691804221816548659e-02,-2.518883011170883535e+00,-5.008950483552414568e-01,-8.540998385267237203e-02,-2.521597797049784262e+00,-4.605795328401001143e-01,-1.508058365493114127e-03,2.714785878900751164e-03,-4.031551551514130083e-02,3.382454622855787796e-02
1.191187214486129742e+00,7.046232789293149779e-02,6.164102684705572877e+00,1.459208065754216133e-01,-7.598049262501960222e-02,-2.522984931890938753e+00,-5.038516298662277793e-01,-7.441065111589476033e-02,-2.525595309068179528e+00,-4.638682784278593263e-01,-1.569841509124837980e-03,2.610377177240612908e-03,-3.998335143836846683e-02,2.951930531732609858e-02
1.197732199181108514e+00,7.060334382825228516e-02,6.163961668770252089e+00,1.542750312282359371e-01,-6.578084013505310079e-02,-2.527110410956540765e+00,-5.066042754683951488e-01,-6.418986245025769255e-02,-2.529617606747966096e+00,-4.669788741098316320e-01,-1.590977684795409977e-03,2.507195791425214683e-03,-3.962540135856353063e-02,2.551396857097782550e-02
1.204277183876087287e+00,7.065798178940152496e-02,6.163907030809102849e+00,8.645368267149727837e-02,-5.631057931261307381e-02,-2.531146026702070007e+00,-5.091312638053547834e-01,-5.474261185823812298e-02,-2.533554305564464038e+00,-4.698815144317508019e-01,-1.567967454374952782e-03,2.408278862394051378e-03,-3.924974937360402316e-02,2.180503785963421731e-02
1.210822168571066060e+00,7.053315958355810267e-02,6.164031853014946272e+00,9.472614017043891332e-02,-4.754088129532733908e-02,-2.534982701994072052e+00,-5.114122449139296700e-01,-4.604160367714145441e-02,-2.537298952608030067e+00,-4.725441626196614786e-01,-1.499277618185888145e-03,2.316250613957805335e-03,-3.886808229426817751e-02,1.838044914123701870e-02
1.217367153266044832e+00,7.065621053726989231e-02,6.163908802061234482e+00,1.030164446487674412e-01,-3.942310918220166133e-02,-2.538520112705919374e+00,-5.134290457768633242e-01,-3.803770558756180975e-02,-2.540753342380340563e+00,-4.749343111628251402e-01,-1.385403594639850276e-03,2.233229674421359674e-03,-3.849473461403823960e-02,1.521997546674713070e-02
1.223912137961023605e+00,7.102075300421173409e-02,6.163544259594292640e+00,1.113149318939287702e-01,-3.189292073041431058e-02,-2.541669848132614984e+00,-5.151656894821794452e-01,-3.066413482434988610e-02,-2.543830682119498920e+00,-4.770203521105967903e-01,-1.228785906064423176e-03,2.160833986884022444e-03,-3.814533737158271043e-02,1.229701689706980128e-02
1.230457122656002156e+00,7.162129298386599174e-02,6.162943719614638383e+00,1.196115376747438619e-01,-2.487343960838809750e-02,-2.544354871372253690e+00,-5.166079787718313998e-01,-2.383980706603056748e-02,-2.546455123527630260e+00,-4.787726302423616631e-01,-1.033632542357528503e-03,2.100252155376383136e-03,-3.783534852946970894e-02,9.580006762509396187e-03
1.237002107350980928e+00,7.245322412152255254e-02,6.162111788476981822e+00,1.278957977414095504e-01,-1.827565898112148285e-02,-2.546510158762802956e+00,-5.177435757741614131e-01,-1.746997022521939655e-02,-2.548562498332676451e+00,-4.801648411786534898e-01,-8.056887559020873852e-04,2.052339569873340170e-03,-3.757873459550793716e-02,7.032686361243408249e-03
1.243547092045959701e+00,7.351282770827705093e-02,6.161052184890227323e+00,1.361568478254970849e-01,-1.200083360274937713e-02,-2.548085492387121231e+00,-5.185624695101568316e-01,-1.144885645697904519e-02,-2.550103195931948896e+00,-4.811754811951978739e-01,-5.519771457703310721e-04,2.017703544827809201e-03,-3.738698831495893687e-02,4.615094000608870733e-03
1.250092076740938474e+00,7.479727268103086857e-02,6.159767739917473506e+00,1.443834236399529902e-01,-5.944876810246788913e-03,-2.549045556170704607e+00,-5.190571289864858162e-01,-5.664362812639367299e-03,-2.551042314484265994e+00,-4.817885902222479033e-01,-2.805139976074218851e-04,1.996758313561251136e-03,-3.726853876423792677e-02,2.285293155432906436e-03
