seed,launch_plane,theta_rad,phi_rad,R0_m,Z0_m,forward_hit,forward_length_m,forward_turns,backward_hit,backward_length_m,backward_turns,complete_connection,connection_length_m
0.000000000000000000e+00,0.000000000000000000e+00,0.000000000000000000e+00,0.000000000000000000e+00,6.214565012598502136e+00,7.125425501617876791e-19,0.000000000000000000e+00,3.606951682720007284e+02,9.994930426171027449e+00,0.000000000000000000e+00,3.606947291360689860e+02,9.994930426171027449e+00,0.000000000000000000e+00,7.213898974080697144e+02
1.000000000000000000e+00,0.000000000000000000e+00,3.926990816987241395e-01,0.000000000000000000e+00,6.163678890458306192e+00,-3.351956666951246833e-01,1.000000000000000000e+00,1.507915409377441165e+02,4.169859509007658005e+00,1.000000000000000000e+00,7.115109548775333792e+01,1.973521294339502408e+00,1.000000000000000000e+00,2.219426364254974544e+02
2.000000000000000000e+00,0.000000000000000000e+00,7.853981633974482790e-01,0.000000000000000000e+00,6.020931956769576487e+00,-6.134997174654946983e-01,1.000000000000000000e+00,7.905836917311735590e+01,2.180422720358966338e+00,1.000000000000000000e+00,1.073022839376031641e+02,2.976197435818442649e+00,1.000000000000000000e+00,1.863606531107205342e+02
3.000000000000000000e+00,0.000000000000000000e+00,1.178097245096172418e+00,0.000000000000000000e+00,5.829968477313571817e+00,-7.906383612118450532e-01,0.000000000000000000e+00,3.615172315651183794e+02,9.994930426171027449e+00,0.000000000000000000e+00,3.602704048048178720e+02,9.994930426171027449e+00,0.000000000000000000e+00,7.217876363699363083e+02
4.000000000000000000e+00,0.000000000000000000e+00,1.570796326794896558e+00,0.000000000000000000e+00,5.651455833665033346e+00,-8.710124551289030181e-01,0.000000000000000000e+00,3.618666937926469132e+02,9.994930426171027449e+00,0.000000000000000000e+00,3.604178287740045334e+02,9.994930426171027449e+00,0.000000000000000000e+00,7.222845225666515034e+02
5.000000000000000000e+00,0.000000000000000000e+00,1.963495408493620697e+00,0.000000000000000000e+00,5.504946194246826074e+00,-8.384243973901960301e-01,0.000000000000000000e+00,3.617427520170832054e+02,9.994930426171027449e+00,0.000000000000000000e+00,3.603975948327194487e+02,9.994930426171027449e+00,0.000000000000000000e+00,7.221403468498026541e+02
6.000000000000000000e+00,0.000000000000000000e+00,2.356194490192344837e+00,0.000000000000000000e+00,5.538722097446718173e+00,-6.408838676898084286e-01,0.000000000000000000e+00,3.613232943964516153e+02,9.994930426171027449e+00,0.000000000000000000e+00,3.606393177021867018e+02,9.994930426171027449e+00,0.000000000000000000e+00,7.219626120986383739e+02
7.000000000000000000e+00,0.000000000000000000e+00,2.748893571891068976e+00,0.000000000000000000e+00,5.649769815532941664e+00,-3.565741267744043652e-01,0.000000000000000000e+00,3.611068151328887552e+02,9.994930426171027449e+00,0.000000000000000000e+00,3.606908117100792879e+02,9.994930426171027449e+00,0.000000000000000000e+00,7.217976268429680431e+02
8.000000000000000000e+00,0.000000000000000000e+00,3.141592653589793116e+00,0.000000000000000000e+00,5.706647884533838422e+00,-1.153129536000322219e-16,0.000000000000000000e+00,3.608827592622155862e+02,9.994930426171027449e+00,0.000000000000000000e+00,3.608829158782889976e+02,9.994930426171027449e+00,0.000000000000000000e+00,7.217656751405045270e+02
9.000000000000000000e+00,0.000000000000000000e+00,3.534291735288517255e+00,0.000000000000000000e+00,5.649769815532941664e+00,3.565741267744041432e-01,0.000000000000000000e+00,3.606910763597194318e+02,9.994930426171027449e+00,0.000000000000000000e+00,3.611066980540880991e+02,9.994930426171027449e+00,0.000000000000000000e+00,7.217977744138074740e+02
1.000000000000000000e+01,0.000000000000000000e+00,3.926990816987241395e+00,0.000000000000000000e+00,5.538722097446718173e+00,6.408838676898082065e-01,0.000000000000000000e+00,3.606393159390100323e+02,9.994930426171027449e+00,0.000000000000000000e+00,3.613232951263015593e+02,9.994930426171027449e+00,0.000000000000000000e+00,7.219626110653116484e+02
1.100000000000000000e+01,0.000000000000000000e+00,4.319689898685965090e+00,0.000000000000000000e+00,5.504946194246826074e+00,8.384243973901959190e-01,0.000000000000000000e+00,3.603975925000211760e+02,9.994930426171027449e+00,0.000000000000000000e+00,3.617427522677031675e+02,9.994930426171027449e+00,0.000000000000000000e+00,7.221403447677244003e+02
1.200000000000000000e+01,0.000000000000000000e+00,4.712388980384689674e+00,0.000000000000000000e+00,5.651455833665033346e+00,8.710124551289030181e-01,0.000000000000000000e+00,3.604171651678150283e+02,9.994930426171027449e+00,0.000000000000000000e+00,3.618666826126386695e+02,9.994930426171027449e+00,0.000000000000000000e+00,7.222838477804536979e+02
1.300000000000000000e+01,0.000000000000000000e+00,5.105088062083414258e+00,0.000000000000000000e+00,5.829968477313571817e+00,7.906383612118449422e-01,0.000000000000000000e+00,3.602702073577741544e+02,9.994930426171027449e+00,0.000000000000000000e+00,3.615171211102303914e+02,9.994930426171027449e+00,0.000000000000000000e+00,7.217873284680044890e+02
1.400000000000000000e+01,0.000000000000000000e+00,5.497787143782137953e+00,0.000000000000000000e+00,6.020931956769576487e+00,6.134997174654948093e-01,1.000000000000000000e+00,1.073020096005574260e+02,2.976197435818442649e+00,1.000000000000000000e+00,7.905836255304993188e+01,2.180422720358966338e+00,1.000000000000000000e+00,1.863603721536073579e+02
1.500000000000000000e+01,0.000000000000000000e+00,5.890486225480861648e+00,0.000000000000000000e+00,6.163678890458307080e+00,3.351956666951252384e-01,1.000000000000000000e+00,7.115120586082167620e+01,1.973521294339502408e+00,1.000000000000000000e+00,1.507907400329909535e+02,4.169859509007658005e+00,1.000000000000000000e+00,2.219419458938126297e+02
1.600000000000000000e+01,1.000000000000000000e+00,0.000000000000000000e+00,6.283185307179586232e-01,5.972781323103095730e+00,-8.350436141931173851e-19,1.000000000000000000e+00,7.473366296577893308e+01,2.069014260194639299e+00,1.000000000000000000e+00,1.072505462041808073e+02,2.976197435818442649e+00,1.000000000000000000e+00,1.819842091699597404e+02
1.700000000000000000e+01,1.000000000000000000e+00,3.926990816987241395e-01,6.283185307179586232e-01,5.883182450035969069e+00,-1.153456022548714904e-01,0.000000000000000000e+00,3.611113747180315841e+02,9.994930426171027449e+00,0.000000000000000000e+00,3.607103070466213808e+02,9.994930426171029225e+00,0.000000000000000000e+00,7.218216817646530217e+02
1.800000000000000000e+01,1.000000000000000000e+00,7.853981633974482790e-01,6.283185307179586232e-01,5.694290375836204454e+00,-2.180975507557883775e-01,0.000000000000000000e+00,3.614691187897911959e+02,9.994930426171027449e+00,0.000000000000000000e+00,3.607903703333645353e+02,9.994930426171029225e+00,0.000000000000000000e+00,7.222594891231557312e+02
1.900000000000000000e+01,1.000000000000000000e+00,1.178097245096172418e+00,6.283185307179586232e-01,5.450632711593364377e+00,-3.229251078676579900e-01,0.000000000000000000e+00,3.615156405371498636e+02,9.994930426171027449e+00,0.000000000000000000e+00,3.605625682739139393e+02,9.994930426171029225e+00,0.000000000000000000e+00,7.220782088110638597e+02
2.000000000000000000e+01,1.000000000000000000e+00,1.570796326794896558e+00,6.283185307179586232e-01,5.192794395944232200e+00,-4.239716037990829411e-01,0.000000000000000000e+00,3.615707140460642108e+02,9.994930426171027449e+00,0.000000000000000000e+00,3.605808633505980652e+02,9.994930426171029225e+00,0.000000000000000000e+00,7.221515773966623328e+02
2.100000000000000000e+01,1.000000000000000000e+00,1.963495408493620697e+00,6.283185307179586232e-01,4.945777840056867269e+00,-4.666391181792770015e-01,0.000000000000000000e+00,3.615431618873325306e+02,9.994930426171027449e+00,0.000000000000000000e+00,3.607430834207615931e+02,9.994930426171029225e+00,0.000000000000000000e+00,7.222862453080940668e+02
2.200000000000000000e+01,1.000000000000000000e+00,2.356194490192344837e+00,6.283185307179586232e-01,4.750585289379439580e+00,-3.866527146231291678e-01,0.000000000000000000e+00,3.613253033881838974e+02,9.994930426171027449e+00,0.000000000000000000e+00,3.607630489052089047e+02,9.994930426171029225e+00,0.000000000000000000e+00,7.220883522933927452e+02
2.300000000000000000e+01,1.000000000000000000e+00,2.748893571891068976e+00,6.283185307179586232e-01,4.652127159472150275e+00,-2.107040083122155294e-01,0.000000000000000000e+00,3.610561837286581977e+02,9.994930426171027449e+00,0.000000000000000000e+00,3.609212116208336170e+02,9.994930426171029225e+00,0.000000000000000000e+00,7.219773953494918715e+02
2.400000000000000000e+01,1.000000000000000000e+00,3.141592653589793116e+00,6.283185307179586232e-01,4.628443350013359492e+00,-2.450204718462880078e-17,0.000000000000000000e+00,3.609916746607599976e+02,9.994930426171027449e+00,0.000000000000000000e+00,3.609916645256348033e+02,9.994930426171029225e+00,0.000000000000000000e+00,7.219833391863948009e+02
2.500000000000000000e+01,1.000000000000000000e+00,3.534291735288517255e+00,6.283185307179586232e-01,4.652127159472149387e+00,2.107040083122154739e-01,0.000000000000000000e+00,3.609212123676192050e+02,9.994930426171027449e+00,0.000000000000000000e+00,3.610561535992068798e+02,9.994930426171029225e+00,0.000000000000000000e+00,7.219773659668260279e+02
2.600000000000000000e+01,1.000000000000000000e+00,3.926990816987241395e+00,6.283185307179586232e-01,4.750585289379439580e+00,3.866527146231291678e-01,0.000000000000000000e+00,3.607620056053191888e+02,9.994930426171027449e+00,0.000000000000000000e+00,3.613253863039384441e+02,9.994930426171029225e+00,0.000000000000000000e+00,7.220873919092575761e+02
2.700000000000000000e+01,1.000000000000000000e+00,4.319689898685965090e+00,6.283185307179586232e-01,4.945777840056867269e+00,4.666391181792771126e-01,0.000000000000000000e+00,3.607430834066034322e+02,9.994930426171027449e+00,0.000000000000000000e+00,3.615432114024071666e+02,9.994930426171029225e+00,0.000000000000000000e+00,7.222862948090105419e+02
2.800000000000000000e+01,1.000000000000000000e+00,4.712388980384689674e+00,6.283185307179586232e-01,5.192794395944232200e+00,4.239716037990831077e-01,0.000000000000000000e+00,3.605806763617956676e+02,9.994930426171027449e+00,0.000000000000000000e+00,3.615706300250373602e+02,9.994930426171029225e+00,0.000000000000000000e+00,7.221513063868330846e+02
2.900000000000000000e+01,1.000000000000000000e+00,5.105088062083414258e+00,6.283185307179586232e-01,5.450632711593364377e+00,3.229251078676579345e-01,0.000000000000000000e+00,3.605626402544620532e+02,9.994930426171027449e+00,0.000000000000000000e+00,3.615174230680549954e+02,9.994930426171029225e+00,0.000000000000000000e+00,7.220800633225170486e+02
3.000000000000000000e+01,1.000000000000000000e+00,5.497787143782137953e+00,6.283185307179586232e-01,5.694290375836204454e+00,2.180975507557885440e-01,0.000000000000000000e+00,3.607904854341146574e+02,9.994930426171027449e+00,0.000000000000000000e+00,3.614670626536970985e+02,9.994930426171029225e+00,0.000000000000000000e+00,7.222575480878117560e+02
3.100000000000000000e+01,1.000000000000000000e+00,5.890486225480861648e+00,6.283185307179586232e-01,5.883182450035969069e+00,1.153456022548716570e-01,0.000000000000000000e+00,3.607103714466231281e+02,9.994930426171027449e+00,0.000000000000000000e+00,3.611139912855868488e+02,9.994930426171029225e+00,0.000000000000000000e+00,7.218243627322099201e+02
