population_code,connection_length_m,Te_eV,chi_perp_m2_s,sound_speed_m_s,lambda_far_m
0.000000000000000000e+00,2.219426364254974544e+02,1.000000000000000000e+02,1.000000000000000000e+00,8.753894284488925769e+04,5.035234735203453910e-02
0.000000000000000000e+00,2.219426364254974544e+02,1.000000000000000000e+02,2.000000000000000000e+00,8.753894284488925769e+04,7.120897252256823406e-02
0.000000000000000000e+00,2.219426364254974544e+02,1.000000000000000000e+02,3.000000000000000000e+00,8.753894284488925769e+04,8.721282389408004099e-02
0.000000000000000000e+00,2.219426364254974544e+02,1.500000000000000000e+02,1.000000000000000000e+00,1.072128712963195576e+05,4.549848195375726795e-02
0.000000000000000000e+00,2.219426364254974544e+02,1.500000000000000000e+02,2.000000000000000000e+00,1.072128712963195576e+05,6.434457024639105016e-02
0.000000000000000000e+00,2.219426364254974544e+02,1.500000000000000000e+02,3.000000000000000000e+00,1.072128712963195576e+05,7.880568241116327199e-02
0.000000000000000000e+00,2.219426364254974544e+02,2.000000000000000000e+02,1.000000000000000000e+00,1.237987602070456051e+05,4.234110838793570669e-02
0.000000000000000000e+00,2.219426364254974544e+02,2.000000000000000000e+02,2.000000000000000000e+00,1.237987602070456051e+05,5.987936972812789305e-02
0.000000000000000000e+00,2.219426364254974544e+02,2.000000000000000000e+02,3.000000000000000000e+00,1.237987602070456051e+05,7.333695097668539720e-02
0.000000000000000000e+00,1.863606531107205342e+02,1.000000000000000000e+02,1.000000000000000000e+00,8.753894284488925769e+04,4.613988025671839771e-02
0.000000000000000000e+00,1.863606531107205342e+02,1.000000000000000000e+02,2.000000000000000000e+00,8.753894284488925769e+04,6.525164442532176146e-02
0.000000000000000000e+00,1.863606531107205342e+02,1.000000000000000000e+02,3.000000000000000000e+00,8.753894284488925769e+04,7.991661685978039553e-02
0.000000000000000000e+00,1.863606531107205342e+02,1.500000000000000000e+02,1.000000000000000000e+00,1.072128712963195576e+05,4.169208824628906074e-02
0.000000000000000000e+00,1.863606531107205342e+02,1.500000000000000000e+02,2.000000000000000000e+00,1.072128712963195576e+05,5.896151664155790256e-02
0.000000000000000000e+00,1.863606531107205342e+02,1.500000000000000000e+02,3.000000000000000000e+00,1.072128712963195576e+05,7.221281511621788218e-02
0.000000000000000000e+00,1.863606531107205342e+02,2.000000000000000000e+02,1.000000000000000000e+00,1.237987602070456051e+05,3.879885990811013374e-02
0.000000000000000000e+00,1.863606531107205342e+02,2.000000000000000000e+02,2.000000000000000000e+00,1.237987602070456051e+05,5.486987388666308973e-02
0.000000000000000000e+00,1.863606531107205342e+02,2.000000000000000000e+02,3.000000000000000000e+00,1.237987602070456051e+05,6.720159663659390492e-02
0.000000000000000000e+00,1.863603721536073579e+02,1.000000000000000000e+02,1.000000000000000000e+00,8.753894284488925769e+04,4.613984547648922879e-02
0.000000000000000000e+00,1.863603721536073579e+02,1.000000000000000000e+02,2.000000000000000000e+00,8.753894284488925769e+04,6.525159523864997035e-02
0.000000000000000000e+00,1.863603721536073579e+02,1.000000000000000000e+02,3.000000000000000000e+00,8.753894284488925769e+04,7.991655661865637583e-02
0.000000000000000000e+00,1.863603721536073579e+02,1.500000000000000000e+02,1.000000000000000000e+00,1.072128712963195576e+05,4.169205681880430725e-02
0.000000000000000000e+00,1.863603721536073579e+02,1.500000000000000000e+02,2.000000000000000000e+00,1.072128712963195576e+05,5.896147219638272347e-02
0.000000000000000000e+00,1.863603721536073579e+02,1.500000000000000000e+02,3.000000000000000000e+00,1.072128712963195576e+05,7.221276068221751943e-02
0.000000000000000000e+00,1.863603721536073579e+02,2.000000000000000000e+02,1.000000000000000000e+00,1.237987602070456051e+05,3.879883066154010685e-02
0.000000000000000000e+00,1.863603721536073579e+02,2.000000000000000000e+02,2.000000000000000000e+00,1.237987602070456051e+05,5.486983252576710379e-02
0.000000000000000000e+00,1.863603721536073579e+02,2.000000000000000000e+02,3.000000000000000000e+00,1.237987602070456051e+05,6.720154598004866864e-02
0.000000000000000000e+00,2.219419458938126297e+02,1.000000000000000000e+02,1.000000000000000000e+00,8.753894284488925769e+04,5.035226902116747560e-02
0.000000000000000000e+00,2.219419458938126297e+02,1.000000000000000000e+02,2.000000000000000000e+00,8.753894284488925769e+04,7.120886174599369567e-02
0.000000000000000000e+00,2.219419458938126297e+02,1.000000000000000000e+02,3.000000000000000000e+00,8.753894284488925769e+04,8.721268822103848961e-02
0.000000000000000000e+00,2.219419458938126297e+02,1.500000000000000000e+02,1.000000000000000000e+00,1.072128712963195576e+05,4.549841117382885658e-02
0.000000000000000000e+00,2.219419458938126297e+02,1.500000000000000000e+02,2.000000000000000000e+00,1.072128712963195576e+05,6.434447014845634527e-02
0.000000000000000000e+00,2.219419458938126297e+02,1.500000000000000000e+02,3.000000000000000000e+00,1.072128712963195576e+05,7.880555981673109667e-02
0.000000000000000000e+00,2.219419458938126297e+02,2.000000000000000000e+02,1.000000000000000000e+00,1.237987602070456051e+05,4.234104251979039363e-02
0.000000000000000000e+00,2.219419458938126297e+02,2.000000000000000000e+02,2.000000000000000000e+00,1.237987602070456051e+05,5.987927657650345820e-02
0.000000000000000000e+00,2.219419458938126297e+02,2.000000000000000000e+02,3.000000000000000000e+00,1.237987602070456051e+05,7.333683688971111281e-02
0.000000000000000000e+00,1.819842091699597404e+02,1.000000000000000000e+02,1.000000000000000000e+00,8.753894284488925769e+04,4.559489333708392073e-02
0.000000000000000000e+00,1.819842091699597404e+02,1.000000000000000000e+02,2.000000000000000000e+00,8.753894284488925769e+04,6.448091653225875020e-02
0.000000000000000000e+00,1.819842091699597404e+02,1.000000000000000000e+02,3.000000000000000000e+00,8.753894284488925769e+04,7.897267182551302722e-02
0.000000000000000000e+00,1.819842091699597404e+02,1.500000000000000000e+02,1.000000000000000000e+00,1.072128712963195576e+05,4.119963697376619743e-02
0.000000000000000000e+00,1.819842091699597404e+02,1.500000000000000000e+02,2.000000000000000000e+00,1.072128712963195576e+05,5.826508537314817326e-02
0.000000000000000000e+00,1.819842091699597404e+02,1.500000000000000000e+02,3.000000000000000000e+00,1.072128712963195576e+05,7.135986449195630410e-02
0.000000000000000000e+00,1.819842091699597404e+02,2.000000000000000000e+02,1.000000000000000000e+00,1.237987602070456051e+05,3.834058236102934336e-02
0.000000000000000000e+00,1.819842091699597404e+02,2.000000000000000000e+02,2.000000000000000000e+00,1.237987602070456051e+05,5.422177156425035671e-02
0.000000000000000000e+00,1.819842091699597404e+02,2.000000000000000000e+02,3.000000000000000000e+00,1.237987602070456051e+05,6.640783664108192152e-02
1.000000000000000000e+00,7.213898974080697144e+02,1.000000000000000000e+02,1.000000000000000000e+00,8.753894284488925769e+04,9.077878780967073291e-02
1.000000000000000000e+00,7.213898974080697144e+02,1.000000000000000000e+02,2.000000000000000000e+00,8.753894284488925769e+04,1.283805928962257481e-01
1.000000000000000000e+00,7.213898974080697144e+02,1.000000000000000000e+02,3.000000000000000000e+00,8.753894284488925769e+04,1.572334727358639384e-01
1.000000000000000000e+00,7.213898974080697144e+02,1.500000000000000000e+02,1.000000000000000000e+00,1.072128712963195576e+05,8.202789455009143471e-02
1.000000000000000000e+00,7.213898974080697144e+02,1.500000000000000000e+02,2.000000000000000000e+00,1.072128712963195576e+05,1.160049609656493841e-01
1.000000000000000000e+00,7.213898974080697144e+02,1.500000000000000000e+02,3.000000000000000000e+00,1.072128712963195576e+05,1.420764809986605481e-01
1.000000000000000000e+00,7.213898974080697144e+02,2.000000000000000000e+02,1.000000000000000000e+00,1.237987602070456051e+05,7.633555725022971028e-02
1.000000000000000000e+00,7.213898974080697144e+02,2.000000000000000000e+02,2.000000000000000000e+00,1.237987602070456051e+05,1.079547803545827106e-01
1.000000000000000000e+00,7.213898974080697144e+02,2.000000000000000000e+02,3.000000000000000000e+00,1.237987602070456051e+05,1.322170635814806372e-01
1.000000000000000000e+00,7.217876363699363083e+02,1.000000000000000000e+02,1.000000000000000000e+00,8.753894284488925769e+04,9.080380984388508603e-02
1.000000000000000000e+00,7.217876363699363083e+02,1.000000000000000000e+02,2.000000000000000000e+00,8.753894284488925769e+04,1.284159793963698393e-01
1.000000000000000000e+00,7.217876363699363083e+02,1.000000000000000000e+02,3.000000000000000000e+00,8.753894284488925769e+04,1.572768121704319622e-01
1.000000000000000000e+00,7.217876363699363083e+02,1.500000000000000000e+02,1.000000000000000000e+00,1.072128712963195576e+05,8.205050451034191783e-02
1.000000000000000000e+00,7.217876363699363083e+02,1.500000000000000000e+02,2.000000000000000000e+00,1.072128712963195576e+05,1.160369362780803437e-01
1.000000000000000000e+00,7.217876363699363083e+02,1.500000000000000000e+02,3.000000000000000000e+00,1.072128712963195576e+05,1.421156425985715399e-01
1.000000000000000000e+00,7.217876363699363083e+02,2.000000000000000000e+02,1.000000000000000000e+00,1.237987602070456051e+05,7.635659818910292551e-02
1.000000000000000000e+00,7.217876363699363083e+02,2.000000000000000000e+02,2.000000000000000000e+00,1.237987602070456051e+05,1.079845367357022690e-01
1.000000000000000000e+00,7.217876363699363083e+02,2.000000000000000000e+02,3.000000000000000000e+00,1.237987602070456051e+05,1.322535075566479978e-01
1.000000000000000000e+00,7.222845225666515034e+02,1.000000000000000000e+02,1.000000000000000000e+00,8.753894284488925769e+04,9.083505961528123840e-02
1.000000000000000000e+00,7.222845225666515034e+02,1.000000000000000000e+02,2.000000000000000000e+00,8.753894284488925769e+04,1.284601732468993451e-01
1.000000000000000000e+00,7.222845225666515034e+02,1.000000000000000000e+02,3.000000000000000000e+00,8.753894284488925769e+04,1.573309383622149837e-01
1.000000000000000000e+00,7.222845225666515034e+02,1.500000000000000000e+02,1.000000000000000000e+00,1.072128712963195576e+05,8.207874186638783320e-02
1.000000000000000000e+00,7.222845225666515034e+02,1.500000000000000000e+02,2.000000000000000000e+00,1.072128712963195576e+05,1.160768699299660339e-01
1.000000000000000000e+00,7.222845225666515034e+02,1.500000000000000000e+02,3.000000000000000000e+00,1.072128712963195576e+05,1.421645511339144630e-01
1.000000000000000000e+00,7.222845225666515034e+02,2.000000000000000000e+02,1.000000000000000000e+00,1.237987602070456051e+05,7.638287600984744463e-02
1.000000000000000000e+00,7.222845225666515034e+02,2.000000000000000000e+02,2.000000000000000000e+00,1.237987602070456051e+05,1.080216991861887854e-01
1.000000000000000000e+00,7.222845225666515034e+02,2.000000000000000000e+02,3.000000000000000000e+00,1.237987602070456051e+05,1.322990220772896908e-01
1.000000000000000000e+00,7.221403468498026541e+02,1.000000000000000000e+02,1.000000000000000000e+00,8.753894284488925769e+04,9.082599333805461972e-02
1.000000000000000000e+00,7.221403468498026541e+02,1.000000000000000000e+02,2.000000000000000000e+00,8.753894284488925769e+04,1.284473515946852329e-01
1.000000000000000000e+00,7.221403468498026541e+02,1.000000000000000000e+02,3.000000000000000000e+00,8.753894284488925769e+04,1.573152351094229684e-01
1.000000000000000000e+00,7.221403468498026541e+02,1.500000000000000000e+02,1.000000000000000000e+00,1.072128712963195576e+05,8.207054956012058144e-02
1.000000000000000000e+00,7.221403468498026541e+02,1.500000000000000000e+02,2.000000000000000000e+00,1.072128712963195576e+05,1.160652842593357659e-01
1.000000000000000000e+00,7.221403468498026541e+02,1.500000000000000000e+02,3.000000000000000000e+00,1.072128712963195576e+05,1.421503616432283901e-01
1.000000000000000000e+00,7.221403468498026541e+02,2.000000000000000000e+02,1.000000000000000000e+00,1.237987602070456051e+05,7.637525220982789576e-02
1.000000000000000000e+00,7.221403468498026541e+02,2.000000000000000000e+02,2.000000000000000000e+00,1.237987602070456051e+05,1.080109175048042935e-01
1.000000000000000000e+00,7.221403468498026541e+02,2.000000000000000000e+02,3.000000000000000000e+00,1.237987602070456051e+05,1.322858172683090694e-01
1.000000000000000000e+00,7.219626120986383739e+02,1.000000000000000000e+02,1.000000000000000000e+00,8.753894284488925769e+04,9.081481550482495280e-02
1.000000000000000000e+00,7.219626120986383739e+02,1.000000000000000000e+02,2.000000000000000000e+00,8.753894284488925769e+04,1.284315437513338654e-01
1.000000000000000000e+00,7.219626120986383739e+02,1.000000000000000000e+02,3.000000000000000000e+00,8.753894284488925769e+04,1.572958745343506215e-01
1.000000000000000000e+00,7.219626120986383739e+02,1.500000000000000000e+02,1.000000000000000000e+00,1.072128712963195576e+05,8.206044924761822512e-02
1.000000000000000000e+00,7.219626120986383739e+02,1.500000000000000000e+02,2.000000000000000000e+00,1.072128712963195576e+05,1.160510002604107360e-01
1.000000000000000000e+00,7.219626120986383739e+02,1.500000000000000000e+02,3.000000000000000000e+00,1.072128712963195576e+05,1.421328673888020144e-01
1.000000000000000000e+00,7.219626120986383739e+02,2.000000000000000000e+02,1.000000000000000000e+00,1.237987602070456051e+05,7.636585280993474223e-02
1.000000000000000000e+00,7.219626120986383739e+02,2.000000000000000000e+02,2.000000000000000000e+00,1.237987602070456051e+05,1.079976247459972505e-01
1.000000000000000000e+00,7.219626120986383739e+02,2.000000000000000000e+02,3.000000000000000000e+00,1.237987602070456051e+05,1.322695370301334716e-01
1.000000000000000000e+00,7.217976268429680431e+02,1.000000000000000000e+02,1.000000000000000000e+00,8.753894284488925769e+04,9.080443826270845342e-02
1.000000000000000000e+00,7.217976268429680431e+02,1.000000000000000000e+02,2.000000000000000000e+00,8.753894284488925769e+04,1.284168681147926927e-01
1.000000000000000000e+00,7.217976268429680431e+02,1.000000000000000000e+02,3.000000000000000000e+00,8.753894284488925769e+04,1.572779006237624566e-01
1.000000000000000000e+00,7.217976268429680431e+02,1.500000000000000000e+02,1.000000000000000000e+00,1.072128712963195576e+05,8.205107235084982409e-02
1.000000000000000000e+00,7.217976268429680431e+02,1.500000000000000000e+02,2.000000000000000000e+00,1.072128712963195576e+05,1.160377393258278794e-01
1.000000000000000000e+00,7.217976268429680431e+02,1.500000000000000000e+02,3.000000000000000000e+00,1.072128712963195576e+05,1.421166261271818165e-01
1.000000000000000000e+00,7.217976268429680431e+02,2.000000000000000000e+02,1.000000000000000000e+00,1.237987602070456051e+05,7.635712662423876917e-02
1.000000000000000000e+00,7.217976268429680431e+02,2.000000000000000000e+02,2.000000000000000000e+00,1.237987602070456051e+05,1.079852840558382238e-01
1.000000000000000000e+00,7.217976268429680431e+02,2.000000000000000000e+02,3.000000000000000000e+00,1.237987602070456051e+05,1.322544228331517802e-01
1.000000000000000000e+00,7.217656751405045270e+02,1.000000000000000000e+02,1.000000000000000000e+00,8.753894284488925769e+04,9.080242842754480959e-02
1.000000000000000000e+00,7.217656751405045270e+02,1.000000000000000000e+02,2.000000000000000000e+00,8.753894284488925769e+04,1.284140257786461348e-01
1.000000000000000000e+00,7.217656751405045270e+02,1.000000000000000000e+02,3.000000000000000000e+00,8.753894284488925769e+04,1.572744194871441570e-01
1.000000000000000000e+00,7.217656751405045270e+02,1.500000000000000000e+02,1.000000000000000000e+00,1.072128712963195576e+05,8.204925625976902670e-02
1.000000000000000000e+00,7.217656751405045270e+02,1.500000000000000000e+02,2.000000000000000000e+00,1.072128712963195576e+05,1.160351709851909219e-01
1.000000000000000000e+00,7.217656751405045270e+02,1.500000000000000000e+02,3.000000000000000000e+00,1.072128712963195576e+05,1.421134805651587119e-01
1.000000000000000000e+00,7.217656751405045270e+02,2.000000000000000000e+02,1.000000000000000000e+00,1.237987602070456051e+05,7.635543656105442389e-02
1.000000000000000000e+00,7.217656751405045270e+02,2.000000000000000000e+02,2.000000000000000000e+00,1.237987602070456051e+05,1.079828939455616393e-01
1.000000000000000000e+00,7.217656751405045270e+02,2.000000000000000000e+02,3.000000000000000000e+00,1.237987602070456051e+05,1.322514955578484586e-01
1.000000000000000000e+00,7.217977744138074740e+02,1.000000000000000000e+02,1.000000000000000000e+00,8.753894284488925769e+04,9.080444754514857553e-02
1.000000000000000000e+00,7.217977744138074740e+02,1.000000000000000000e+02,2.000000000000000000e+00,8.753894284488925769e+04,1.284168812421453976e-01
1.000000000000000000e+00,7.217977744138074740e+02,1.000000000000000000e+02,3.000000000000000000e+00,8.753894284488925769e+04,1.572779167014203283e-01
1.000000000000000000e+00,7.217977744138074740e+02,1.500000000000000000e+02,1.000000000000000000e+00,1.072128712963195576e+05,8.205108073848130235e-02
1.000000000000000000e+00,7.217977744138074740e+02,1.500000000000000000e+02,2.000000000000000000e+00,1.072128712963195576e+05,1.160377511877300899e-01
1.000000000000000000e+00,7.217977744138074740e+02,1.500000000000000000e+02,3.000000000000000000e+00,1.072128712963195576e+05,1.421166406549856931e-01
1.000000000000000000e+00,7.217977744138074740e+02,2.000000000000000000e+02,1.000000000000000000e+00,1.237987602070456051e+05,7.635713442980938959e-02
1.000000000000000000e+00,7.217977744138074740e+02,2.000000000000000000e+02,2.000000000000000000e+00,1.237987602070456051e+05,1.079852950945820456e-01
1.000000000000000000e+00,7.217977744138074740e+02,2.000000000000000000e+02,3.000000000000000000e+00,1.237987602070456051e+05,1.322544363527966838e-01
1.000000000000000000e+00,7.219626110653116484e+02,1.000000000000000000e+02,1.000000000000000000e+00,8.753894284488925769e+04,9.081481543983448146e-02
1.000000000000000000e+00,7.219626110653116484e+02,1.000000000000000000e+02,2.000000000000000000e+00,8.753894284488925769e+04,1.284315436594234694e-01
1.000000000000000000e+00,7.219626110653116484e+02,1.000000000000000000e+02,3.000000000000000000e+00,8.753894284488925769e+04,1.572958744217838600e-01
1.000000000000000000e+00,7.219626110653116484e+02,1.500000000000000000e+02,1.000000000000000000e+00,1.072128712963195576e+05,8.206044918889270068e-02
1.000000000000000000e+00,7.219626110653116484e+02,1.500000000000000000e+02,2.000000000000000000e+00,1.072128712963195576e+05,1.160510001773603084e-01
1.000000000000000000e+00,7.219626110653116484e+02,1.500000000000000000e+02,3.000000000000000000e+00,1.072128712963195576e+05,1.421328672870864340e-01
1.000000000000000000e+00,7.219626110653116484e+02,2.000000000000000000e+02,1.000000000000000000e+00,1.237987602070456051e+05,7.636585275528449956e-02
1.000000000000000000e+00,7.219626110653116484e+02,2.000000000000000000e+02,2.000000000000000000e+00,1.237987602070456051e+05,1.079976246687101293e-01
1.000000000000000000e+00,7.219626110653116484e+02,2.000000000000000000e+02,3.000000000000000000e+00,1.237987602070456051e+05,1.322695369354764672e-01
1.000000000000000000e+00,7.221403447677244003e+02,1.000000000000000000e+02,1.000000000000000000e+00,8.753894284488925769e+04,9.082599320711966240e-02
1.000000000000000000e+00,7.221403447677244003e+02,1.000000000000000000e+02,2.000000000000000000e+00,8.753894284488925769e+04,1.284473514095152424e-01
1.000000000000000000e+00,7.221403447677244003e+02,1.000000000000000000e+02,3.000000000000000000e+00,8.753894284488925769e+04,1.573152348826369895e-01
1.000000000000000000e+00,7.221403447677244003e+02,1.500000000000000000e+02,1.000000000000000000e+00,1.072128712963195576e+05,8.207054944180748601e-02
1.000000000000000000e+00,7.221403447677244003e+02,1.500000000000000000e+02,2.000000000000000000e+00,1.072128712963195576e+05,1.160652840920158024e-01
1.000000000000000000e+00,7.221403447677244003e+02,1.500000000000000000e+02,3.000000000000000000e+00,1.072128712963195576e+05,1.421503614383041181e-01
1.000000000000000000e+00,7.221403447677244003e+02,2.000000000000000000e+02,1.000000000000000000e+00,1.237987602070456051e+05,7.637525209972514939e-02
1.000000000000000000e+00,7.221403447677244003e+02,2.000000000000000000e+02,2.000000000000000000e+00,1.237987602070456051e+05,1.080109173490955143e-01
1.000000000000000000e+00,7.221403447677244003e+02,2.000000000000000000e+02,3.000000000000000000e+00,1.237987602070456051e+05,1.322858170776055331e-01
1.000000000000000000e+00,7.222838477804536979e+02,1.000000000000000000e+02,1.000000000000000000e+00,8.753894284488925769e+04,9.083501718445453899e-02
1.000000000000000000e+00,7.222838477804536979e+02,1.000000000000000000e+02,2.000000000000000000e+00,8.753894284488925769e+04,1.284601132406487656e-01
1.000000000000000000e+00,7.222838477804536979e+02,1.000000000000000000e+02,3.000000000000000000e+00,8.753894284488925769e+04,1.573308648698673318e-01
1.000000000000000000e+00,7.222838477804536979e+02,1.500000000000000000e+02,1.000000000000000000e+00,1.072128712963195576e+05,8.207870352580780293e-02
1.000000000000000000e+00,7.222838477804536979e+02,1.500000000000000000e+02,2.000000000000000000e+00,1.072128712963195576e+05,1.160768157081977642e-01
1.000000000000000000e+00,7.222838477804536979e+02,1.500000000000000000e+02,3.000000000000000000e+00,1.072128712963195576e+05,1.421644847260818689e-01
1.000000000000000000e+00,7.222838477804536979e+02,2.000000000000000000e+02,1.000000000000000000e+00,1.237987602070456051e+05,7.638284032991736472e-02
1.000000000000000000e+00,7.222838477804536979e+02,2.000000000000000000e+02,2.000000000000000000e+00,1.237987602070456051e+05,1.080216487271477566e-01
1.000000000000000000e+00,7.222838477804536979e+02,2.000000000000000000e+02,3.000000000000000000e+00,1.237987602070456051e+05,1.322989602778379958e-01
1.000000000000000000e+00,7.217873284680044890e+02,1.000000000000000000e+02,1.000000000000000000e+00,8.753894284488925769e+04,9.080379047622759436e-02
1.000000000000000000e+00,7.217873284680044890e+02,1.000000000000000000e+02,2.000000000000000000e+00,8.753894284488925769e+04,1.284159520063659354e-01
1.000000000000000000e+00,7.217873284680044890e+02,1.000000000000000000e+02,3.000000000000000000e+00,8.753894284488925769e+04,1.572767786246651311e-01
1.000000000000000000e+00,7.217873284680044890e+02,1.500000000000000000e+02,1.000000000000000000e+00,1.072128712963195576e+05,8.205048700968779751e-02
1.000000000000000000e+00,7.217873284680044890e+02,1.500000000000000000e+02,2.000000000000000000e+00,1.072128712963195576e+05,1.160369115284179409e-01
1.000000000000000000e+00,7.217873284680044890e+02,1.500000000000000000e+02,3.000000000000000000e+00,1.072128712963195576e+05,1.421156122865494253e-01
1.000000000000000000e+00,7.217873284680044890e+02,2.000000000000000000e+02,1.000000000000000000e+00,1.237987602070456051e+05,7.635658190290917080e-02
1.000000000000000000e+00,7.217873284680044890e+02,2.000000000000000000e+02,2.000000000000000000e+00,1.237987602070456051e+05,1.079845137035461700e-01
1.000000000000000000e+00,7.217873284680044890e+02,2.000000000000000000e+02,3.000000000000000000e+00,1.237987602070456051e+05,1.322534793481329463e-01
1.000000000000000000e+00,7.218216817646530217e+02,1.000000000000000000e+02,1.000000000000000000e+00,8.753894284488925769e+04,9.080595134294830451e-02
1.000000000000000000e+00,7.218216817646530217e+02,1.000000000000000000e+02,2.000000000000000000e+00,8.753894284488925769e+04,1.284190079333888679e-01
1.000000000000000000e+00,7.218216817646530217e+02,1.000000000000000000e+02,3.000000000000000000e+00,8.753894284488925769e+04,1.572805213556137949e-01
1.000000000000000000e+00,7.218216817646530217e+02,1.500000000000000000e+02,1.000000000000000000e+00,1.072128712963195576e+05,8.205243957318616999e-02
1.000000000000000000e+00,7.218216817646530217e+02,1.500000000000000000e+02,2.000000000000000000e+00,1.072128712963195576e+05,1.160396728701987290e-01
1.000000000000000000e+00,7.218216817646530217e+02,1.500000000000000000e+02,3.000000000000000000e+00,1.072128712963195576e+05,1.421189942257336247e-01
1.000000000000000000e+00,7.218216817646530217e+02,2.000000000000000000e+02,1.000000000000000000e+00,1.237987602070456051e+05,7.635839896798844728e-02
1.000000000000000000e+00,7.218216817646530217e+02,2.000000000000000000e+02,2.000000000000000000e+00,1.237987602070456051e+05,1.079870834216250103e-01
1.000000000000000000e+00,7.218216817646530217e+02,2.000000000000000000e+02,3.000000000000000000e+00,1.237987602070456051e+05,1.322566265971709121e-01
1.000000000000000000e+00,7.222594891231557312e+02,1.000000000000000000e+02,1.000000000000000000e+00,8.753894284488925769e+04,9.083348548904404685e-02
1.000000000000000000e+00,7.222594891231557312e+02,1.000000000000000000e+02,2.000000000000000000e+00,8.753894284488925769e+04,1.284579470962258219e-01
1.000000000000000000e+00,7.222594891231557312e+02,1.000000000000000000e+02,3.000000000000000000e+00,8.753894284488925769e+04,1.573282118955946496e-01
1.000000000000000000e+00,7.222594891231557312e+02,1.500000000000000000e+02,1.000000000000000000e+00,1.072128712963195576e+05,8.207731948276596190e-02
1.000000000000000000e+00,7.222594891231557312e+02,1.500000000000000000e+02,2.000000000000000000e+00,1.072128712963195576e+05,1.160748583757570951e-01
1.000000000000000000e+00,7.222594891231557312e+02,1.500000000000000000e+02,3.000000000000000000e+00,1.072128712963195576e+05,1.421620874932135459e-01
1.000000000000000000e+00,7.222594891231557312e+02,2.000000000000000000e+02,1.000000000000000000e+00,1.237987602070456051e+05,7.638155233273742628e-02
1.000000000000000000e+00,7.222594891231557312e+02,2.000000000000000000e+02,2.000000000000000000e+00,1.237987602070456051e+05,1.080198272240675966e-01
1.000000000000000000e+00,7.222594891231557312e+02,2.000000000000000000e+02,3.000000000000000000e+00,1.237987602070456051e+05,1.322967294012823425e-01
1.000000000000000000e+00,7.220782088110638597e+02,1.000000000000000000e+02,1.000000000000000000e+00,8.753894284488925769e+04,9.082208560008557530e-02
1.000000000000000000e+00,7.220782088110638597e+02,1.000000000000000000e+02,2.000000000000000000e+00,8.753894284488925769e+04,1.284418252186512177e-01
1.000000000000000000e+00,7.220782088110638597e+02,1.000000000000000000e+02,3.000000000000000000e+00,8.753894284488925769e+04,1.573084667087179256e-01
1.000000000000000000e+00,7.220782088110638597e+02,1.500000000000000000e+02,1.000000000000000000e+00,1.072128712963195576e+05,8.206701852026217214e-02
1.000000000000000000e+00,7.220782088110638597e+02,1.500000000000000000e+02,2.000000000000000000e+00,1.072128712963195576e+05,1.160602906148787278e-01
1.000000000000000000e+00,7.220782088110638597e+02,1.500000000000000000e+02,3.000000000000000000e+00,1.072128712963195576e+05,1.421442457027901063e-01
1.000000000000000000e+00,7.220782088110638597e+02,2.000000000000000000e+02,1.000000000000000000e+00,1.237987602070456051e+05,7.637196620697796201e-02
1.000000000000000000e+00,7.220782088110638597e+02,2.000000000000000000e+02,2.000000000000000000e+00,1.237987602070456051e+05,1.080062703950079445e-01
1.000000000000000000e+00,7.220782088110638597e+02,2.000000000000000000e+02,3.000000000000000000e+00,1.237987602070456051e+05,1.322801257444191914e-01
1.000000000000000000e+00,7.221515773966623328e+02,1.000000000000000000e+02,1.000000000000000000e+00,8.753894284488925769e+04,9.082669958692504708e-02
1.000000000000000000e+00,7.221515773966623328e+02,1.000000000000000000e+02,2.000000000000000000e+00,8.753894284488925769e+04,1.284483503814161931e-01
1.000000000000000000e+00,7.221515773966623328e+02,1.000000000000000000e+02,3.000000000000000000e+00,8.753894284488925769e+04,1.573164583683493434e-01
1.000000000000000000e+00,7.221515773966623328e+02,1.500000000000000000e+02,1.000000000000000000e+00,1.072128712963195576e+05,8.207118772801492990e-02
1.000000000000000000e+00,7.221515773966623328e+02,1.500000000000000000e+02,2.000000000000000000e+00,1.072128712963195576e+05,1.160661867650270435e-01
1.000000000000000000e+00,7.221515773966623328e+02,1.500000000000000000e+02,3.000000000000000000e+00,1.072128712963195576e+05,1.421514669824452126e-01
1.000000000000000000e+00,7.221515773966623328e+02,2.000000000000000000e+02,1.000000000000000000e+00,1.237987602070456051e+05,7.637584609197130281e-02
1.000000000000000000e+00,7.221515773966623328e+02,2.000000000000000000e+02,2.000000000000000000e+00,1.237987602070456051e+05,1.080117573809859649e-01
1.000000000000000000e+00,7.221515773966623328e+02,2.000000000000000000e+02,3.000000000000000000e+00,1.237987602070456051e+05,1.322868459023551768e-01
1.000000000000000000e+00,7.222862453080940668e+02,1.000000000000000000e+02,1.000000000000000000e+00,8.753894284488925769e+04,9.083516794186408116e-02
1.000000000000000000e+00,7.222862453080940668e+02,1.000000000000000000e+02,2.000000000000000000e+00,8.753894284488925769e+04,1.284603264438219650e-01
1.000000000000000000e+00,7.222862453080940668e+02,1.000000000000000000e+02,3.000000000000000000e+00,8.753894284488925769e+04,1.573311259893602487e-01
1.000000000000000000e+00,7.222862453080940668e+02,1.500000000000000000e+02,1.000000000000000000e+00,1.072128712963195576e+05,8.207883975050511705e-02
1.000000000000000000e+00,7.222862453080940668e+02,1.500000000000000000e+02,2.000000000000000000e+00,1.072128712963195576e+05,1.160770083590122459e-01
1.000000000000000000e+00,7.222862453080940668e+02,1.500000000000000000e+02,3.000000000000000000e+00,1.072128712963195576e+05,1.421647206741788738e-01
1.000000000000000000e+00,7.222862453080940668e+02,2.000000000000000000e+02,1.000000000000000000e+00,1.237987602070456051e+05,7.638296710128263112e-02
1.000000000000000000e+00,7.222862453080940668e+02,2.000000000000000000e+02,2.000000000000000000e+00,1.237987602070456051e+05,1.080218280089318278e-01
1.000000000000000000e+00,7.222862453080940668e+02,2.000000000000000000e+02,3.000000000000000000e+00,1.237987602070456051e+05,1.322991798522835660e-01
1.000000000000000000e+00,7.220883522933927452e+02,1.000000000000000000e+02,1.000000000000000000e+00,8.753894284488925769e+04,9.082272351504672159e-02
1.000000000000000000e+00,7.220883522933927452e+02,1.000000000000000000e+02,2.000000000000000000e+00,8.753894284488925769e+04,1.284427273666408909e-01
1.000000000000000000e+00,7.220883522933927452e+02,1.000000000000000000e+02,3.000000000000000000e+00,8.753894284488925769e+04,1.573095716098415198e-01
1.000000000000000000e+00,7.220883522933927452e+02,1.500000000000000000e+02,1.000000000000000000e+00,1.072128712963195576e+05,8.206759494149917789e-02
1.000000000000000000e+00,7.220883522933927452e+02,1.500000000000000000e+02,2.000000000000000000e+00,1.072128712963195576e+05,1.160611057976097538e-01
1.000000000000000000e+00,7.220883522933927452e+02,1.500000000000000000e+02,3.000000000000000000e+00,1.072128712963195576e+05,1.421452440936591677e-01
1.000000000000000000e+00,7.220883522933927452e+02,2.000000000000000000e+02,1.000000000000000000e+00,1.237987602070456051e+05,7.637250262738203010e-02
1.000000000000000000e+00,7.220883522933927452e+02,2.000000000000000000e+02,2.000000000000000000e+00,1.237987602070456051e+05,1.080070290080184930e-01
1.000000000000000000e+00,7.220883522933927452e+02,2.000000000000000000e+02,3.000000000000000000e+00,1.237987602070456051e+05,1.322810548518132401e-01
1.000000000000000000e+00,7.219773953494918715e+02,1.000000000000000000e+02,1.000000000000000000e+00,8.753894284488925769e+04,9.081574528380779998e-02
1.000000000000000000e+00,7.219773953494918715e+02,1.000000000000000000e+02,2.000000000000000000e+00,8.753894284488925769e+04,1.284328586573814379e-01
1.000000000000000000e+00,7.219773953494918715e+02,1.000000000000000000e+02,3.000000000000000000e+00,8.753894284488925769e+04,1.572974849587887580e-01
1.000000000000000000e+00,7.219773953494918715e+02,1.500000000000000000e+02,1.000000000000000000e+00,1.072128712963195576e+05,8.206128939777004860e-02
1.000000000000000000e+00,7.219773953494918715e+02,1.500000000000000000e+02,2.000000000000000000e+00,1.072128712963195576e+05,1.160521884121498704e-01
1.000000000000000000e+00,7.219773953494918715e+02,1.500000000000000000e+02,3.000000000000000000e+00,1.072128712963195576e+05,1.421343225715509528e-01
1.000000000000000000e+00,7.219773953494918715e+02,2.000000000000000000e+02,1.000000000000000000e+00,1.237987602070456051e+05,7.636663465774841397e-02
1.000000000000000000e+00,7.219773953494918715e+02,2.000000000000000000e+02,2.000000000000000000e+00,1.237987602070456051e+05,1.079987304457790398e-01
1.000000000000000000e+00,7.219773953494918715e+02,2.000000000000000000e+02,3.000000000000000000e+00,1.237987602070456051e+05,1.322708912302705542e-01
1.000000000000000000e+00,7.219833391863948009e+02,1.000000000000000000e+02,1.000000000000000000e+00,8.753894284488925769e+04,9.081611911328686670e-02
1.000000000000000000e+00,7.219833391863948009e+02,1.000000000000000000e+02,2.000000000000000000e+00,8.753894284488925769e+04,1.284333873321007458e-01
1.000000000000000000e+00,7.219833391863948009e+02,1.000000000000000000e+02,3.000000000000000000e+00,8.753894284488925769e+04,1.572981324504398593e-01
1.000000000000000000e+00,7.219833391863948009e+02,1.500000000000000000e+02,1.000000000000000000e+00,1.072128712963195576e+05,8.206162719083633095e-02
1.000000000000000000e+00,7.219833391863948009e+02,1.500000000000000000e+02,2.000000000000000000e+00,1.072128712963195576e+05,1.160526661236854912e-01
1.000000000000000000e+00,7.219833391863948009e+02,1.500000000000000000e+02,3.000000000000000000e+00,1.072128712963195576e+05,1.421349076463042094e-01
1.000000000000000000e+00,7.219833391863948009e+02,2.000000000000000000e+02,1.000000000000000000e+00,1.237987602070456051e+05,7.636694900961726873e-02
1.000000000000000000e+00,7.219833391863948009e+02,2.000000000000000000e+02,2.000000000000000000e+00,1.237987602070456051e+05,1.079991750064553391e-01
1.000000000000000000e+00,7.219833391863948009e+02,2.000000000000000000e+02,3.000000000000000000e+00,1.237987602070456051e+05,1.322714357036788579e-01
1.000000000000000000e+00,7.219773659668260279e+02,1.000000000000000000e+02,1.000000000000000000e+00,8.753894284488925769e+04,9.081574343582146658e-02
1.000000000000000000e+00,7.219773659668260279e+02,1.000000000000000000e+02,2.000000000000000000e+00,8.753894284488925769e+04,1.284328560439340905e-01
1.000000000000000000e+00,7.219773659668260279e+02,1.000000000000000000e+02,3.000000000000000000e+00,8.753894284488925769e+04,1.572974817579825269e-01
1.000000000000000000e+00,7.219773659668260279e+02,1.500000000000000000e+02,1.000000000000000000e+00,1.072128712963195576e+05,8.206128772792589676e-02
1.000000000000000000e+00,7.219773659668260279e+02,1.500000000000000000e+02,2.000000000000000000e+00,1.072128712963195576e+05,1.160521860506336239e-01
1.000000000000000000e+00,7.219773659668260279e+02,1.500000000000000000e+02,3.000000000000000000e+00,1.072128712963195576e+05,1.421343196792960173e-01
1.000000000000000000e+00,7.219773659668260279e+02,2.000000000000000000e+02,1.000000000000000000e+00,1.237987602070456051e+05,7.636663310378333236e-02
1.000000000000000000e+00,7.219773659668260279e+02,2.000000000000000000e+02,2.000000000000000000e+00,1.237987602070456051e+05,1.079987282481405519e-01
1.000000000000000000e+00,7.219773659668260279e+02,2.000000000000000000e+02,3.000000000000000000e+00,1.237987602070456051e+05,1.322708885387240685e-01
1.000000000000000000e+00,7.220873919092575761e+02,1.000000000000000000e+02,1.000000000000000000e+00,8.753894284488925769e+04,9.082266311749875864e-02
1.000000000000000000e+00,7.220873919092575761e+02,1.000000000000000000e+02,2.000000000000000000e+00,8.753894284488925769e+04,1.284426419516094264e-01
1.000000000000000000e+00,7.220873919092575761e+02,1.000000000000000000e+02,3.000000000000000000e+00,8.753894284488925769e+04,1.573094669982198213e-01
1.000000000000000000e+00,7.220873919092575761e+02,1.500000000000000000e+02,1.000000000000000000e+00,1.072128712963195576e+05,8.206754036615383774e-02
1.000000000000000000e+00,7.220873919092575761e+02,1.500000000000000000e+02,2.000000000000000000e+00,1.072128712963195576e+05,1.160610286164161925e-01
1.000000000000000000e+00,7.220873919092575761e+02,1.500000000000000000e+02,3.000000000000000000e+00,1.072128712963195576e+05,1.421451495663881848e-01
1.000000000000000000e+00,7.220873919092575761e+02,2.000000000000000000e+02,1.000000000000000000e+00,1.237987602070456051e+05,7.637245183930045644e-02
1.000000000000000000e+00,7.220873919092575761e+02,2.000000000000000000e+02,2.000000000000000000e+00,1.237987602070456051e+05,1.080069571828247282e-01
1.000000000000000000e+00,7.220873919092575761e+02,2.000000000000000000e+02,3.000000000000000000e+00,1.237987602070456051e+05,1.322809668842755693e-01
1.000000000000000000e+00,7.222862948090105419e+02,1.000000000000000000e+02,1.000000000000000000e+00,8.753894284488925769e+04,9.083517105449705198e-02
1.000000000000000000e+00,7.222862948090105419e+02,1.000000000000000000e+02,2.000000000000000000e+00,8.753894284488925769e+04,1.284603308457497317e-01
1.000000000000000000e+00,7.222862948090105419e+02,1.000000000000000000e+02,3.000000000000000000e+00,8.753894284488925769e+04,1.573311313805987322e-01
1.000000000000000000e+00,7.222862948090105419e+02,1.500000000000000000e+02,1.000000000000000000e+00,1.072128712963195576e+05,8.207884256308652093e-02
1.000000000000000000e+00,7.222862948090105419e+02,1.500000000000000000e+02,2.000000000000000000e+00,1.072128712963195576e+05,1.160770123366030165e-01
1.000000000000000000e+00,7.222862948090105419e+02,1.500000000000000000e+02,3.000000000000000000e+00,1.072128712963195576e+05,1.421647255457127446e-01
1.000000000000000000e+00,7.222862948090105419e+02,2.000000000000000000e+02,1.000000000000000000e+00,1.237987602070456051e+05,7.638296971868455132e-02
1.000000000000000000e+00,7.222862948090105419e+02,2.000000000000000000e+02,2.000000000000000000e+00,1.237987602070456051e+05,1.080218317104971182e-01
1.000000000000000000e+00,7.222862948090105419e+02,2.000000000000000000e+02,3.000000000000000000e+00,1.237987602070456051e+05,1.322991843857566630e-01
1.000000000000000000e+00,7.221513063868330846e+02,1.000000000000000000e+02,1.000000000000000000e+00,8.753894284488925769e+04,9.082668254415214582e-02
1.000000000000000000e+00,7.221513063868330846e+02,1.000000000000000000e+02,2.000000000000000000e+00,8.753894284488925769e+04,1.284483262792956160e-01
1.000000000000000000e+00,7.221513063868330846e+02,1.000000000000000000e+02,3.000000000000000000e+00,8.753894284488925769e+04,1.573164288494007801e-01
1.000000000000000000e+00,7.221513063868330846e+02,1.500000000000000000e+02,1.000000000000000000e+00,1.072128712963195576e+05,8.207117232813120056e-02
1.000000000000000000e+00,7.221513063868330846e+02,1.500000000000000000e+02,2.000000000000000000e+00,1.072128712963195576e+05,1.160661649863026085e-01
1.000000000000000000e+00,7.221513063868330846e+02,1.500000000000000000e+02,3.000000000000000000e+00,1.072128712963195576e+05,1.421514403090641254e-01
1.000000000000000000e+00,7.221513063868330846e+02,2.000000000000000000e+02,1.000000000000000000e+00,1.237987602070456051e+05,7.637583176076466474e-02
1.000000000000000000e+00,7.221513063868330846e+02,2.000000000000000000e+02,2.000000000000000000e+00,1.237987602070456051e+05,1.080117371135991822e-01
1.000000000000000000e+00,7.221513063868330846e+02,2.000000000000000000e+02,3.000000000000000000e+00,1.237987602070456051e+05,1.322868210799771349e-01
1.000000000000000000e+00,7.220800633225170486e+02,1.000000000000000000e+02,1.000000000000000000e+00,8.753894284488925769e+04,9.082220222906547957e-02
1.000000000000000000e+00,7.220800633225170486e+02,1.000000000000000000e+02,2.000000000000000000e+00,8.753894284488925769e+04,1.284419901569363587e-01
1.000000000000000000e+00,7.220800633225170486e+02,1.000000000000000000e+02,3.000000000000000000e+00,8.753894284488925769e+04,1.573086687160367425e-01
1.000000000000000000e+00,7.220800633225170486e+02,1.500000000000000000e+02,1.000000000000000000e+00,1.072128712963195576e+05,8.206712390644207988e-02
1.000000000000000000e+00,7.220800633225170486e+02,1.500000000000000000e+02,2.000000000000000000e+00,1.072128712963195576e+05,1.160604396534436478e-01
1.000000000000000000e+00,7.220800633225170486e+02,1.500000000000000000e+02,3.000000000000000000e+00,1.072128712963195576e+05,1.421444282370081247e-01
1.000000000000000000e+00,7.220800633225170486e+02,2.000000000000000000e+02,1.000000000000000000e+00,1.237987602070456051e+05,7.637206427986907575e-02
1.000000000000000000e+00,7.220800633225170486e+02,2.000000000000000000e+02,2.000000000000000000e+00,1.237987602070456051e+05,1.080064090910206609e-01
1.000000000000000000e+00,7.220800633225170486e+02,2.000000000000000000e+02,3.000000000000000000e+00,1.237987602070456051e+05,1.322802956116494455e-01
1.000000000000000000e+00,7.222575480878117560e+02,1.000000000000000000e+02,1.000000000000000000e+00,8.753894284488925769e+04,9.083336343379461164e-02
1.000000000000000000e+00,7.222575480878117560e+02,1.000000000000000000e+02,2.000000000000000000e+00,8.753894284488925769e+04,1.284577744840366964e-01
1.000000000000000000e+00,7.222575480878117560e+02,1.000000000000000000e+02,3.000000000000000000e+00,8.753894284488925769e+04,1.573280004897012752e-01
1.000000000000000000e+00,7.222575480878117560e+02,1.500000000000000000e+02,1.000000000000000000e+00,1.072128712963195576e+05,8.207720919339801802e-02
1.000000000000000000e+00,7.222575480878117560e+02,1.500000000000000000e+02,2.000000000000000000e+00,1.072128712963195576e+05,1.160747024030371610e-01
1.000000000000000000e+00,7.222575480878117560e+02,1.500000000000000000e+02,3.000000000000000000e+00,1.072128712963195576e+05,1.421618964664247142e-01
1.000000000000000000e+00,7.222575480878117560e+02,2.000000000000000000e+02,1.000000000000000000e+00,1.237987602070456051e+05,7.638144969691572361e-02
1.000000000000000000e+00,7.222575480878117560e+02,2.000000000000000000e+02,2.000000000000000000e+00,1.237987602070456051e+05,1.080196820750965320e-01
1.000000000000000000e+00,7.222575480878117560e+02,2.000000000000000000e+02,3.000000000000000000e+00,1.237987602070456051e+05,1.322965516308244327e-01
1.000000000000000000e+00,7.218243627322099201e+02,1.000000000000000000e+02,1.000000000000000000e+00,8.753894284488925769e+04,9.080611997710659467e-02
1.000000000000000000e+00,7.218243627322099201e+02,1.000000000000000000e+02,2.000000000000000000e+00,8.753894284488925769e+04,1.284192464181025950e-01
1.000000000000000000e+00,7.218243627322099201e+02,1.000000000000000000e+02,3.000000000000000000e+00,8.753894284488925769e+04,1.572808134385438317e-01
1.000000000000000000e+00,7.218243627322099201e+02,1.500000000000000000e+02,1.000000000000000000e+00,1.072128712963195576e+05,8.205259195134947947e-02
1.000000000000000000e+00,7.218243627322099201e+02,1.500000000000000000e+02,2.000000000000000000e+00,1.072128712963195576e+05,1.160398883654638891e-01
1.000000000000000000e+00,7.218243627322099201e+02,1.500000000000000000e+02,3.000000000000000000e+00,1.072128712963195576e+05,1.421192581524544085e-01
1.000000000000000000e+00,7.218243627322099201e+02,2.000000000000000000e+02,1.000000000000000000e+00,1.237987602070456051e+05,7.635854077184764388e-02
1.000000000000000000e+00,7.218243627322099201e+02,2.000000000000000000e+02,2.000000000000000000e+00,1.237987602070456051e+05,1.079872839625658776e-01
1.000000000000000000e+00,7.218243627322099201e+02,2.000000000000000000e+02,3.000000000000000000e+00,1.237987602070456051e+05,1.322568722086597537e-01
