phi_rad,baseline_standoff_m,coil_traced_standoff_m,sin_incidence,qrad_rel,traced_3cm_transport_rel,conditional_transport_rel,censored_lower_transport_rel,traced_3cm_qtotal_W_m2,conditional_qtotal_W_m2,censored_lower_qtotal_W_m2
0.000000000000000000e+00,3.000000000000024869e-02,3.000000000000202505e-02,1.919285579963000136e-16,1.020157601762766486e+00,5.851033646231829088e+00,3.724339234620732242e+00,2.329909093181428581e+00,1.717797811998648802e+06,1.186124209095874801e+06,8.375166737360487459e+05
6.544984694978735369e-03,3.012638959016999962e-02,3.012756174434105816e-02,3.468498942167681093e-03,1.020824542412293034e+00,5.862098300415655494e+00,3.733522967990563490e+00,2.336629995223166834e+00,1.720730710706987185e+06,1.188586877600714331e+06,8.393636344088650076e+05
1.308996938995747074e-02,3.046566238760828327e-02,3.051099030002202284e-02,6.970225089390230493e-03,1.022651493932638100e+00,5.823426294254605118e+00,3.726607376120577353e+00,2.338261501173252377e+00,1.711519447046810761e+06,1.187314717513303971e+06,8.402282487764726393e+05
1.963495408493620697e-02,3.103017365429305841e-02,3.114920539706833580e-02,1.053708803982753364e-02,1.025268594520891030e+00,5.736521004107950183e+00,3.703903939661599587e+00,2.334898537064311164e+00,1.690447399657210335e+06,1.182293133545622695e+06,8.400417828963005450e+05
2.617993877991494148e-02,3.178537957071103648e-02,3.147159115676778640e-02,1.419915635209424709e-02,1.028633198224625067e+00,5.711438839802617906e+00,3.701491451814419964e+00,2.338107182439634890e+00,1.685018009506810689e+06,1.182531162509761285e+06,8.416850951660650317e+05
3.272492347489367598e-02,3.269850054239942239e-02,3.168785134928775449e-02,1.798431745080867131e-02,1.032979165478377537e+00,5.707597442768437723e+00,3.706254597939980577e+00,2.343746855838571452e+00,1.685144152061703848e+06,1.184808440854589688e+06,8.441815053292372031e+05
3.926990816987241395e-02,3.375862714888544502e-02,3.217739049704704257e-02,2.191756680316435738e-02,1.038403866998357739e+00,5.653228608066328320e+00,3.694483966340484038e+00,2.344221358016225221e+00,1.672908118766171625e+06,1.183221958334710449e+06,8.456563062536456855e+05
4.581489286485114498e-02,3.489806570219489146e-02,3.294766966076867476e-02,2.602034900178807134e-02,1.045353242512383485e+00,5.548569182642395958e+00,3.665964600961174380e+00,2.339428398231264250e+00,1.648480606288695009e+06,1.177829460868389579e+06,8.461954101859119255e+05
5.235987755982988295e-02,3.612941985560080838e-02,3.400572933312240309e-02,3.030997828006115613e-02,1.053955422406447573e+00,5.395294126991285744e+00,3.620721369958108671e+00,2.329298128210093299e+00,1.612312387349433498e+06,1.168669198091139086e+06,8.458133876541351201e+05
5.890486225480862092e-02,3.740777211846335604e-02,3.535818943872293119e-02,3.479868300440659007e-02,1.059890069487807507e+00,5.196480510068349545e+00,3.559022536706438977e+00,2.313792867447019841e+00,1.564092644889039220e+06,1.154728151548561640e+06,8.434207342337067239e+05
6.544984694978735196e-02,3.873549650953300727e-02,3.701124933412724971e-02,3.949269506305801841e-02,1.064801358251910690e+00,4.956503017239445086e+00,3.481378109183664638e+00,2.292906863256299221e+00,1.505326093872838886e+06,1.136544866858893773e+06,8.394270553770523984e+05
7.199483164476608299e-02,4.011992039355760653e-02,3.821329605652579176e-02,4.439191357794304571e-02,1.069978710451971127e+00,4.800549060764652154e+00,3.432343495703000347e+00,2.281507750389547784e+00,1.467631942804155871e+06,1.125580551538742846e+06,8.378716152103798231e+05
7.853981633974482790e-02,4.155660241404479649e-02,3.952749874485039783e-02,4.948947109509295450e-02,1.076493713348964043e+00,4.633351212391502827e+00,3.378279713620990776e+00,2.268396831448533213e+00,1.427461231435116613e+06,1.113693356742488686e+06,8.362226361993743340e+05
8.508480103472355893e-02,4.310357643508488934e-02,4.115615735843380918e-02,5.477081621380133769e-02,1.084413168512636361e+00,4.426357102584204561e+00,3.308003532779188571e+00,2.249636819417259570e+00,1.377692567774210125e+06,1.098104175322956406e+06,8.335124969824739965e+05
9.162978572970228996e-02,4.475479278450134046e-02,4.310537716981688305e-02,6.021323817512900384e-02,1.085731310661852245e+00,4.184442399678185431e+00,3.222128998774493880e+00,2.225191088159820030e+00,1.317543427585009253e+06,1.076965077359086601e+06,8.277305997054181062e+05
9.817477042468103487e-02,4.660067789258626192e-02,4.538119962662268136e-02,6.578604832478643361e-02,1.085003512063106745e+00,3.913430501153512431e+00,3.121505557842599643e+00,2.195056632373281413e+00,1.249608503304154845e+06,1.051627267476426670e+06,8.200150361090969527e+05
1.047197551196597659e-01,4.863458845958046339e-02,4.798960235155114162e-02,7.145053872970015540e-02,1.084668987082886726e+00,3.619859478422090326e+00,3.007210510915864887e+00,2.159267930543947944e+00,1.176132116376244230e+06,1.022969874499688041e+06,8.109842294067086186e+05
1.112647398146384969e-01,5.094967173244313585e-02,5.093649983443526708e-02,7.716008521894411609e-02,1.085079734067156743e+00,3.310713006510102474e+00,2.880535622935547213e+00,2.117900910587487751e+00,1.098948185144314775e+06,9.914038392506759847e+05,8.007451611636611633e+05
1.178097245096172418e-01,5.353730853087146357e-02,5.357656739549643277e-02,8.286141499756344286e-02,1.085245851405688189e+00,3.058814275379398318e+00,2.773432546868088711e+00,2.082731840362413767e+00,1.036015031696271733e+06,9.646695995684441878e+05,7.919944229420254705e+05
1.243547092045959729e-01,5.646135052123124609e-02,5.628896603165411960e-02,8.849635665420184372e-02,1.082001780089903109e+00,2.818769048266559718e+00,2.666700720072006980e+00,2.046655642782912121e+00,9.751927070891157491e+05,9.371756250404774910e+05,7.821643557182038203e+05
1.308996938995747039e-01,5.970988412133682033e-02,5.933228324777672924e-02,9.400344396022621007e-02,1.078240634206319104e+00,2.568374541963688973e+00,2.549223091477602843e+00,2.005142715965066103e+00,9.116537940425020643e+05,9.068659314209804870e+05,7.708458375428463332e+05
1.374446785945534488e-01,6.329457919336434202e-02,6.269369016081061119e-02,9.932052181933219426e-02,1.075118036659671095e+00,2.314713918372566237e+00,2.423162226505310546e+00,1.958647138033450030e+00,8.474579887580593349e+05,8.745700657912454335e+05,7.584412936732802773e+05
1.439896632895321660e-01,6.720105320124059034e-02,6.635987834413636932e-02,1.043880735717454961e-01,1.072032309016458074e+00,2.064114612210075528e+00,2.290698775188573677e+00,1.907666004806368942e+00,7.840367303066333989e+05,8.406827710512578487e+05,7.449245784557068255e+05
1.505346479845109109e-01,7.138382298328327380e-02,7.031705982756975004e-02,1.091512245541590570e-01,1.068318398941496605e+00,1.821948406100757589e+00,2.153974439807408547e+00,1.852732944427054163e+00,7.225667012605635682e+05,8.055732096872263355e+05,7.302628358421376906e+05
1.570796326794896558e-01,7.582988329667816885e-02,7.455096709736075411e-02,1.135613826407305682e-01,1.064485035770129873e+00,1.592516723015324098e+00,2.015039249274371169e+00,1.794409933157209425e+00,6.642504396963635227e+05,7.698810712611252675e+05,7.147237422318349127e+05
1.636246173744683730e-01,8.045108598660100085e-02,7.904685309619541300e-02,1.175794208827029286e-01,1.061206858571611011e+00,1.379020793886023499e+00,1.875809511889427794e+00,1.733281187518495914e+00,6.100569131144087296e+05,7.342540926152596949e+05,6.986220115225267364e+05
1.701696020694471179e-01,8.524117563488697868e-02,8.318295625985694386e-02,1.211772911463548374e-01,1.058413991917171115e+00,1.207770097797979281e+00,1.756001048183642999e+00,1.678693456354078961e+00,5.665460224287875462e+05,7.036037600252035772e+05,6.842768620678125881e+05
1.767145867644258628e-01,9.009870122780849755e-02,8.738141212634076282e-02,1.243361243782105663e-01,1.055703433249451484e+00,1.054886601805589352e+00,1.641253151018322365e+00,1.624212992506054665e+00,5.276475087637602119e+05,6.742391460669434164e+05,6.699791064388764789e+05
1.832595714594045799e-01,9.502806929976337358e-02,9.181247664613767512e-02,1.270465211580043274e-01,1.052843656068393363e+00,9.136263811956056857e-01,1.527161060340674670e+00,1.567633176816737972e+00,4.916175093159998069e+05,6.450011791022669058e+05,6.551192082212829264e+05
1.898045561543833248e-01,9.994269879300077264e-02,9.645575853825949508e-02,1.293119966486418193e-01,1.050148842458715537e+00,7.851879587955616913e-01,1.415163491270015061e+00,1.509576905192310914e+00,4.588342003135692794e+05,6.163280834321826696e+05,6.399314369127566461e+05
1.963495408493620697e-01,1.048633831418674944e-01,1.012891161341489266e-01,1.311464804836612319e-01,1.047850371556840576e+00,6.701203455057520575e-01,1.306509562276942038e+00,1.450659869645770872e+00,4.294926792656481848e+05,5.885899834584456403e+05,6.246275603006527526e+05
2.028945255443407869e-01,1.097275774743122767e-01,1.062888487730493381e-01,1.325677391662221927e-01,1.045848633763687197e+00,5.684110410940590441e-01,1.202229695683430188e+00,1.391467057068500823e+00,4.035649187144365860e+05,5.620195823617792921e+05,6.093289227080469718e+05
2.094395102393195318e-01,1.145755727616757369e-01,1.114366865544065277e-01,1.336002595877315291e-01,1.043990327268274454e+00,4.794949945737165820e-01,1.103008394814663173e+00,1.332468550330114132e+00,3.808713304604977602e+05,5.367496805207344005e+05,5.941147193995971465e+05
2.159844949342982767e-01,1.193727307438869900e-01,1.167214095168702670e-01,1.342804460852823345e-01,1.042060997301001102e+00,4.024423747596185263e-01,1.009224840451296235e+00,1.274019173199040011e+00,3.611258430151549401e+05,5.128214594380743220e+05,5.790200426250102464e+05
2.225294796292769939e-01,1.241634720513848933e-01,1.221320468240953971e-01,1.346460901683735334e-01,1.040085590462348941e+00,3.362051551799682403e-01,9.211165752173990917e-01,1.216431396707322143e+00,3.440726864105793065e+05,4.903005414199369843e+05,5.641292467924177181e+05
2.290744643242557388e-01,1.289347009369326003e-01,1.271473014383834865e-01,1.347267690299952803e-01,1.038073754640134405e+00,2.844797377939212168e-01,8.460836295849870625e-01,1.165079480895390374e+00,3.306383731085138861e+05,4.710393460562803666e+05,5.507883088838811964e+05
2.356194490192344837e-01,1.337161192336520088e-01,1.320451884408484489e-01,1.345567732304291386e-01,1.036049189935506210e+00,2.415690793243798207e-01,7.784901917237733171e-01,1.116745712672085888e+00,3.194045673149715294e+05,4.536348454148198944e+05,5.381987256518980721e+05
2.421644337142132009e-01,1.385108099728951103e-01,1.370371728671884171e-01,1.341787686664984713e-01,1.033939544984831205e+00,2.044276219362945179e-01,7.149859308531302249e-01,1.069328017118869933e+00,3.095917917302814312e+05,4.372313689594903262e+05,5.258168905259253224e+05
2.487094184091919458e-01,1.433083402178034760e-01,1.421110423124281041e-01,1.336170373043202297e-01,1.031688449698838106e+00,1.724796077222595092e-01,6.556138627110970063e-01,1.023014090675890664e+00,3.010420143552743830e+05,4.218255781024837634e+05,5.136756350936822128e+05
2.552544031041706907e-01,1.481169337210683778e-01,1.472550669200920481e-01,1.328753755854262253e-01,1.029304435910415316e+00,1.451469052680553484e-01,6.003342739623511726e-01,9.779388664319904612e-01,2.936128352946176892e+05,4.074096774681915995e+05,5.018108255856014439e+05
2.617993877991494078e-01,1.529142681040545071e-01,1.524579993822108293e-01,1.319725368735865101e-01,1.026850762793401151e+00,1.218775824514620326e-01,5.490658126969518715e-01,9.342245225428111866e-01,2.871820863112157676e+05,3.939791438725882326e+05,4.902688213340530638e+05
2.683443724941281250e-01,1.576643040611251934e-01,1.577090749393139646e-01,1.309279699490124849e-01,1.024317417231096705e+00,1.021535633827756473e-01,5.016843776245729636e-01,8.919670599381442910e-01,2.816177451534681022e+05,3.815004487139174016e+05,4.790711192923102644e+05
2.748893571891068976e-01,1.623430177010858344e-01,1.629980113804361253e-01,1.297091958604419948e-01,1.021702833606588978e+00,8.549189340207716259e-02,4.580059026190039240e-01,8.511939687609423322e-01,2.767986817521665362e+05,3.699271840563982259e+05,4.682242005918828654e+05
2.814343418840856148e-01,1.669191134367489227e-01,1.677088557417327763e-01,1.282697825477499276e-01,1.019058717240332257e+00,7.291639014436210320e-02,4.221428768829636469e-01,8.161590967662162299e-01,2.729937768461735686e+05,3.603003985308239353e+05,4.588044535016370937e+05
2.879793265790643320e-01,1.713606146210535641e-01,1.722566396542610789e-01,1.266156877495583366e-01,1.016371478464420441e+00,6.250991022719257217e-02,3.900687467950452181e-01,7.834960689713270643e-01,2.697203471729032462e+05,3.516100563148664078e+05,4.499668868589368649e+05
2.945243112740431046e-01,1.756388173551659548e-01,1.768200483794712952e-01,1.247235565886478104e-01,1.013710078093489120e+00,5.354188010128296815e-02,3.602365419413097181e-01,7.518569587625092421e-01,2.668129895486930618e+05,3.434866550086996867e+05,4.413917592139996123e+05
3.010692959690218218e-01,1.797334633067464438e-01,1.813903540758134980e-01,1.224661483235209292e-01,1.011088003215008024e+00,4.582514789254811538e-02,3.325058771619663900e-01,7.211845389687497887e-01,2.642282877768890467e+05,3.358984700942435884e+05,4.330681355459394981e+05
3.076142806640005389e-01,1.836426665460813012e-01,1.859571595990114901e-01,1.197635107565771656e-01,1.008530467117716434e+00,3.919918186697492896e-02,3.067686523549004729e-01,6.914696044675801012e-01,2.619324122461728693e+05,3.288247798681542045e+05,4.250000178963241051e+05
3.141592653589793116e-01,1.873689444989921071e-01,1.905105166325604671e-01,1.166508116423045222e-01,1.006005454933606380e+00,3.352556322210509254e-02,2.829512132931441548e-01,6.627753955072173131e-01,2.598827545389278384e+05,3.222391670566876419e+05,4.171952126102059265e+05
3.207042500539580288e-01,1.909223985072037166e-01,1.945099299440782303e-01,1.130304922529734857e-01,1.003526898549669255e+00,2.918497001030480320e-02,2.632878089599117177e-01,6.379754097830465653e-01,2.581779671399935323e+05,3.167036768773952499e+05,4.103755770831789705e+05
3.272492347489367459e-01,1.943184306609682110e-01,1.982521904623117948e-01,1.086524179746470864e-01,1.001051405206173195e+00,2.559546219072588585e-02,2.458399128069786721e-01,6.149809702672799361e-01,2.566617168492247874e+05,3.117228295032879687e+05,4.040080938683632994e+05
3.337942194439155186e-01,1.975751228325597353e-01,2.019706083446086708e-01,1.034987016290355166e-01,9.986566618112262539e-01,2.243821601167811722e-02,2.294261336849849897e-01,5.924531248179273346e-01,2.552737194557260664e+05,3.070206988740527886e+05,3.977774466572884121e+05
3.403392041388942357e-01,2.006944116151467838e-01,2.056571354729239687e-01,9.770427147944350799e-02,9.962590982680997742e-01,1.967109131003819122e-02,2.140540589769654445e-01,5.705135635478466583e-01,2.539825473945345148e+05,3.025782893112662714e+05,3.916931654539865558e+05
3.468841888338729529e-01,2.036990980344359770e-01,2.093039602921580311e-01,9.102542246150582828e-02,9.939012088757481767e-01,1.724340741080928469e-02,1.996266631493940624e-01,5.490493547249074568e-01,2.527861540716393501e+05,2.983819680062856060e+05,3.857376409001639113e+05
3.534291735288517255e-01,2.066013722745898562e-01,2.128991973468590260e-01,8.312983958331665590e-02,9.915587875240037263e-01,1.511131478746511464e-02,1.860504684878077353e-01,5.279280176274261382e-01,2.516675255778671999e+05,2.944023140029528295e+05,3.798717012878574897e+05
3.599741582238304427e-01,2.093809124438807956e-01,2.158594339574104737e-01,7.428932379399191821e-02,9.892227414822604148e-01,1.350410239911378242e-02,1.750581165254017080e-01,5.098588161355152026e-01,2.506817109703435272e+05,2.910702145019154996e+05,3.747703894044439076e+05
3.665191429188091599e-01,2.120570314961449654e-01,2.187918619883717497e-01,6.477299166728824054e-02,9.868829090814025262e-01,1.206371169422405104e-02,1.646369838129810859e-01,4.921270222591674903e-01,2.497366551939066558e+05,2.878799732235959382e+05,3.697524828351425240e+05
3.730641276137879325e-01,2.146224090083563851e-01,2.216909966731588355e-01,5.406986324729708138e-02,9.845658346162108332e-01,1.076574158138807018e-02,1.546735680381625122e-01,4.744894274705970250e-01,2.488328940493997361e+05,2.848098506635933300e+05,3.647638155217019375e+05
3.796091123087666497e-01,2.170554785176861401e-01,2.245515219517093541e-01,4.197747961154226631e-02,9.822746168410667611e-01,9.594871003092390535e-03,1.451271849686240345e-01,4.568786526822589122e-01,2.479673719610397820e+05,2.818504504524226650e+05,3.597883173808314023e+05
3.861540970037453668e-01,2.193698341059899803e-01,2.273682904704781294e-01,2.935971533495162697e-02,9.799733572463009690e-01,8.552818721371882593e-03,1.361471476886704501e-01,4.397530585677857373e-01,2.471315439919182099e+05,2.790301262337428634e+05,3.549316039535216987e+05
3.926990816987241395e-01,2.215647443254518123e-01,2.301363235824425146e-01,1.647102809501956033e-02,9.776694286773954801e-01,7.629302998644368720e-03,1.277494313773962220e-01,4.232344240119428891e-01,2.463246829190099670e+05,2.763547150136979180e+05,3.502259631723345374e+05
3.992440663937028567e-01,2.236458577036559703e-01,2.328508113470979524e-01,2.440732767095816699e-03,9.753509755598069875e-01,6.800562983966687222e-03,1.197623123523222088e-01,4.069055395180217194e-01,2.455378846359434247e+05,2.737783219780322979e+05,3.455641287694571656e+05
4.057890510886815738e-01,2.256258540718549810e-01,2.355071125304588620e-01,1.241106649123617685e-02,9.730264774566937946e-01,6.334049626299490150e-03,1.160076437512030517e-01,4.022441015777010742e-01,2.448401317707483249e+05,2.722585303019742132e+05,3.438176447585987044e+05
4.123340357836603465e-01,2.274995228904010958e-01,2.381007546050613044e-01,2.657200666595913724e-02,9.707744366958084292e-01,5.952404518796996363e-03,1.130826314129478177e-01,3.996683772756086661e-01,2.441817103036513436e+05,2.709642670271890820e+05,3.426107034928542562e+05
4.188790204786390636e-01,2.293071164954652019e-01,2.406274337499603178e-01,4.022939933125160850e-02,9.684829096148204197e-01,5.598347724929291121e-03,1.102493150995493276e-01,3.970195011700387022e-01,2.435203143349374295e+05,2.696830561785924365e+05,3.413756026962148026e+05
4.254240051736177808e-01,2.310771717403632408e-01,2.430830148507299171e-01,5.448935901484303068e-02,9.661703512841315344e-01,5.280291371242420810e-03,1.076652132104580079e-01,3.947983484714820412e-01,2.428626606638434750e+05,2.684588911236473941e+05,3.402421749389034230e+05
4.319689898685965534e-01,2.327940042343428217e-01,2.454637654652023215e-01,6.816958235276751599e-02,9.638080514715130498e-01,4.985501575357815032e-03,1.051672603000826239e-01,3.925067433648581905e-01,2.421983882617177151e+05,2.672438279428989044e+05,3.390786987090928014e+05
4.385139745635752706e-01,2.345268625504370874e-01,2.477745004794567052e-01,7.960605313757358747e-02,9.614243501163358685e-01,4.699543963395095073e-03,1.025424202170713145e-01,3.894604938900553259e-01,2.415309735199327406e+05,2.659916925833518035e+05,3.377212110015978105e+05
4.450589592585539878e-01,2.362447780278085219e-01,2.500250457077344279e-01,8.984737100494055717e-02,9.590641221698910091e-01,4.429371282819165312e-03,9.992356230581656007e-02,3.861014185643751317e-01,2.408733733631775540e+05,2.647469211189268972e+05,3.362913851835665409e+05
4.516039439535327604e-01,2.380018805921615410e-01,2.522244367859505232e-01,9.978562413419553301e-02,9.566759452305326761e-01,4.178915497251470094e-03,9.740672121921711835e-02,3.827768116537171861e-01,2.402137151819460269e+05,2.635206666124374606e+05,3.348631892210624646e+05
4.581489286485114776e-01,2.397945156291401148e-01,2.543808810608689797e-01,1.074295417774650541e-01,9.542752905273292896e-01,3.933920434856965145e-03,9.475526195316892608e-02,3.786923479357038880e-01,2.395523027405465546e+05,2.622576381201245240e+05,3.332419096157582826e+05
4.646939133434901947e-01,2.416077795390112470e-01,2.565017575901027413e-01,1.117816895501846375e-01,9.518516079332136615e-01,3.689204156027762506e-03,9.187248916696905132e-02,3.734909140797363358e-01,2.388852030223103648e+05,2.609310242750456673e+05,3.313356305032374803e+05
4.712388980384689674e-01,2.434644837421098273e-01,2.585936171421092666e-01,1.147482661178414326e-01,9.494497605481634350e-01,3.455850237935607309e-03,8.897609004267460764e-02,3.679280202639799713e-01,2.382264026965247467e+05,2.596064626477095298e+05,3.293444452030358370e+05
4.777838827334476846e-01,2.453539492244685150e-01,2.606621821961958574e-01,1.165990930121472147e-01,9.470769261761436963e-01,3.234399495812160207e-03,8.609293424805296302e-02,3.621078710160093861e-01,2.375778314179889567e+05,2.582924651060491451e+05,3.272961992980382638e+05
4.843288674284264017e-01,2.472614254160374614e-01,2.627123469425161062e-01,1.152342056375954549e-01,9.447275386730021873e-01,3.014681563488728292e-03,8.301955864981924726e-02,3.552752699755435950e-01,2.369355550591227366e+05,2.569367743307053752e+05,3.250007021621364402e+05
4.908738521234051744e-01,2.491636653312001570e-01,2.647481772820716728e-01,1.110950419576783588e-01,9.424043419203803618e-01,2.799699446055974386e-03,7.981740821012758835e-02,3.476308139709367584e-01,2.363010103416090715e+05,2.555554375326269947e+05,3.225087889728292939e+05
4.974188368183838915e-01,2.510502262156206754e-01,2.667729108267113958e-01,1.065853702101284411e-01,9.401065259889933579e-01,2.599473646204210949e-03,7.671816885307039535e-02,3.400482789076259005e-01,2.356764999087993929e+05,2.542061737105159555e+05,3.200387012241547927e+05
5.039638215133626087e-01,2.529114724659793367e-01,2.687889568991312927e-01,1.013076570551696975e-01,9.378612842610661859e-01,2.411369189460065270e-03,7.368145098082622135e-02,3.323860683123120441e-01,2.350681633626315743e+05,2.528856838104730996e+05,3.175618381433445611e+05
5.105088062083413813e-01,2.547210782545024088e-01,2.707978965328745602e-01,9.394944277017250323e-02,9.356874475001379921e-01,2.230202831204100480e-03,7.059628448498528330e-02,3.242069541991075554e-01,2.344794125828355318e+05,2.515709329962808115e+05,3.149736004248113604e+05
5.170537909033200430e-01,2.564654229627700843e-01,2.728006050052780296e-01,8.629341690083942862e-02,9.335671064460513424e-01,2.061871550796173704e-03,6.761814388301749801e-02,3.161291850901835065e-01,2.339072444992118690e+05,2.502963125822671864e+05,3.124240728840586962e+05
5.235987755982988157e-01,2.581416083703951259e-01,2.747933465156320310e-01,7.999293532054535527e-02,9.315291242296409591e-01,1.910641597087004437e-03,6.487734532326042136e-02,3.086999409584241238e-01,2.333599414566819905e+05,2.491016173882253352e+05,3.100572662970162346e+05
5.301437602932775883e-01,2.597470304727078627e-01,2.767623313249254480e-01,7.359113818170114063e-02,9.295495731494800573e-01,1.771454334484809639e-03,6.226144309991690079e-02,3.014613587819094387e-01,2.328302568709912011e+05,2.479527540623492387e+05,3.077527329828473739e+05
5.366887449882562500e-01,2.612494550553181583e-01,2.786937421489241729e-01,6.662476316758446371e-02,9.276401620497836120e-01,1.642825719130451469e-03,5.974406940363648916e-02,2.942968497360904934e-01,2.323207469422285212e+05,2.468460578633550322e+05,3.054842529464685358e+05
5.432337296832350226e-01,2.626488513556841653e-01,2.805750510924802654e-01,6.128719391985597981e-02,9.257828663862656127e-01,1.529888078386557743e-03,5.748872198618054652e-02,2.879143999598094417e-01,2.318281886161630682e+05,2.458178970931115327e+05,3.034243165865187766e+05
5.497787143782137953e-01,2.639640608441817804e-01,2.823950196495390585e-01,5.782259425534597153e-02,9.239914505035727865e-01,1.431845595356817614e-03,5.550269032790192125e-02,2.823801435955654027e-01,2.313558240247323993e+05,2.448735352078686701e+05,3.015928985247845412e+05
5.563236990731924569e-01,2.651490294514564638e-01,2.841436987031347172e-01,5.437714785810236762e-02,9.222925390022589376e-01,1.343274237171068579e-03,5.365038630242100620e-02,2.771243126121549216e-01,2.309089533098574902e+05,2.439857313261700037e+05,2.998542129036035039e+05
5.628686837681712296e-01,2.662623788095306310e-01,2.857410973285796629e-01,5.169356467991412241e-02,9.206405981419232276e-01,1.268084613021264011e-03,5.204175108016205475e-02,2.725425704687751138e-01,2.304771706887361361e+05,2.431705873055213306e+05,2.982957921526745777e+05
5.694136684631500023e-01,2.672425870445680474e-01,2.867824119427195839e-01,5.127338490997421921e-02,9.190937955656220959e-01,1.223986745396475487e-03,5.110384906026715912e-02,2.699850475074760392e-01,2.300794455777546391e+05,2.425494111564723135e+05,2.972697107682744972e+05
5.759586531581286639e-01,2.681658005048461746e-01,2.877198119159132261e-01,5.080635560246440918e-02,9.176539479125072063e-01,1.185430693489692442e-03,5.026840887970574628e-02,2.676774171601483121e-01,2.297098446514992102e+05,2.419805891980532324e+05,2.963328412681638729e+05
5.825036378531074366e-01,2.689528769098652461e-01,2.885500363170523386e-01,4.771175473593830541e-02,9.163043535228134751e-01,1.147261727444924074e-03,4.937353193649567096e-02,2.648761125784857562e-01,2.293629038125646184e+05,2.414194713648272736e+05,2.952951165253248182e+05
5.890486225480862092e-01,2.696773891518784438e-01,2.892705458198223667e-01,4.298345450545493912e-02,9.150950964997794923e-01,1.111365244647054794e-03,4.848403391767349552e-02,2.618803405743524992e-01,2.290516154361066292e+05,2.408947826043632522e+05,2.942438592685330077e+05
5.955936072430648709e-01,2.702999049411385357e-01,2.898801405307205314e-01,3.740876139005829687e-02,9.140215111812479698e-01,1.078992911764108846e-03,4.764715594665114989e-02,2.589175061232004138e-01,2.287751260232530185e+05,2.404171667819747818e+05,2.932347543261121027e+05
6.021385919380436436e-01,2.708123514693845379e-01,2.903814217343692050e-01,2.977292079824462798e-02,9.131156579085458747e-01,1.047619507461620752e-03,4.678447523558720150e-02,2.556318431174434136e-01,2.285408193540018692e+05,2.399750332860332564e+05,2.921868752564973547e+05
6.086835766330224162e-01,2.712371725018067892e-01,2.907767177272324588e-01,2.088212371600402587e-02,9.123880348511997918e-01,1.018400091488408030e-03,4.594064301100687225e-02,2.522448677907585535e-01,2.283516087356720527e+05,2.395821694655516767e+05,2.911582256604895811e+05
6.152285613280010779e-01,2.715563053841538732e-01,2.910677630670317484e-01,1.345861154807240570e-02,9.118744183090186084e-01,9.957458850625225399e-04,4.527306020423749883e-02,2.495161035184252363e-01,2.282175410485203029e+05,2.392868696283140162e+05,2.903476304568609339e+05
6.217735460229798505e-01,2.717262327665448396e-01,2.912558171740489144e-01,7.180228588915026425e-03,9.115611911589750482e-01,9.787472874401347087e-04,4.475679791889409370e-02,2.473414846766949504e-01,2.281349846116038098e+05,2.390794972694672761e+05,2.897256689589174930e+05
6.283185307179586232e-01,2.717836894954084315e-01,2.913416643311279586e-01,5.776137870065628108e-16,9.114384898386399536e-01,9.636614926363661505e-04,4.426675342643966726e-02,2.451351032583801437e-01,2.281005378328190709e+05,2.389263108162699209e+05,2.891433982742549852e+05
6.348635154129372848e-01,2.717262327665448396e-01,2.910924164114749857e-01,7.180228588915126171e-03,9.115433624655840950e-01,9.840927669199071338e-04,4.488100500185920883e-02,2.476899608950240139e-01,2.281318638081260142e+05,2.391060918668608356e+05,2.898083308401519898e+05
6.414085001079160575e-01,2.715563053841547614e-01,2.903820929571674370e-01,1.345861154807162161e-02,9.118670604519740763e-01,1.018766397245675099e-03,4.580261889516444584e-02,2.509945773942498515e-01,2.282214567123049346e+05,2.394174198367846257e+05,2.907154094615560025e+05
6.479534848028948302e-01,2.712371725018067892e-01,2.895705017880958465e-01,2.088212371600381076e-02,9.123994965608099861e-01,1.060181432345803573e-03,4.689016141927217218e-02,2.548801220046481020e-01,2.283649194982889458e+05,2.398224144950205227e+05,2.918199046413645265e+05
6.544984694978734918e-01,2.708123514693854261e-01,2.886575034227059078e-01,2.977292079824434348e-02,9.131290402973681886e-01,1.109583143394485662e-03,4.817255436634185900e-02,2.594572479381279662e-01,2.285596558601906581e+05,2.403253986659274960e+05,2.931465720588740660e+05
6.610434541928522645e-01,2.702999049411385357e-01,2.876424135958961514e-01,3.740876139005840789e-02,9.140373781627144645e-01,1.162553657981815498e-03,4.949022978240660842e-02,2.639580608556709729e-01,2.287999829551740550e+05,2.408819019862802525e+05,2.944988597545963130e+05
6.675884388878310371e-01,2.696773891518784438e-01,2.865223539319474710e-01,4.298345450545422441e-02,9.151022420011054592e-01,1.217982261984079228e-03,5.079736440768483491e-02,2.681554062095577451e-01,2.290800560657723981e+05,2.414749016021975549e+05,2.958144120526657789e+05
6.741334235828096988e-01,2.689528769098643579e-01,2.852985023885379334e-01,4.771175473593949196e-02,9.163087146892046064e-01,1.278595820770428611e-03,5.217279572839616381e-02,2.724017832514670778e-01,2.293968276274937380e+05,2.421203776044001861e+05,2.971776244851679076e+05
6.806784082777884715e-01,2.681658005048479509e-01,2.839746180583535562e-01,5.080635560246517246e-02,9.176450025769824492e-01,1.343053775718044355e-03,5.356501334345601523e-02,2.764560812660886158e-01,2.297470140881751431e+05,2.428025039801096136e+05,2.985252709607677534e+05
6.872233929727672441e-01,2.672425870445680474e-01,2.825553068114512456e-01,5.127338490997528087e-02,9.191134571053780622e-01,1.409192519983039566e-03,5.490214563610281567e-02,2.799996097217406499e-01,2.301306624063402705e+05,2.435039006853702303e+05,2.997782667067796574e+05
6.937683776677459058e-01,2.662623788095306310e-01,2.810460212952552439e-01,5.169356467991347015e-02,9.206459320692285120e-01,1.482915552360123150e-03,5.635527237383013838e-02,2.837939910978269920e-01,2.305322119053971546e+05,2.442503011107646453e+05,3.011099807917638682e+05
7.003133623627246784e-01,2.651490294514564638e-01,2.794530609345580174e-01,5.437714785810359580e-02,9.222768944976076355e-01,1.570610954140320851e-03,5.809286754354740095e-02,2.885538472636970386e-01,2.309618763629370078e+05,2.450924405102887540e+05,3.027076854403261677e+05
7.068583470577034511e-01,2.639640608441817804e-01,2.776732059705500077e-01,5.782259425534459069e-02,9.239946366079889728e-01,1.675912892990332609e-03,6.013033577714007455e-02,2.941054377907725836e-01,2.314176373752448126e+05,2.460312430962822691e+05,3.045250185996904038e+05
7.134033317526821127e-01,2.626488513556841653e-01,2.753998081050736957e-01,6.128719391985569531e-02,9.257708893250795601e-01,1.817937616713490977e-03,6.276276747352045604e-02,3.010433280084947594e-01,2.318972067354482424e+05,2.471334141996500257e+05,3.067035543333935784e+05
7.199483164476608854e-01,2.612494550553181583e-01,2.730921926647580378e-01,6.662476316758433881e-02,9.276336047325333123e-01,1.980077677077223507e-03,6.569832383269576248e-02,3.088491856707822891e-01,2.324034206024026207e+05,2.483329821413072932e+05,3.091206976008288912e+05
7.264933011426396581e-01,2.597470304727078627e-01,2.707683494155581627e-01,7.359113818170157084e-02,9.295454564678130582e-01,2.163225217051996559e-03,6.892380129670253042e-02,3.174395034986020048e-01,2.329271704212162585e+05,2.496173144411288959e+05,3.117462399916037684e+05
7.330382858376183197e-01,2.581416083703951259e-01,2.684442833199875977e-01,7.999293532054514710e-02,9.315395959870416132e-01,2.360974695193781506e-03,7.225344223212473715e-02,3.260577819757930484e-01,2.334751426705588528e+05,2.509482595547916135e+05,3.143993444907086669e+05
7.395832705325970924e-01,2.564654229627700843e-01,2.661332024254328132e-01,8.629341690083755512e-02,9.335874444501989222e-01,2.575029120059280172e-03,7.571353399206021129e-02,3.348218816280011945e-01,2.340406183925645310e+05,2.523252446105647832e+05,3.171023315195500036e+05
7.461282552275758650e-01,2.547210782545015206e-01,2.638455178641505583e-01,9.394944277017266976e-02,9.356900653726467620e-01,2.811838367253580075e-03,7.943120908333980990e-02,3.442214581065211609e-01,2.346254759349751112e+05,2.537803186139966419e+05,3.199778808697919594e+05
7.526732399225545267e-01,2.529114724659793367e-01,2.615888438532696370e-01,1.013076570551689204e-01,9.378761108332583918e-01,3.065462584452526874e-03,8.325153358808495829e-02,3.536595919551761558e-01,2.352353933544277097e+05,2.552819111053358356e+05,3.228839256971086725e+05
7.592182246175332994e-01,2.510502262156206754e-01,2.593679976947873556e-01,1.065853702101289546e-01,9.400863510532554423e-01,3.327227645984540908e-03,8.698428596706742066e-02,3.624512205784003460e-01,2.358533946748099988e+05,2.567676592550807109e+05,3.256343929079139489e+05
7.657632093125120720e-01,2.491636653312001570e-01,2.571849997755748518e-01,1.110950419576774706e-01,9.423639949815776351e-01,3.602463754410781000e-03,9.074149460460372019e-02,3.710389240055890769e-01,2.364916146839970897e+05,2.582763723965453391e+05,3.283507297467917087e+05
7.723081940074907337e-01,2.472614254160374614e-01,2.550390735673726539e-01,1.152342056375975504e-01,9.446943455786158683e-01,3.893350065452228122e-03,9.455830163184703041e-02,3.795580095427616429e-01,2.371469239110170165e+05,2.598131618026157084e+05,3.310630887803444057e+05
7.788531787024695063e-01,2.453539492244685150e-01,2.529266456267933449e-01,1.165990930121467151e-01,9.470830037764423892e-01,4.185786010526398697e-03,9.816244486956438031e-02,3.870652068946704993e-01,2.378171974467422115e+05,2.613113621615016891e+05,3.335370526677782182e+05
7.853981633974482790e-01,2.434644837421098273e-01,2.508413455953188986e-01,1.147482661178412106e-01,9.494880253288605632e-01,4.474871193028938376e-03,1.014785934979350185e-01,3.933432075696585151e-01,2.384907241304723721e+05,2.627416547066989006e+05,3.357078082246297272e+05
7.919431480924269406e-01,2.416077795390112470e-01,2.487740521964667550e-01,1.117816895501863722e-01,9.518823180142513829e-01,4.773123625555813522e-03,1.047383330323269773e-01,3.992058590146867481e-01,2.391638604099517979e+05,2.641551627616445767e+05,3.377720442572344909e+05
7.984881327874057133e-01,2.397945156291401148e-01,2.467152220240516058e-01,1.074295417774641381e-01,9.542737106246262924e-01,5.079223840723227044e-03,1.079111931335929170e-01,4.045490813304060684e-01,2.398382336163373839e+05,2.655462259395548026e+05,3.397056979887580965e+05
8.050331174823844860e-01,2.380018805921615410e-01,2.446560794836658559e-01,9.978562413419446442e-02,9.566497147557718739e-01,5.378074116618660090e-03,1.107478706164943261e-01,4.085697509377643755e-01,2.405069472180976300e+05,2.668493963430665317e+05,3.413048664233841118e+05
8.115781021773631476e-01,2.362447780278085219e-01,2.425887325460429622e-01,8.984737100493954409e-02,9.590674217150800818e-01,5.675364309199070444e-03,1.133552833629578038e-01,4.116497735517623546e-01,2.411856965060697694e+05,2.681056762695094803e+05,3.426792988167105941e+05
8.181230868723419203e-01,2.345268625504370874e-01,2.405066530987367557e-01,7.960605313757206092e-02,9.614523050366251544e-01,5.987817894176994046e-03,1.159942734446861301e-01,4.146288330843241887e-01,2.418600307327005430e+05,2.693616446203278028e+05,3.440202845302373753e+05
8.246680715673206929e-01,2.327940042343428217e-01,2.384046769461223292e-01,6.816958235276793232e-02,9.637856758373899435e-01,6.308115417332076438e-03,1.185429920751519539e-01,4.171209871008668690e-01,2.425234478136805119e+05,2.705821669781354722e+05,3.452266657345641870e+05
8.312130562622993546e-01,2.310771717403641290e-01,2.362790038093942613e-01,5.448935901484167066e-02,9.661230705880782255e-01,6.624544721232954007e-03,1.208347639463821788e-01,4.186352107177735427e-01,2.431869038273277984e+05,2.717394586336151115e+05,3.461895703264629119e+05
8.377580409572781273e-01,2.293071164954652019e-01,2.341271973265657280e-01,4.022939933125246198e-02,9.684343126554911807e-01,6.952811099397272245e-03,1.230990984526017656e-01,4.198900167236790382e-01,2.438467809387221059e+05,2.728833527770232758e+05,3.470810823447925504e+05
8.443030256522568999e-01,2.274995228904002076e-01,2.319481850524738320e-01,2.657200666595844682e-02,9.707654598709988258e-01,7.307351604294054156e-03,1.255203259780789948e-01,4.214271748704097043e-01,2.445182028688232240e+05,2.740714464622694650e+05,3.480481586853521294e+05
8.508480103472355616e-01,2.256258540718549810e-01,2.297422584587742733e-01,1.241106649123575704e-02,9.730874374964029183e-01,7.676023083582538160e-03,1.279230930684235323e-01,4.227285822648895741e-01,2.451908651449963509e+05,2.752526326412066119e+05,3.489540049403231242e+05
8.573929950422143342e-01,2.236458577036550821e-01,2.275110729339422377e-01,2.440732767097192335e-03,9.753883570866570540e-01,8.125414001539712008e-03,1.311146537346549179e-01,4.260639208257707145e-01,2.458784427720491949e+05,2.766257527053279919e+05,3.503630694781069178e+05
8.639379797371931069e-01,2.215647443254518123e-01,2.252576477832732849e-01,1.647102809501909543e-02,9.776797380200112908e-01,8.976580486548259644e-03,1.387694840802035645e-01,4.414046027987854615e-01,2.466640796266398975e+05,2.791123055250537000e+05,3.547710852046991931e+05
8.704829644321717685e-01,2.193698341059890922e-01,2.229863662288851245e-01,2.935971533494996163e-02,9.799627069884941921e-01,9.897924067673334603e-03,1.466508580566033282e-01,4.566736054591426508e-01,2.474651577640418836e+05,2.816533912612743443e+05,3.591590781119092135e+05
8.770279491271505412e-01,2.170554785176861401e-01,2.207029754097149521e-01,4.197747961154108670e-02,9.822837851821716315e-01,1.090818658227077700e-02,1.549159439198969090e-01,4.722826853818462567e-01,2.482979929411105986e+05,2.842999322755171452e+05,3.636416176410044427e+05
8.835729338221293139e-01,2.146224090083563851e-01,2.184145863815194488e-01,5.406986324729728954e-02,9.845853047300036076e-01,1.200811526165359612e-02,1.635118568275500395e-01,4.880752428436846979e-01,2.491483549979142845e+05,2.870242903893884504e+05,3.681651368934220518e+05
8.901179185171079755e-01,2.120570314961449654e-01,2.161296741168756697e-01,6.477299166728728297e-02,9.869082619799408596e-01,1.318317649380840520e-02,1.722409262553736276e-01,5.035458809317753248e-01,2.500228596184373309e+05,2.897872970588285825e+05,3.726135357279290329e+05
8.966629032120867482e-01,2.093809124438799074e-01,2.132722158837303539e-01,7.428932379399161290e-02,9.892254957789615721e-01,1.472039759040389556e-02,1.829106510623950410e-01,5.213522276980124825e-01,2.509864733423413709e+05,2.930340367103391909e+05,3.776444308692434570e+05
9.032078879070655208e-01,2.066013722745898562e-01,2.103446991592967663e-01,8.312983958331728040e-02,9.915302560137734256e-01,1.645441329231854544e-02,1.942882364633429226e-01,5.396765834441499265e-01,2.519961673265229620e+05,2.964546231192790437e+05,3.828017098644808284e+05
9.097528726020441825e-01,2.036990980344359770e-01,2.073934472523308870e-01,9.102542246150621685e-02,9.938734743108295078e-01,1.837725317479557349e-02,2.062010471347456853e-01,5.581622669174797213e-01,2.530626818714062974e+05,3.000186303613937926e+05,3.880089353070773068e+05
9.162978572970229552e-01,2.006944116151467838e-01,2.044240480205754551e-01,9.770427147944249491e-02,9.962359515251337783e-01,2.049647718775433544e-02,2.185778018047599969e-01,5.766073233461935788e-01,2.541831071782220097e+05,3.037034383324734517e+05,3.932108187178318040e+05
9.228428419920017278e-01,1.975751228325597353e-01,2.014420121968436561e-01,1.034987016290354334e-01,9.986424012125085792e-01,2.283707812701869094e-02,2.314922103664464881e-01,5.951576043949354800e-01,2.553698698348817998e+05,3.075336528947387706e+05,3.984500014018610236e+05
9.293878266869803895e-01,1.943184306609682110e-01,1.983266094313220762e-01,1.086524179746468227e-01,1.001063822235620071e+00,2.553204794670285369e-02,2.455298188163667350e-01,6.145867649815374145e-01,2.566489675455807592e+05,3.116484102629967383e+05,4.039126468042894267e+05
9.359328113819591621e-01,1.909223985072028285e-01,1.944883939064823153e-01,1.130304922529731249e-01,1.003496750732529863e+00,2.920592848582593756e-02,2.633839939316334200e-01,6.380938028799206796e-01,2.581756698045889498e+05,3.167201861660408322e+05,4.103976384031125926e+05
9.424777960769379348e-01,1.873689444989921071e-01,1.906320111465626965e-01,1.166508116423038144e-01,1.005984846840548341e+00,3.339006537769875771e-02,2.823687719274013408e-01,6.620819503856781862e-01,2.598437280545617978e+05,3.220884046919873799e+05,4.170166993065566057e+05
9.490227807719165964e-01,1.836426665460813012e-01,1.867651063744997231e-01,1.197635107565782342e-01,1.008533287169342207e+00,3.815757577507429554e-02,3.025936865365761452e-01,6.866726962165933257e-01,2.616727157361041172e+05,3.277817434264795738e+05,4.238014958464838564e+05
9.555677654668953691e-01,1.797334633067464438e-01,1.828952863124966299e-01,1.224661483235204712e-01,1.011127871904653919e+00,4.358306306901784527e-02,3.241263993916428388e-01,7.118934411239992155e-01,2.636777337434179499e+05,3.338135678240741836e+05,4.307553282571632881e+05
9.621127501618741418e-01,1.756388173551668430e-01,1.790301191820171667e-01,1.247235565886475606e-01,1.013759686246046288e+00,4.973928813487406286e-02,3.469836291573641929e-01,7.376752257159523429e-01,2.658747435952301021e+05,3.401858288508526166e+05,4.378587279904996394e+05
9.686577348568528034e-01,1.713606146210535641e-01,1.743561200403123124e-01,1.266156877495584754e-01,1.016413680492267213e+00,5.828486349090308827e-02,3.764236954792626322e-01,7.694503876133829134e-01,2.686746359957925742e+05,3.482093439928824664e+05,4.464660170264125336e+05
9.752027195518315761e-01,1.669191134367489227e-01,1.696826037031327061e-01,1.282697825477508990e-01,1.019066498290532419e+00,6.827351013172981709e-02,4.082454708507342600e-01,8.023966629359086111e-01,2.718350021055655670e+05,3.568279922853166936e+05,4.553657903066102881e+05
9.817477042468103487e-01,1.623430177010858344e-01,1.650334284942944763e-01,1.297091958604417727e-01,1.021667264532345909e+00,7.988389917859582690e-02,4.424648206555414354e-01,8.363962205505776071e-01,2.753877909277353901e+05,3.660330212969718268e+05,4.645158712707309169e+05
9.882926889417890104e-01,1.576643040611260815e-01,1.604171734461203869e-01,1.309279699490128179e-01,1.024284876444884196e+00,9.333612775208313672e-02,4.791632047763150770e-01,8.713952427321495220e-01,2.794052510492418660e+05,3.758620203052997822e+05,4.739200297942584148e+05
9.948376736367677831e-01,1.529142681040545071e-01,1.558422091447084767e-01,1.319725368735840954e-01,1.026838621417170971e+00,1.088760551326535819e-01,5.184384882006812800e-01,9.073767377466888107e-01,2.839286691374561051e+05,3.863192774044630351e+05,4.835538397909649648e+05
1.001382658331746445e+00,1.481169337210692660e-01,1.513167036231699569e-01,1.328753755854268637e-01,1.029300422726224351e+00,1.267679790826556629e-01,5.603717437086196407e-01,9.443069184916963454e-01,2.890171004522200092e+05,3.974180416087109479e+05,4.934018353044801624e+05
1.007927643026725217e+00,1.433083402178034760e-01,1.465018632010304245e-01,1.336170373043205073e-01,1.031643519215988736e+00,1.489958297194567127e-01,6.085643905680152566e-01,9.850341382595937390e-01,2.951598372338613262e+05,4.100519774460009648e+05,5.041694143688956392e+05
1.014472627721703990e+00,1.385108099728942221e-01,1.413470528372666735e-01,1.341787686664995816e-01,1.033907284795678727e+00,1.770710952852143916e-01,6.645873849877053097e-01,1.030346952734922938e+00,3.027445950202232925e+05,4.246236674458460184e+05,5.160635593826503609e+05
1.021017612416682763e+00,1.337161192336520088e-01,1.362763634013415270e-01,1.345567732304289443e-01,1.036058604127042537e+00,2.097919466939942856e-01,7.245818683329157128e-01,1.076766042849899074e+00,3.114626377052591997e+05,4.401601181149895419e+05,5.282061617442354327e+05
1.027562597111661535e+00,1.289347009369308239e-01,1.313006798069036307e-01,1.347267690299939480e-01,1.038136200239258677e+00,2.476994423064131645e-01,7.885343880829646102e-01,1.124122714996075523e+00,3.214589106364179752e+05,4.566676470805558492e+05,5.405647288088335190e+05
1.034107581806640086e+00,1.241634720513840051e-01,1.264310649283206800e-01,1.346460901683725897e-01,1.040077134614120657e+00,2.913196013881083068e-01,8.563458555902100366e-01,1.172197554518466633e+00,3.328491840005572303e+05,4.741057475510826916e+05,5.530686722831468796e+05
1.040652566501618859e+00,1.193727307438869900e-01,1.216787104511540818e-01,1.342804460852831672e-01,1.041935286102166902e+00,3.411453230608389453e-01,9.278415184914871050e-01,1.220747594906980593e+00,3.457701522907514591e+05,4.924442011484134709e+05,5.656707202522868756e+05
1.047197551196597631e+00,1.145755727616766251e-01,1.170495377004847626e-01,1.336002595877275045e-01,1.043842650207631895e+00,3.976763236382870881e-01,1.002850243077194392e+00,1.269561750663991351e+00,3.603797434614797239e+05,5.116732233212065767e+05,5.783511002179058269e+05
1.053742535891576404e+00,1.097275774743122767e-01,1.125612883019071475e-01,1.325677391662228588e-01,1.045902898556460014e+00,4.611685079765879269e-01,1.080902120621394014e+00,1.318261683501704251e+00,3.767678516332620056e+05,5.317012547944635153e+05,5.910411455145409564e+05
1.060287520586555177e+00,1.048633831418683826e-01,1.081994267148713718e-01,1.311464804836620368e-01,1.048156533939038404e+00,5.322501738410816419e-01,1.162018723733120984e+00,1.366807650426660414e+00,3.951016769450299907e+05,5.525438144180398667e+05,6.037410460914247669e+05
1.066832505281533949e+00,9.994269879299988446e-02,1.033254216766259503e-01,1.293119966486433181e-01,1.050488593989258090e+00,6.244893999726781608e-01,1.259524289967810962e+00,1.422817337399635562e+00,4.187444984904840821e+05,5.775032209892672254e+05,6.183264828472235240e+05
1.073377489976512500e+00,9.502806929976426176e-02,9.864272720603217692e-02,1.270465211580076026e-01,1.052774208746484641e+00,7.275965433752349387e-01,1.360113262547656410e+00,1.478038791924948026e+00,4.450926880304298829e+05,6.032218678235352272e+05,6.327032501678582048e+05
1.079922474671491273e+00,9.009870122780938573e-02,9.416959442687122817e-02,1.243361243782095948e-01,1.055177116224527811e+00,8.412726546484273760e-01,1.462768737129814589e+00,1.531940101603366688e+00,4.741124427182388026e+05,6.294864633385855705e+05,6.467793044569736812e+05
1.086467459366470045e+00,8.524117563488697868e-02,8.992528439665292694e-02,1.211772911463539076e-01,1.058017338622784909e+00,9.646706741318850087e-01,1.566255528843083944e+00,1.583951163331605905e+00,5.056720031886674697e+05,6.560682168664672645e+05,6.604921254885976668e+05
1.093012444061448818e+00,8.045108598660011268e-02,8.592787540143209668e-02,1.175794208827008885e-01,1.061460302804417832e+00,1.096371693550291848e+00,1.669187010922928538e+00,1.633504830919084050e+00,5.394579990886774613e+05,6.826618284318366786e+05,6.737412834308755118e+05
1.099557428756427591e+00,7.582988329667816885e-02,8.219433776319906571e-02,1.135613826407264326e-01,1.065094325446614087e+00,1.234340213600058522e+00,1.770045874073930880e+00,1.680042922717519094e+00,5.748586347616681596e+05,7.087850498801362701e+05,6.862843120410334086e+05
1.106102413451406363e+00,7.138382298328327380e-02,7.874275972991995332e-02,1.091512245541569198e-01,1.068326862268343280e+00,1.375819863581772440e+00,1.867149675366008621e+00,1.722995256756899130e+00,6.110366814625289990e+05,7.338691344085879391e+05,6.978305297563105123e+05
1.112647398146384914e+00,6.720105320124059034e-02,7.558882629611396453e-02,1.043880735717452046e-01,1.071531528626276542e+00,1.517508396196560749e+00,1.958799863915231754e+00,1.761845679645713592e+00,6.472599812057093950e+05,7.575828481353770476e+05,7.083443020679976325e+05
1.119192382841363687e+00,6.329457919336345384e-02,7.199390684730566647e-02,9.932052181933663515e-02,1.075326061701440628e+00,1.697707615572321860e+00,2.069567643583682059e+00,1.807819397311032805e+00,6.932584193184406031e+05,7.862234263212806545e+05,7.207863647531182505e+05
1.125737367536342459e+00,5.970988412133770851e-02,6.860431676874689799e-02,9.400344396023006810e-02,1.079170591373178389e+00,1.885523386224794429e+00,2.178274306019821527e+00,1.851184005335910765e+00,7.411734943994932109e+05,8.143612243482499616e+05,7.325886491772723384e+05
1.132282352231321232e+00,5.646135052123124609e-02,6.554992133388459763e-02,8.849635665420128861e-02,1.081379234244727705e+00,2.070110053635609404e+00,2.279085417381553569e+00,1.889689856452170247e+00,7.878723219700843329e+05,8.401161629065703601e+05,7.427672726742244558e+05
1.138827336926300005e+00,5.353730853087057540e-02,6.283084550249640188e-02,8.286141499755730888e-02,1.082930286650406693e+00,2.246899828862269466e+00,2.370571802938662653e+00,1.923109870981119851e+00,8.324575288781690178e+05,8.633755223972672829e+05,7.515100394078816753e+05
1.145372321621278777e+00,5.094967173244224767e-02,6.044591000683485760e-02,7.716008521894435201e-02,1.084916717320328461e+00,2.411341512762542827e+00,2.451486599448221781e+00,1.951289377407298353e+00,8.740645575207177317e+05,8.841008291921374621e+05,7.590515236819066340e+05
1.151917306316257328e+00,4.863458845957868704e-02,5.839340887916755207e-02,7.145053872969853170e-02,1.087486089896034569e+00,2.559064228815874475e+00,2.520764208276370599e+00,1.974130102148411003e+00,9.116375796779772500e+05,9.020625745431012474e+05,7.654040480111114448e+05
1.158462291011236101e+00,4.660067789258715010e-02,5.667110945177622483e-02,6.578604832478839037e-02,1.088494115399267104e+00,2.686083078605207675e+00,2.577541758286534535e+00,1.991586579059936746e+00,9.436442985011186684e+05,9.165089684214504668e+05,7.700201736148009077e+05
1.165007275706214873e+00,4.475479278450222864e-02,5.451487871785776207e-02,6.021323817513644927e-02,1.083500200208664221e+00,2.860672505477718897e+00,2.655239137659726190e+00,2.016848444039782695e+00,9.860431764215957373e+05,9.346848344670976512e+05,7.750871610621117288e+05
1.171552260401193646e+00,4.310357643508488934e-02,5.252110253686748109e-02,5.477081621379939480e-02,1.079277643115192920e+00,3.030553921962312991e+00,2.728065994504382807e+00,2.039788282330292635e+00,1.027457891269376618e+06,9.518359094048939878e+05,7.797664813613713486e+05
1.178097245096172418e+00,4.155660241404479649e-02,5.085598119090750657e-02,4.948947109509298919e-02,1.076176627049085344e+00,3.176132712982369988e+00,2.787745267778154457e+00,2.057444627411350258e+00,1.063077335007864051e+06,9.659804737068099203e+05,7.834053136151089566e+05
1.184642229791151191e+00,4.011992039355849471e-02,4.951057653380708246e-02,4.439191357795214954e-02,1.073210824233129301e+00,3.294170143995523325e+00,2.833857780700055784e+00,2.069892682047326904e+00,1.091845242057163268e+06,9.767671512332962593e+05,7.857758765701140510e+05
1.191187214486129742e+00,3.873549650953211909e-02,4.847660454799562757e-02,3.949269506305663757e-02,1.068405443976131464e+00,3.382184992441417126e+00,2.866160513954652433e+00,2.077224153442958521e+00,1.112647609104386996e+06,9.836414894826959353e+05,7.864073993547724094e+05
1.197732199181108514e+00,3.740777211846335604e-02,4.774643534449829474e-02,3.479868300440361328e-02,1.058719514713624577e+00,3.438516200464969863e+00,2.884578026363689318e+00,2.079543433089292126e+00,1.124308928794648498e+06,9.858243852693284862e+05,7.845657369507291587e+05
1.204277183876087287e+00,3.612941985560169655e-02,4.731309316294129985e-02,3.030997828006182226e-02,1.050887963486220711e+00,3.462352673152288229e+00,2.889193876028636421e+00,2.076965490384607094e+00,1.128310159159627277e+06,9.850204598787141731e+05,7.819633634677069495e+05
1.210822168571066060e+00,3.489806570219577964e-02,4.626248752814277054e-02,2.602034900179464941e-02,1.044626468431999911e+00,3.559830129688528189e+00,2.924926404118473044e+00,2.085864379130669466e+00,1.151114149530132068e+06,9.923882181376182707e+05,7.826227118906673277e+05
1.217367153266044832e+00,3.375862714888544502e-02,4.546120512627016552e-02,2.191756680316547454e-02,1.039156046997654848e+00,3.630727335214142482e+00,2.949231225901527864e+00,2.090696257630573207e+00,1.167470845552949235e+06,9.970968182247956283e+05,7.824630761570569593e+05
1.223912137961023605e+00,3.269850054239942239e-02,4.494498244180977764e-02,1.798431745080956642e-02,1.034119593024427797e+00,3.668907017383138847e+00,2.959966736220184913e+00,2.090753704377215083e+00,1.175756652601891663e+06,9.985215823111531790e+05,7.812183243504107231e+05
1.230457122656002156e+00,3.178537957071103648e-02,4.470849349901406811e-02,1.419915635210666424e-02,1.029075930804250527e+00,3.673852723357776018e+00,2.957177078603737019e+00,2.086086362392117532e+00,1.175732163540506735e+06,9.965632523519969545e+05,7.787905732990921242e+05
1.237002107350980928e+00,3.103017365429305841e-02,4.474673389055983108e-02,1.053708803982365654e-02,1.025010822393550347e+00,3.645895374775701914e+00,2.941060925512546387e+00,2.076760560793753818e+00,1.167726549292312935e+06,9.915179369765240699e+05,7.754428457968260627e+05
1.243547092045959701e+00,3.046566238760828327e-02,4.505502077754730550e-02,6.970225089403019741e-03,1.022213898100155394e+00,3.586180766833498623e+00,2.911965797802808620e+00,2.062859781879432752e+00,1.152098666233413387e+06,9.835449239757410251e+05,7.712684199948970927e+05
1.250092076740938474e+00,3.012638959016999962e-02,4.562899288950195142e-02,3.468498942133027389e-03,1.020714407811339264e+00,3.496607594459050450e+00,2.870380725778699738e+00,2.044485381157373105e+00,1.129330500567597570e+06,9.727737833975097165e+05,7.662999472421781393e+05
