phi_rad,baseline_standoff_m,Btotal_R_T,Btotal_phi_T,Btotal_Z_T,Bcoil_R_T,Bcoil_phi_T,Bcoil_Z_T,Bplasma_R_T,Bplasma_phi_T,Bplasma_Z_T,sin_incidence
0.000000000000000000e+00,3.000000000000024869e-02,5.106002731736225307e-16,-2.596594857913737897e+00,-5.790027165286331101e-01,3.330669073875469621e-16,-2.593578368584009475e+00,-5.712909365661440475e-01,1.775333657860755933e-16,-3.016489329728582781e-03,-7.711779962489065214e-03,1.919285579963000136e-16
6.544984694978735369e-03,3.012638959016999962e-02,9.226312891075894029e-03,-2.596310657930902099e+00,-5.786605000186173520e-01,8.922443135305647283e-03,-2.593312509140497824e+00,-5.709676583465270738e-01,3.038697557702468009e-04,-2.998148790404199081e-03,-7.692841672090322373e-03,3.468498942167681093e-03
1.308996938995747074e-02,3.046566238760828327e-02,1.853407655720788749e-02,-2.595468308428990234e+00,-5.776426206187642576e-01,1.792537443677704942e-02,-2.592520981960657611e+00,-5.700013268973527225e-01,6.087021204308393739e-04,-2.947326468332566850e-03,-7.641293721411587976e-03,6.970225089390230493e-03
1.963495408493620697e-02,3.103017365429305841e-02,2.800142212922215185e-02,-2.594094881677164732e+00,-5.759733788257003217e-01,2.708720786561340244e-02,-2.591221366540022331e+00,-5.684022479201780165e-01,9.142142636087501701e-04,-2.873515137142482797e-03,-7.571130905522359053e-03,1.053708803982753364e-02
2.617993877991494148e-02,3.178537957071103648e-02,3.770185734456448640e-02,-2.592227623426257566e+00,-5.736879152717487829e-01,3.648323175963003040e-02,-2.589442381104026580e+00,-5.661871890845071587e-01,1.218625584934458165e-03,-2.785242322230765347e-03,-7.500726187241676252e-03,1.419915635209424709e-02
3.272492347489367598e-02,3.269850054239942239e-02,4.770340999341236843e-02,-2.589911029681716048e+00,-5.708273290671269651e-01,4.618401473698759835e-02,-2.587224423393981176e+00,-5.633790942590023443e-01,1.519395256424766827e-03,-2.686606287734964564e-03,-7.448234808124629472e-03,1.798431745080867131e-02
3.926990816987241395e-02,3.375862714888544502e-02,5.806686447809708551e-02,-2.587198220919452396e+00,-5.674349139914773854e-01,5.625283371381919334e-02,-2.584619258461042790e+00,-5.600065142683894326e-01,1.814030764277893039e-03,-2.578962458409549650e-03,-7.428399723087940679e-03,2.191756680316435738e-02
4.581489286485114498e-02,3.489806570219489146e-02,6.884424933306915184e-02,-2.584152911902093397e+00,-5.635534705597519123e-01,6.674397126843195638e-02,-2.581688721156771837e+00,-5.561026461154533473e-01,2.100278064637200234e-03,-2.464190745321570737e-03,-7.450824444298568411e-03,2.602034900178807134e-02
5.235987755982988295e-02,3.612941985560080838e-02,8.007761082096528926e-02,-2.580849659414297559e+00,-5.592235264886651347e-01,7.770160917315103999e-02,-2.578504321652292486e+00,-5.517043675265448366e-01,2.376001647814242768e-03,-2.345337762005109475e-03,-7.519158962120292902e-03,3.030997828006115613e-02
5.890486225480862092e-02,3.740777211846335604e-02,9.179682419141724226e-02,-2.577372273027595195e+00,-5.544825361641807504e-01,8.915743941569799491e-02,-2.575147039027223084e+00,-5.468513100279741579e-01,2.639384775719249513e-03,-2.225234000372177095e-03,-7.631226136206605525e-03,3.479868300440659007e-02
6.544984694978735196e-02,3.873549650953300727e-02,1.040175369373849967e-01,-2.573811310935434360e+00,-5.493648768012179273e-01,1.011280995316962833e-01,-2.571705354665156040e+00,-5.415845911568601956e-01,2.889437405688714301e-03,-2.105956270278128411e-03,-7.780285644357717856e-03,3.949269506305801841e-02
7.199483164476608299e-02,4.011992039355760653e-02,1.167406528875862687e-01,-2.570262186042418850e+00,-5.439022043298992193e-01,1.136142809622790045e-01,-2.568272878871430187e+00,-5.359452660123946721e-01,3.126371925307258083e-03,-1.989307170988664254e-03,-7.956938317504571451e-03,4.439191357794304571e-02
7.853981633974482790e-02,4.155660241404479649e-02,1.299515648960623826e-01,-2.566823925390038674e+00,-5.381238260597333012e-01,1.265999127819706360e-01,-2.564947152484201798e+00,-5.299729219877562514e-01,3.351652114091741366e-03,-1.876772905836799742e-03,-8.150904071977016843e-03,4.948947109509295450e-02
8.508480103472355893e-02,4.310357643508488934e-02,1.436179915674931362e-01,-2.563596437319450860e+00,-5.320567898355503811e-01,1.400502430617836525e-01,-2.561827646126614511e+00,-5.237043898245559159e-01,3.567748505709485932e-03,-1.768791192836239191e-03,-8.352400010994446081e-03,5.477081621380133769e-02
9.162978572970228996e-02,4.475479278450134046e-02,1.576887513786661421e-01,-2.560676174566048235e+00,-5.257255118755334022e-01,1.539111682295154770e-01,-2.559012033681470566e+00,-5.171722946214958316e-01,3.777583149150668534e-03,-1.664140884577527263e-03,-8.553217254037572340e-03,6.021323817512900384e-02
9.817477042468103487e-02,4.660067789258626192e-02,1.720941073304529390e-01,-2.558153063483884715e+00,-5.191511789954166289e-01,1.681104494980812103e-01,-2.556593247467227936e+00,-5.104036201631574343e-01,3.983657832371739933e-03,-1.559816016656572065e-03,-8.747558832259199821e-03,6.578604832478643361e-02
1.047197551196597659e-01,4.863458845958046339e-02,1.867453851129173281e-01,-2.556108860680029071e+00,-5.123511874523576370e-01,1.825583645003384659e-01,-2.554657507838656194e+00,-5.034186011306032160e-01,4.187020612578857062e-03,-1.451352841373041488e-03,-8.932586321754455716e-03,7.145053872970015540e-02
1.112647398146384969e-01,5.094967173244313585e-02,2.015346757490129592e-01,-2.554614517595788392e+00,-5.053384209474436339e-01,1.971483125229417377e-01,-2.553280936159162628e+00,-4.962298561463203694e-01,4.386363226071211124e-03,-1.333581436625981380e-03,-9.108564801123313071e-03,7.716008521894411609e-02
1.178097245096172418e-01,5.353730853087146357e-02,2.163373438860819176e-01,-2.553727697729808899e+00,-4.981201325096556443e-01,2.117597784213971490e-01,-2.552525974070678938e+00,-4.888416508338953026e-01,4.577565464684768548e-03,-1.201723659130013401e-03,-9.278481675760336458e-03,8.286141499756344286e-02
1.243547092045959729e-01,5.646135052123124609e-02,2.310157557077336665e-01,-2.553492481061147235e+00,-4.906965637637801803e-01,2.262618423896967101e-01,-2.552439877241370336e+00,-4.812494754678745545e-01,4.753913318036952045e-03,-1.052603819776677142e-03,-9.447088295905632649e-03,8.849635665420184372e-02
1.308996938995747039e-01,5.970988412133682033e-02,2.454224670494943583e-01,-2.553938568274213505e+00,-4.830594736507310971e-01,2.405154299507920868e-01,-2.553052928306592140e+00,-4.734399849779662439e-01,4.907037098702275030e-03,-8.856399676214199695e-04,-9.619488672764853199e-03,9.400344396022621007e-02
1.374446785945534488e-01,6.329457919336434202e-02,2.594058296289383780e-01,-2.555078746354844998e+00,-4.751907672017973150e-01,2.543774357592557545e-01,-2.554375434839739611e+00,-4.653911695429062134e-01,5.028393869682616646e-03,-7.033115151051758281e-04,-9.799597658891124122e-03,9.932052181933219426e-02
1.439896632895321660e-01,6.720105320124059034e-02,2.728177343891435847e-01,-2.556908528410515302e+00,-4.670617523949966432e-01,2.677067993292330805e-01,-2.556397587884117417e+00,-4.570728575892883394e-01,5.110935059910516262e-03,-5.109405263976719630e-04,-9.988894805708296853e-03,1.043880735717454961e-01
1.505346479845109109e-01,7.138382298328327380e-02,2.855181862046792807e-01,-2.559407005575906169e+00,-4.586333840371960013e-01,2.803676576997748415e-01,-2.559091179696597163e+00,-4.484475462128663659e-01,5.150528504904440877e-03,-3.158258793090412621e-04,-1.018583782432965455e-02,1.091512245541590570e-01
1.570796326794896558e-01,7.582988329667816885e-02,2.973787659581115794e-01,-2.562533864939900319e+00,-4.498573015772179828e-01,2.922319933459459618e-01,-2.562407909949293128e+00,-4.394712120928906396e-01,5.146772612165605512e-03,-1.259549906071612485e-04,-1.038608948432736233e-02,1.135613826407305682e-01
1.636246173744683730e-01,8.045108598660100085e-02,3.082905668930268073e-01,-2.566227724589954295e+00,-4.406777773930247166e-01,3.031875473393763620e-01,-2.566279102806614087e+00,-4.300943282861764416e-01,5.103019553650420086e-03,5.137821665964422703e-05,-1.058344910684826459e-02,1.175794208827029286e-01
1.701696020694471179e-01,8.524117563488697868e-02,3.181692516675869720e-01,-2.570412307208271852e+00,-4.310348380787447642e-01,3.131436057974301690e-01,-2.570623028814786437e+00,-4.202636602394994592e-01,5.025645870156806444e-03,2.107216065145286815e-04,-1.077117783924528768e-02,1.211772911463548374e-01
1.767145867644258628e-01,9.009870122780849755e-02,3.269508582796245566e-01,-2.575000098784193892e+00,-4.208673969018315586e-01,3.220280588983909786e-01,-2.575349239116541789e+00,-4.099240613375964015e-01,4.922799381233595312e-03,3.491403323476828025e-04,-1.094333556423513973e-02,1.243361243782105663e-01
1.832595714594045799e-01,9.502806929976337358e-02,3.345925955099449123e-01,-2.579887899224182934e+00,-4.101151986039627828e-01,3.297896355268435942e-01,-2.580354216548457202e+00,-3.990193910354505880e-01,4.802959983101304231e-03,4.663173242740641989e-04,-1.109580756851221567e-02,1.270465211580043274e-01
1.898045561543833248e-01,9.994269879300077264e-02,3.410835532075179866e-01,-2.584963173721083418e+00,-3.987211147449640225e-01,3.364098932884659332e-01,-2.585527295514709500e+00,-3.874942751860421808e-01,4.673659919052055960e-03,5.641217936261660884e-04,-1.122683955892181916e-02,1.293119966486418193e-01
1.963495408493620697e-01,1.048633831418674944e-01,3.464413760991209568e-01,-2.590123003170454297e+00,-3.866348005845123281e-01,3.419007496809642888e-01,-2.590768812793469600e+00,-3.752977467962399505e-01,4.540626418156646325e-03,6.458096230151129250e-04,-1.133705378827235856e-02,1.311464804836612319e-01
2.028945255443407869e-01,1.097275774743122767e-01,3.506955081303447241e-01,-2.595274348188064462e+00,-3.738144499608835880e-01,3.462880404168738879e-01,-2.595989438955862649e+00,-3.623854126363106887e-01,4.407467713470863101e-03,7.150907677982094911e-04,-1.142903732457287332e-02,1.325677391662221927e-01
2.094395102393195318e-01,1.145755727616757369e-01,3.538938400734651379e-01,-2.600321541175248274e+00,-3.602259035998464087e-01,3.496179734425469698e-01,-2.601096846108662763e+00,-3.487192475663467017e-01,4.275866630918163762e-03,7.753049334145761980e-04,-1.150665603349971047e-02,1.336002595877315291e-01
2.159844949342982767e-01,1.193727307438869900e-01,3.561198025773697484e-01,-2.605185647908562441e+00,-3.458450197351091715e-01,3.519736826183205158e-01,-2.606014535566636869e+00,-3.342707597911694917e-01,4.146119959049223043e-03,8.288876580743877827e-04,-1.157425994393968156e-02,1.342804460852823345e-01
2.225294796292769939e-01,1.241634720513848933e-01,3.574680175012296401e-01,-2.609831275261134564e+00,-3.306630398217870193e-01,3.534502168771558872e-01,-2.610708479154012274e+00,-3.190271149492839298e-01,4.017800624073769415e-03,8.772038928779235176e-04,-1.163592487250306694e-02,1.346460901683735334e-01
2.290744643242557388e-01,1.289347009369326003e-01,3.580147547207550573e-01,-2.614240123736905286e+00,-3.146852738996973597e-01,3.541244203331125329e-01,-2.615160834046639238e+00,-3.029904346286521610e-01,3.890334387642524917e-03,9.207103097339881716e-04,-1.169483927104519004e-02,1.347267690299952803e-01
2.356194490192344837e-01,1.337161192336520088e-01,3.578492906159528308e-01,-2.618386603387178546e+00,-2.979260165110014791e-01,3.540859323120949531e-01,-2.619345922611886035e+00,-2.861731106643221612e-01,3.763358303857900281e-03,9.593192247076876055e-04,-1.175290584667931966e-02,1.345567732304291386e-01
2.421644337142132009e-01,1.385108099728951103e-01,3.570904975090316014e-01,-2.622287771479689944e+00,-2.804146019430286962e-01,3.534536672414276826e-01,-2.623280574047767821e+00,-2.686040124572277588e-01,3.636830267603938325e-03,9.928025680777542022e-04,-1.181058948580091840e-02,1.341787686664984713e-01
2.487094184091919458e-01,1.433083402178034760e-01,3.558165149934268690e-01,-2.626021160552595379e+00,-2.622042153653209584e-01,3.523055664018157618e-01,-2.627042258689090914e+00,-2.503372078853803306e-01,3.510948591611099366e-03,1.021098136495669599e-03,-1.186700747994064165e-02,1.336170373043202297e-01
2.552544031041706907e-01,1.481169337210683778e-01,3.540468800241668434e-01,-2.629639534723230199e+00,-2.433612371460066592e-01,3.506608910086421727e-01,-2.630683979661196936e+00,-2.314410114116789430e-01,3.385989015524645644e-03,1.044444937966524821e-03,-1.192022573432771626e-02,1.328753755854262253e-01
2.617993877991494078e-01,1.529142681040545071e-01,3.518378009425949804e-01,-2.633167586514049141e+00,-2.239529715604247073e-01,3.485756358894790963e-01,-2.634230936453131555e+00,-2.119852736724065767e-01,3.262165053115860264e-03,1.063349939082565291e-03,-1.196769788801812714e-02,1.319725368735865101e-01
2.683443724941281250e-01,1.576643040611251934e-01,3.492596417297921252e-01,-2.636723252309823629e+00,-2.040653403889607642e-01,3.461200644287343309e-01,-2.637801698530986894e+00,-1.920585734993363047e-01,3.139577301057819899e-03,1.078446221163343547e-03,-1.200676688962445428e-02,1.309279699490124849e-01
2.748893571891068976e-01,1.623430177010858344e-01,3.462470738320287400e-01,-2.640468950169101436e+00,-1.838163887140784880e-01,3.432288122213760229e-01,-2.641559275916008698e+00,-1.717812445911375829e-01,3.018261610652690687e-03,1.090325746907205851e-03,-1.203514412294090855e-02,1.297091958604419948e-01
2.814343418840856148e-01,1.669191134367489227e-01,3.426778239973894968e-01,-2.644432359745613859e+00,-1.633220419015977698e-01,3.397795248600900542e-01,-2.645531777772002435e+00,-1.512707508741798768e-01,2.898299137299443530e-03,1.099418026388746016e-03,-1.205129102741789131e-02,1.282697825477499276e-01
2.879793265790643320e-01,1.713606146210535641e-01,3.385696706162920067e-01,-2.648633885931016341e+00,-1.426760704240931099e-01,3.357897415642664973e-01,-2.649739837244119212e+00,-1.306214200362402766e-01,2.779929052025518869e-03,1.105951313102984494e-03,-1.205465038785283674e-02,1.266156877495583366e-01
2.945243112740431046e-01,1.756388173551659548e-01,3.338868613582299250e-01,-2.653308342411917486e+00,-1.220040212829584525e-01,3.312232510040974964e-01,-2.654418335809621610e+00,-1.099583170919343211e-01,2.663610354132412913e-03,1.109993397703935196e-03,-1.204570419102413310e-02,1.247235565886478104e-01
3.010692959690218218e-01,1.797334633067464438e-01,3.282996029504222091e-01,-2.658622629334953746e+00,-1.014835992798935604e-01,3.257495979656824803e-01,-2.659734169392813374e+00,-8.945773347938433540e-02,2.550004984739740518e-03,1.111540057859577426e-03,-1.202586580050922331e-02,1.224661483235209292e-01
3.076142806640005389e-01,1.836426665460813012e-01,3.215630217285849191e-01,-2.664419338816705896e+00,-8.125223025615850581e-02,3.191231348811923163e-01,-2.665529947567666813e+00,-6.925499003147005117e-02,2.439886847392598850e-03,1.110608750961064508e-03,-1.199724022468845984e-02,1.197635107565771656e-01
3.141592653589793116e-01,1.873689444989921071e-01,3.137665801427309553e-01,-2.670724735015081563e+00,-6.138659367758877300e-02,3.114325727360272023e-01,-2.671832037624849665e+00,-4.942429030512635046e-02,2.334007406703737450e-03,1.107302609768079892e-03,-1.196230337246242253e-02,1.166508116423045222e-01
3.207042500539580288e-01,1.909223985072037166e-01,3.046811987127309163e-01,-2.677961703167324625e+00,-4.205683778480789198e-02,3.024482384640972410e-01,-2.679063531494649819e+00,-3.013327995494508374e-02,2.232960248633649673e-03,1.101828327325004350e-03,-1.192355782986280824e-02,1.130304922529734857e-01
3.272492347489367459e-01,1.943184306609682110e-01,2.935998338724264412e-01,-2.686092607765231843e+00,-2.354083202401109631e-02,2.914627509000033978e-01,-2.687187079638567511e+00,-1.165761250583210139e-02,2.137082972423056358e-03,1.094471873335580141e-03,-1.188321951817899319e-02,1.086524179746470864e-01
3.337942194439155186e-01,1.975751228325597353e-01,2.803898674912426725e-01,-2.694559147997656723e+00,-5.973561965109216998e-03,2.783434482267582166e-01,-2.695644698432591913e+00,5.869416793735884874e-03,2.046419264484451977e-03,1.085550434935301112e-03,-1.184297875884510187e-02,1.034987016290355166e-01
3.403392041388942357e-01,2.006944116151467838e-01,2.654230651396913832e-01,-2.703577825133875567e+00,1.063718591667507651e-02,2.634623210388843395e-01,-2.704653188786427798e+00,2.244104947175504933e-02,1.960744100807070532e-03,1.075363652552442824e-03,-1.180386355507997281e-02,9.770427147944350799e-02
3.468841888338729529e-01,2.036990980344359770e-01,2.480656784562927653e-01,-2.713796954575243614e+00,2.599978520120495296e-02,2.461860407138264650e-01,-2.714861117162501891e+00,3.776600031388742396e-02,1.879637742466308244e-03,1.064162587258244211e-03,-1.176621511268247100e-02,9.102542246150582828e-02
3.534291735288517255e-01,2.066013722745898562e-01,2.272950061756862095e-01,-2.724464883064128262e+00,3.961988911739140057e-02,2.254924220053719230e-01,-2.725517027611596532e+00,5.134965741120538218e-02,1.802584170314273189e-03,1.052144547468474717e-03,-1.172976829381398335e-02,8.312983958331665590e-02
3.599741582238304427e-01,2.093809124438807956e-01,2.037427970108841024e-01,-2.734495887427431882e+00,5.144712232408071850e-02,2.020137288114670915e-01,-2.735535358174814302e+00,6.314093730760539369e-02,1.729068199417017676e-03,1.039470747382450003e-03,-1.169381498352467519e-02,7.428932379399191821e-02
3.665191429188091599e-01,2.120570314961449654e-01,1.782075389790770126e-01,-2.744793334023120313e+00,6.164436728384089376e-02,1.765488878320013444e-01,-2.745819629860513977e+00,7.330178524760681824e-02,1.658651147075656694e-03,1.026295837393830478e-03,-1.165741796376592275e-02,6.477299166728824054e-02
3.730641276137879325e-01,2.146224090083563851e-01,1.492816500390981294e-01,-2.755985115300910948e+00,6.961790495544352420e-02,1.476906357201413222e-01,-2.756997911019217540e+00,8.123754292855576986e-02,1.591014318956805815e-03,1.012795718306705277e-03,-1.161963797311224393e-02,5.406986324729708138e-02
3.796091123087666497e-01,2.170554785176861401e-01,1.162470489751905867e-01,-2.765826357771077770e+00,7.454716813688999633e-02,1.147210797828479845e-01,-2.766825540319991283e+00,8.612690570515756094e-02,1.525969192342607837e-03,9.991825489136531811e-04,-1.157973756826756462e-02,4.197747961154226631e-02
3.861540970037453668e-01,2.193698341059899803e-01,8.148570198776426687e-02,-2.773166944043876203e+00,7.675785696420941995e-02,8.002226160556683010e-02,-2.774152645666057904e+00,8.829518867321288489e-02,1.463440382197432870e-03,9.857016221818302136e-04,-1.153733170900346841e-02,2.935971533495162697e-02
3.926990816987241395e-01,2.215647443254518123e-01,4.581910801347351125e-02,-2.780365093882313676e+00,7.669738892301904143e-02,4.441567690537283342e-02,-2.781337705169002028e+00,8.818985428259665249e-02,1.403431108100681307e-03,9.726112866882819083e-04,-1.149246535957760586e-02,1.647102809501956033e-02
3.992440663937028567e-01,2.236458577036559703e-01,6.805350700719272478e-03,-2.787271049429226988e+00,7.321600388709247065e-02,5.459369518071993665e-03,-2.788231201549487004e+00,8.466161486144843651e-02,1.345981182647279029e-03,9.601521202598184120e-04,-1.144561097435596413e-02,2.440732767095816699e-03
4.057890510886815738e-01,2.256258540718549810e-01,-3.463722365329419822e-02,-2.789853111846594569e+00,6.536883287679542964e-02,-3.592834933387351742e-02,-2.790801625731157642e+00,7.676642435515015905e-02,1.291125680579321370e-03,9.485138845629415612e-04,-1.139759147835472941e-02,1.241106649123617685e-02
4.123340357836603465e-01,2.274995228904010958e-01,-7.413372679890793682e-02,-2.788403697650720048e+00,5.434103667069660470e-02,-7.537258665219867537e-02,-2.789341505953459865e+00,6.569048210406099042e-02,1.238859853290740940e-03,9.378083027397627735e-04,-1.134944543336438572e-02,2.657200666595913724e-02
4.188790204786390636e-01,2.293071164954652019e-01,-1.122203774852707225e-01,-2.786956315266448048e+00,4.069696467442667637e-02,-1.134094911304300152e-01,-2.787884368469618845e+00,5.199922379370151837e-02,1.189113645159285693e-03,9.280532031706383803e-04,-1.130225911927484027e-02,4.022939933125160850e-02
4.254240051736177808e-01,2.310771717403632408e-01,-1.519002824470594148e-01,-2.783471323977486200e+00,2.270027942901975751e-02,-1.530420202728858259e-01,-2.784390494259173732e+00,3.395727383903356100e-02,1.141737825826409950e-03,9.191702816873928905e-04,-1.125699441001380349e-02,5.448935901484303068e-02
4.319689898685965534e-01,2.327940042343428217e-01,-1.895002033567475541e-01,-2.773368585458462210e+00,2.029700403315300161e-05,-1.905967064413948975e-01,-2.774279581259719407e+00,1.123463822381872562e-02,1.096503084647346181e-03,9.109958012572640443e-04,-1.121434121978557262e-02,6.816958235276751599e-02
4.385139745635752706e-01,2.345268625504370874e-01,-2.204222001184755197e-01,-2.760009093772282984e+00,-2.531012441920232892e-02,-2.214753129313019042e-01,-2.760912395461275981e+00,-1.413550543117674148e-02,1.053112812826377748e-03,9.033016889929451794e-04,-1.117461898802558917e-02,7.960605313757358747e-02
4.450589592585539878e-01,2.362447780278085219e-01,-2.479205834264463504e-01,-2.747677914488193096e+00,-5.318497506455670265e-02,-2.489318124796775777e-01,-2.748573738325332361e+00,-4.204723144526786860e-02,1.011229053231235599e-03,8.958238371390826824e-04,-1.113774361928883752e-02,8.984737100494055717e-02
4.516039439535327604e-01,2.380018805921615410e-01,-2.741188111864609200e-01,-2.732040071535303483e+00,-8.514088744193155922e-02,-2.750893200956796569e-01,-2.732928366123458019e+00,-7.403762201348251804e-02,9.705089092187146665e-04,8.882945881545218064e-04,-1.110326542844904639e-02,9.978562413419553301e-02
4.581489286485114776e-01,2.397945156291401148e-01,-2.931675169976601936e-01,-2.710469554199430586e+00,-1.202384243088101684e-01,-2.940981628638573708e-01,-2.711350030934828403e+00,-1.091679528736899940e-01,9.306458661971628429e-04,8.804767353977522876e-04,-1.107047143512017960e-02,1.074295417774650541e-01
4.646939133434901947e-01,2.416077795390112470e-01,-3.030159955360346991e-01,-2.689233803108957321e+00,-1.566900883887401841e-01,-3.039074034324556473e-01,-2.690105999425247862e+00,-1.456515546219586121e-01,8.914078964209618591e-04,8.721963162903959964e-04,-1.103853376678157541e-02,1.117816895501846375e-01
4.712388980384689674e-01,2.434644837421098273e-01,-3.093103614478727725e-01,-2.670651095019570320e+00,-1.948620972224934245e-01,-3.101630245551286191e-01,-2.671514465813269457e+00,-1.838554200600878152e-01,8.526631072558283828e-04,8.633707936989244236e-04,-1.100667716240560229e-02,1.147482661178414326e-01
4.777838827334476846e-01,2.453539492244685150e-01,-3.122702045270892568e-01,-2.649507019734896218e+00,-2.347404468453029858e-01,-3.130845896095879599e-01,-2.650361047952463078e+00,-2.237661122701871119e-01,8.143850824987201387e-04,8.540282175669775119e-04,-1.097433457511588252e-02,1.165990930121472147e-01
4.843288674284264017e-01,2.472614254160374614e-01,-3.063972826399073424e-01,-2.626845598537636661e+00,-2.749558560380684913e-01,-3.071739168923172669e-01,-2.627689910923495020e+00,-2.640145942235626042e-01,7.766342524099255394e-04,8.443123858584488739e-04,-1.094126181450587147e-02,1.152342056375954549e-01
4.908738521234051744e-01,2.491636653312001570e-01,-2.938024126657931001e-01,-2.609247547823362101e+00,-3.153389619804285449e-01,-2.945419305208605842e-01,-2.610082017599649529e+00,-3.044313720189787964e-01,7.395178550674799027e-04,8.344697762874698620e-04,-1.090758996144973111e-02,1.110950419576783588e-01
4.974188368183838915e-01,2.510502262156206754e-01,-2.808261187153962002e-01,-2.595500479618209955e+00,-3.555798998566340186e-01,-2.815292562945291843e-01,-2.596325296297598229e+00,-3.447060933977886266e-01,7.031375791329775226e-04,8.248166793882406780e-04,-1.087380645884541627e-02,1.065853702101284411e-01
5.039638215133626087e-01,2.529114724659793367e-01,-2.658974596235297860e-01,-2.581274815522073940e+00,-3.938565009895687030e-01,-2.665649982188922906e-01,-2.582090504911540574e+00,-3.830158312387312858e-01,6.675385953625213994e-04,8.156893894664413863e-04,-1.084066975083739989e-02,1.013076570551696975e-01
5.105088062083413813e-01,2.547210782545024088e-01,-2.459203983299247942e-01,-2.570262991406249586e+00,-4.301260292546003616e-01,-2.465530728374006608e-01,-2.571070376882403252e+00,-4.193169541924132160e-01,6.326745074758769209e-04,8.073854761537434775e-04,-1.080907506218716993e-02,9.394944277017250323e-02
5.170537909033200430e-01,2.564654229627700843e-01,-2.258725023623853467e-01,-2.565856360895776511e+00,-4.654435217945991354e-01,-2.264709013750421662e-01,-2.566656469264412266e+00,-4.546636241259884859e-01,5.983990126568252419e-04,8.001083686358961182e-04,-1.077989766861066519e-02,8.629341690083942862e-02
5.235987755982988157e-01,2.581416083703951259e-01,-2.095446324187283660e-01,-2.563234734771389522e+00,-4.979001241679658074e-01,-2.101091199598999759e-01,-2.564028663706076738e+00,-4.871462810338025307e-01,5.644875411716040754e-04,7.939289346871166103e-04,-1.075384313416328022e-02,7.999293532054535527e-02
5.301437602932775883e-01,2.597470304727078627e-01,-1.928590473815491591e-01,-2.560158569960623964e+00,-5.257119515801237375e-01,-1.933897304337535705e-01,-2.560947345211937787e+00,-5.149806203691438267e-01,5.306830522044229687e-04,7.887752513136711769e-04,-1.073133121097994032e-02,7.359113818170114063e-02
5.366887449882562500e-01,2.612494550553181583e-01,-1.749338909894449512e-01,-2.561204930615347930e+00,-5.510999902099950054e-01,-1.754306434369643786e-01,-2.561989386009614122e+00,-5.403875577393386642e-01,4.967524475194138233e-04,7.844553942660146759e-04,-1.071243247065629088e-02,6.662476316758446371e-02
5.432337296832350226e-01,2.626488513556841653e-01,-1.614543929227709729e-01,-2.565734596375209176e+00,-5.752834386190064375e-01,-1.619169293169628043e-01,-2.566515305670793445e+00,-5.645865723892538046e-01,4.625363941918360648e-04,7.807092955841468760e-04,-1.069686622975264158e-02,6.128719391985597981e-02
5.497787143782137953e-01,2.639640608441817804e-01,-1.526863564585324018e-01,-2.567975354206733840e+00,-5.957844422442725163e-01,-1.531143335958205787e-01,-2.568752631301977729e+00,-5.851003850322273880e-01,4.279771372881675546e-04,7.772770952439535036e-04,-1.068405721204515949e-02,5.782259425534597153e-02
5.563236990731924569e-01,2.651490294514564638e-01,-1.438420202141407478e-01,-2.569371308636982043e+00,-6.124318277670630639e-01,-1.442351359478275530e-01,-2.570145274430369664e+00,-6.017585890889887157e-01,3.931157336868189062e-04,7.739657933876673522e-04,-1.067323867807433956e-02,5.437714785810236762e-02
5.628686837681712296e-01,2.662623788095306310e-01,-1.371107415775044136e-01,-2.573474040524501572e+00,-6.273177058016984331e-01,-1.374688014848410300e-01,-2.574244736053798999e+00,-6.166541229212439967e-01,3.580599073366107742e-04,7.706955292973296590e-04,-1.066358288045444330e-02,5.169356467991412241e-02
5.694136684631500023e-01,2.672425870445680474e-01,-1.361470195997468158e-01,-2.573925889358478436e+00,-6.380207848473442578e-01,-1.364699528264577411e-01,-2.574693401419666294e+00,-6.273664484324722457e-01,3.229332267109128124e-04,7.675120611880058676e-04,-1.065433641487201558e-02,5.127338490997421921e-02
5.759586531581286639e-01,2.681658005048461746e-01,-1.344940450884270777e-01,-2.564842231972013220e+00,-6.411764975781489850e-01,-1.347818674674727546e-01,-2.565606793674166219e+00,-6.305315591203375369e-01,2.878223790456690078e-04,7.645617021529748421e-04,-1.064493845781146197e-02,5.080635560246440918e-02
5.825036378531074366e-01,2.689528769098652461e-01,-1.256981051792164517e-01,-2.552569686115669256e+00,-6.397987858417244489e-01,-1.259508450977528671e-01,-2.553331722331008802e+00,-6.291636821928975332e-01,2.527399185364286472e-04,7.620362153395306105e-04,-1.063510364882688623e-02,4.771175473593830541e-02
5.890486225480862092e-01,2.696773891518784438e-01,-1.128153914833808363e-01,-2.543348544707597636e+00,-6.382007519305770149e-01,-1.130330062507391570e-01,-2.544108649153861812e+00,-6.275758941910281052e-01,2.176147673583142951e-04,7.601044462642430602e-04,-1.062485773954889405e-02,4.298345450545493912e-02
5.955936072430648709e-01,2.702999049411385357e-01,-9.785046414425217776e-02,-2.535141527113045079e+00,-6.367264198934610153e-01,-9.803277776449177694e-02,-2.535900378846839054e+00,-6.261118978539895741e-01,1.823136202396023005e-04,7.588517337939553430e-04,-1.061452203947143430e-02,3.740876139005829687e-02
6.021385919380436436e-01,2.708123514693845379e-01,-7.764285314875493671e-02,-2.527894666622733322e+00,-6.360200222517210511e-01,-7.778953939651603311e-02,-2.528652912529285146e+00,-6.254153713681190885e-01,1.466862477610962915e-04,7.582459065518643406e-04,-1.060465088360195048e-02,2.977292079824462798e-02
6.086835766330224162e-01,2.712371725018067892e-01,-5.440608980816164647e-02,-2.525423718971662623e+00,-6.382283586415697929e-01,-5.451670964506356853e-02,-2.526181859506799743e+00,-6.276324251002802779e-01,1.106198369019210340e-04,7.581405351373219628e-04,-1.059593354128955146e-02,2.088212371600402587e-02
6.152285613280010779e-01,2.715563053841538732e-01,-3.506693860668551321e-02,-2.525039964030925344e+00,-6.416989062278842804e-01,-3.514102310053596190e-02,-2.525798278615806858e+00,-6.311098291385944803e-01,7.408449385045205954e-05,7.583145848817012891e-04,-1.058907708928979834e-02,1.345861154807240570e-02
6.217735460229798505e-01,2.717262327665448396e-01,-1.868308638406475722e-02,-2.521342028356860165e+00,-6.426388527158528596e-01,-1.872024119172572068e-02,-2.522100564667315581e+00,-6.320541636101151273e-01,3.715480766096321182e-05,7.585363104554864897e-04,-1.058468910573773410e-02,7.180228588915026425e-03
6.283185307179586232e-01,2.717836894954084315e-01,-1.501205511123267535e-15,-2.518394865160798357e+00,-6.421633930691039716e-01,-5.362140033346548323e-16,-2.519153496855995211e+00,-6.315802146274401840e-01,-9.649915077886127027e-16,7.586316951970095051e-04,-1.058317844166374588e-02,5.776137870065628108e-16
6.348635154129372848e-01,2.717262327665448396e-01,1.868308638406503130e-02,-2.521342028356862386e+00,-6.426388527158528596e-01,1.872024119172452025e-02,-2.522100564667316469e+00,-6.320541636101151273e-01,-3.715480765948937450e-05,7.585363104539884476e-04,-1.058468910573773063e-02,7.180228588915126171e-03
6.414085001079160575e-01,2.715563053841547614e-01,3.506693860668343848e-02,-2.525039964030923123e+00,-6.416989062278838363e-01,3.514102310053586475e-02,-2.525798278615806858e+00,-6.311098291385940362e-01,-7.408449385242903444e-05,7.583145848838146160e-04,-1.058907708928978446e-02,1.345861154807162161e-02
6.479534848028948302e-01,2.712371725018067892e-01,5.440608980816100809e-02,-2.525423718971658182e+00,-6.382283586415703480e-01,5.451670964506351302e-02,-2.526181859506799743e+00,-6.276324251002801669e-01,-1.106198369025049311e-04,7.581405351417166679e-04,-1.059593354129017423e-02,2.088212371600381076e-02
6.544984694978734918e-01,2.708123514693854261e-01,7.764285314875418731e-02,-2.527894666622733322e+00,-6.360200222517219393e-01,7.778953939651550575e-02,-2.528652912529284702e+00,-6.254153713681194215e-01,-1.466862477613139993e-04,7.582459065513253837e-04,-1.060465088360246916e-02,2.977292079824434348e-02
6.610434541928522645e-01,2.702999049411385357e-01,9.785046414425245531e-02,-2.535141527113044635e+00,-6.367264198934603492e-01,9.803277776449119407e-02,-2.535900378846839498e+00,-6.261118978539895741e-01,-1.823136202387455368e-04,7.588517337950494114e-04,-1.061452203947080113e-02,3.740876139005840789e-02
6.675884388878310371e-01,2.696773891518784438e-01,1.128153914833789212e-01,-2.543348544707596304e+00,-6.382007519305775700e-01,1.130330062507395039e-01,-2.544108649153862256e+00,-6.275758941910289934e-01,-2.176147673605864034e-04,7.601044462657315613e-04,-1.062485773954852282e-02,4.298345450545422441e-02
6.741334235828096988e-01,2.689528769098643579e-01,1.256981051792196158e-01,-2.552569686115669700e+00,-6.397987858417262252e-01,1.259508450977528393e-01,-2.553331722331009690e+00,-6.291636821928985324e-01,-2.527399185332182161e-04,7.620362153400776989e-04,-1.063510364882767033e-02,4.771175473593949196e-02
6.806784082777884715e-01,2.681658005048479509e-01,1.344940450884290761e-01,-2.564842231972012332e+00,-6.411764975781487630e-01,1.347818674674718387e-01,-2.565606793674167108e+00,-6.305315591203372039e-01,-2.878223790427495766e-04,7.645617021546014707e-04,-1.064493845781158340e-02,5.080635560246517246e-02
6.872233929727672441e-01,2.672425870445680474e-01,1.361470195997495358e-01,-2.573925889358475771e+00,-6.380207848473445909e-01,1.364699528264571304e-01,-2.574693401419667627e+00,-6.273664484324726898e-01,-3.229332267075886486e-04,7.675120611917466903e-04,-1.065433641487189761e-02,5.127338490997528087e-02
6.937683776677459058e-01,2.662623788095306310e-01,1.371107415775026095e-01,-2.573474040524500239e+00,-6.273177058016990992e-01,1.374688014848398365e-01,-2.574244736053799443e+00,-6.166541229212441078e-01,-3.580599073372249747e-04,7.706955292992329759e-04,-1.066358288045502790e-02,5.169356467991347015e-02
7.003133623627246784e-01,2.651490294514564638e-01,1.438420202141438009e-01,-2.569371308636978490e+00,-6.124318277670637301e-01,1.442351359478271922e-01,-2.570145274430369664e+00,-6.017585890889894928e-01,-3.931157336833978689e-04,7.739657933910392210e-04,-1.067323867807424415e-02,5.437714785810359580e-02
7.068583470577034511e-01,2.639640608441817804e-01,1.526863564585287381e-01,-2.567975354206733840e+00,-5.957844422442721832e-01,1.531143335958191909e-01,-2.568752631301976397e+00,-5.851003850322274991e-01,-4.279771372904634069e-04,7.772770952424562204e-04,-1.068405721204465988e-02,5.782259425534459069e-02
7.134033317526821127e-01,2.626488513556841653e-01,1.614543929227700569e-01,-2.565734596375206955e+00,-5.752834386190051053e-01,1.619169293169621382e-01,-2.566515305670793445e+00,-5.645865723892528054e-01,-4.625363941920935086e-04,7.807092955866244948e-04,-1.069686622975226861e-02,6.128719391985569531e-02
7.199483164476608854e-01,2.612494550553181583e-01,1.749338909894446181e-01,-2.561204930615347930e+00,-5.510999902099945613e-01,1.754306434369622136e-01,-2.561989386009612790e+00,-5.403875577393383312e-01,-4.967524475175943153e-04,7.844553942649787207e-04,-1.071243247065619200e-02,6.662476316758433881e-02
7.264933011426396581e-01,2.597470304727078627e-01,1.928590473815501027e-01,-2.560158569960621300e+00,-5.257119515801235154e-01,1.933897304337523493e-01,-2.560947345211935566e+00,-5.149806203691441597e-01,-5.306830522022564075e-04,7.887752513140502139e-04,-1.073133121097935398e-02,7.359113818170157084e-02
7.330382858376183197e-01,2.581416083703951259e-01,2.095446324187276443e-01,-2.563234734771387302e+00,-4.979001241679653633e-01,2.101091199598980330e-01,-2.564028663706075850e+00,-4.871462810338021976e-01,-5.644875411703931299e-04,7.939289346887253495e-04,-1.075384313416316920e-02,7.999293532054514710e-02
7.395832705325970924e-01,2.564654229627700843e-01,2.258725023623801564e-01,-2.565856360895773847e+00,-4.654435217945990799e-01,2.264709013750396682e-01,-2.566656469264409601e+00,-4.546636241259878752e-01,-5.983990126594994265e-04,8.001083686359481599e-04,-1.077989766861121336e-02,8.629341690083755512e-02
7.461282552275758650e-01,2.547210782545015206e-01,2.459203983299250995e-01,-2.570262991406248254e+00,-4.301260292545984187e-01,2.465530728373983571e-01,-2.571070376882400144e+00,-4.193169541924116617e-01,-6.326745074732645358e-04,8.073854761517336920e-04,-1.080907506218675707e-02,9.394944277017266976e-02
7.526732399225545267e-01,2.529114724659793367e-01,2.658974596235275101e-01,-2.581274815522072164e+00,-3.938565009895671487e-01,2.665649982188909028e-01,-2.582090504911537909e+00,-3.830158312387304531e-01,-6.675385953634088189e-04,8.156893894657418591e-04,-1.084066975083671815e-02,1.013076570551689204e-01
7.592182246175332994e-01,2.510502262156206754e-01,2.808261187153971994e-01,-2.595500479618207290e+00,-3.555798998566325753e-01,2.815292562945285737e-01,-2.596325296297596008e+00,-3.447060933977874053e-01,-7.031375791313598930e-04,8.248166793888305924e-04,-1.087380645884516994e-02,1.065853702101289546e-01
7.657632093125120720e-01,2.491636653312001570e-01,2.938024126657904911e-01,-2.609247547823360325e+00,-3.153389619804276567e-01,2.945419305208595295e-01,-2.610082017599645976e+00,-3.044313720189784078e-01,-7.395178550690382265e-04,8.344697762855857355e-04,-1.090758996144924366e-02,1.110950419576774706e-01
7.723081940074907337e-01,2.472614254160374614e-01,3.063972826399126159e-01,-2.626845598537633109e+00,-2.749558560380701566e-01,3.071739168923185992e-01,-2.627689910923492356e+00,-2.640145942235637699e-01,-7.766342524059706952e-04,8.443123858591083941e-04,-1.094126181450640056e-02,1.152342056375975504e-01
7.788531787024695063e-01,2.453539492244685150e-01,3.122702045270877580e-01,-2.649507019734894886e+00,-2.347404468453035131e-01,3.130845896095884040e-01,-2.650361047952461302e+00,-2.237661122701876670e-01,-8.143850825006365745e-04,8.540282175661973200e-04,-1.097433457511585303e-02,1.165990930121467151e-01
7.853981633974482790e-01,2.434644837421098273e-01,3.093103614478716623e-01,-2.670651095019565879e+00,-1.948620972224930081e-01,3.101630245551285636e-01,-2.671514465813268124e+00,-1.838554200600877042e-01,-8.526631072569121512e-04,8.633707937022106404e-04,-1.100667716240531606e-02,1.147482661178412106e-01
7.919431480924269406e-01,2.416077795390112470e-01,3.030159955360397506e-01,-2.689233803108959986e+00,-1.566900883887409612e-01,3.039074034324552587e-01,-2.690105999425246086e+00,-1.456515546219595003e-01,-8.914078964155173210e-04,8.721963162861845215e-04,-1.103853376678144878e-02,1.117816895501863722e-01
7.984881327874057133e-01,2.397945156291401148e-01,2.931675169976574180e-01,-2.710469554199428366e+00,-1.202384243088107096e-01,2.940981628638558720e-01,-2.711350030934827071e+00,-1.091679528736903687e-01,-9.306458661984385152e-04,8.804767353986216009e-04,-1.107047143512034440e-02,1.074295417774641381e-01
8.050331174823844860e-01,2.380018805921615410e-01,2.741188111864576449e-01,-2.732040071535300818e+00,-8.514088744193096248e-02,2.750893200956779916e-01,-2.732928366123456687e+00,-7.403762201348236538e-02,-9.705089092203484508e-04,8.882945881557684220e-04,-1.110326542844860404e-02,9.978562413419446442e-02
8.115781021773631476e-01,2.362447780278085219e-01,2.479205834264434638e-01,-2.747677914488192208e+00,-5.318497506455756307e-02,2.489318124796747189e-01,-2.748573738325330140e+00,-4.204723144526917311e-02,-1.011229053231263138e-03,8.958238371381038647e-04,-1.113774361928838649e-02,8.984737100493954409e-02
8.181230868723419203e-01,2.345268625504370874e-01,2.204222001184713009e-01,-2.760009093772282984e+00,-2.531012441920458406e-02,2.214753129312987123e-01,-2.760912395461272872e+00,-1.413550543117780833e-02,-1.053112812827424871e-03,9.033016889896978855e-04,-1.117461898802677399e-02,7.960605313757206092e-02
8.246680715673206929e-01,2.327940042343428217e-01,1.895002033567486366e-01,-2.773368585458460878e+00,2.029700403255625674e-05,1.905967064413943146e-01,-2.774279581259717187e+00,1.123463822381831623e-02,-1.096503084645665234e-03,9.109958012564964291e-04,-1.121434121978575997e-02,6.816958235276793232e-02
8.312130562622993546e-01,2.310771717403641290e-01,1.519002824470553348e-01,-2.783471323977480871e+00,2.270027942901844259e-02,1.530420202728848544e-01,-2.784390494259169735e+00,3.395727383903262425e-02,-1.141737825829527682e-03,9.191702816886551186e-04,-1.125699441001417993e-02,5.448935901484167066e-02
8.377580409572781273e-01,2.293071164954652019e-01,1.122203774852729291e-01,-2.786956315266443607e+00,4.069696467442818211e-02,1.134094911304312364e-01,-2.787884368469615293e+00,5.199922379370091469e-02,-1.189113645158309260e-03,9.280532031717800452e-04,-1.130225911927273084e-02,4.022939933125246198e-02
8.443030256522568999e-01,2.274995228904002076e-01,7.413372679890581352e-02,-2.788403697650713386e+00,5.434103667069482141e-02,7.537258665219696840e-02,-2.789341505953454536e+00,6.569048210405922794e-02,-1.238859853291160744e-03,9.378083027410265195e-04,-1.134944543336440480e-02,2.657200666595844682e-02
8.508480103472355616e-01,2.256258540718549810e-01,3.463722365329297004e-02,-2.789853111846589684e+00,6.536883287679506882e-02,3.592834933387519664e-02,-2.790801625731153202e+00,7.676642435514874352e-02,-1.291125680582228983e-03,9.485138845636902028e-04,-1.139759147835367817e-02,1.241106649123575704e-02
8.573929950422143342e-01,2.236458577036550821e-01,-6.805350700723096675e-03,-2.787271049429222547e+00,7.321600388709094409e-02,-5.459369518071390849e-03,-2.788231201549482119e+00,8.466161486144616055e-02,-1.345981182651706043e-03,9.601521202595379289e-04,-1.144561097435521473e-02,2.440732767097192335e-03
8.639379797371931069e-01,2.215647443254518123e-01,-4.581910801347215817e-02,-2.780365093882309679e+00,7.669738892301841693e-02,-4.441567690537075175e-02,-2.781337705168999808e+00,8.818985428259575043e-02,-1.403431108101407072e-03,9.726112866902968980e-04,-1.149246535957734044e-02,1.647102809501909543e-02
8.704829644321717685e-01,2.193698341059890922e-01,-8.148570198775959006e-02,-2.773166944043874427e+00,7.675785696420873994e-02,-8.002226160556397128e-02,-2.774152645666057904e+00,8.829518867321207998e-02,-1.463440382195623770e-03,9.857016221835295921e-04,-1.153733170900333657e-02,2.935971533494996163e-02
8.770279491271505412e-01,2.170554785176861401e-01,-1.162470489751872837e-01,-2.765826357771076882e+00,7.454716813688776200e-02,-1.147210797828455281e-01,-2.766825540319989507e+00,8.612690570515592337e-02,-1.525969192341755437e-03,9.991825489127589312e-04,-1.157973756826816136e-02,4.197747961154108670e-02
8.835729338221293139e-01,2.146224090083563851e-01,-1.492816500390988232e-01,-2.755985115300913169e+00,6.961790495544231683e-02,-1.476906357201400455e-01,-2.756997911019217540e+00,8.123754292855508985e-02,-1.591014318958789472e-03,1.012795718304366870e-03,-1.161963797311277996e-02,5.406986324729728954e-02
8.901179185171079755e-01,2.120570314961449654e-01,-1.782075389790746256e-01,-2.744793334023124753e+00,6.164436728384134478e-02,-1.765488878319999566e-01,-2.745819629860514421e+00,7.330178524760705416e-02,-1.658651147074659878e-03,1.026295837389596668e-03,-1.165741796376570938e-02,6.477299166728728297e-02
8.966629032120867482e-01,2.093809124438799074e-01,-2.037427970108836028e-01,-2.734495887427436323e+00,5.144712232408108626e-02,-2.020137288114661478e-01,-2.735535358174815190e+00,6.314093730760557410e-02,-1.729068199417449188e-03,1.039470747378766317e-03,-1.169381498352448610e-02,7.428932379399161290e-02
9.032078879070655208e-01,2.066013722745898562e-01,-2.272950061756877360e-01,-2.724464883064126486e+00,3.961988911739080382e-02,-2.254924220053728945e-01,-2.725517027611596532e+00,5.134965741120488258e-02,-1.802584170314840877e-03,1.052144547470100803e-03,-1.172976829381408050e-02,8.312983958331728040e-02
9.097528726020441825e-01,2.036990980344359770e-01,-2.480656784562938477e-01,-2.713796954575243614e+00,2.599978520120447070e-02,-2.461860407138261042e-01,-2.714861117162501447e+00,3.776600031388768069e-02,-1.879637742467754570e-03,1.064162587257740057e-03,-1.176621511268320999e-02,9.102542246150621685e-02
9.162978572970229552e-01,2.006944116151467838e-01,-2.654230651396881080e-01,-2.703577825133870682e+00,1.063718591667577561e-02,-2.634623210388850056e-01,-2.704653188786426909e+00,2.244104947175515688e-02,-1.960744100803126205e-03,1.075363652556348120e-03,-1.180386355507938127e-02,9.770427147944249491e-02
9.228428419920017278e-01,1.975751228325597353e-01,-2.803898674912421729e-01,-2.694559147997654502e+00,-5.973561965108810205e-03,-2.783434482267578280e-01,-2.695644698432591024e+00,5.869416793735622064e-03,-2.046419264484318837e-03,1.085550434936341079e-03,-1.184297875884443227e-02,1.034987016290354334e-01
9.293878266869803895e-01,1.943184306609682110e-01,-2.935998338724253309e-01,-2.686092607765228291e+00,-2.354083202401046487e-02,-2.914627509000020655e-01,-2.687187079638566622e+00,-1.165761250583177179e-02,-2.137082972423287510e-03,1.094471873338385840e-03,-1.188321951817869135e-02,1.086524179746468227e-01
9.359328113819591621e-01,1.909223985072028285e-01,-3.046811987127296395e-01,-2.677961703167321961e+00,-4.205683778480761442e-02,-3.024482384640970745e-01,-2.679063531494648487e+00,-3.013327995494494149e-02,-2.232960248632587588e-03,1.101828327326369794e-03,-1.192355782986267120e-02,1.130304922529731249e-01
9.424777960769379348e-01,1.873689444989921071e-01,-3.137665801427292345e-01,-2.670724735015082896e+00,-6.138659367758835667e-02,-3.114325727360264251e-01,-2.671832037624848777e+00,-4.942429030512626026e-02,-2.334007406702803735e-03,1.107302609766085610e-03,-1.196230337246209641e-02,1.166508116423038144e-01
9.490227807719165964e-01,1.836426665460813012e-01,-3.215630217285879167e-01,-2.664419338816706340e+00,-8.125223025615696537e-02,-3.191231348811913726e-01,-2.665529947567667257e+00,-6.925499003146928789e-02,-2.439886847396539275e-03,1.110608750960780881e-03,-1.199724022468768095e-02,1.197635107565782342e-01
9.555677654668953691e-01,1.797334633067464438e-01,-3.282996029504209323e-01,-2.658622629334953302e+00,-1.014835992798931996e-01,-3.257495979656823137e-01,-2.659734169392813374e+00,-8.945773347938382192e-02,-2.550004984738606009e-03,1.111540057860079412e-03,-1.202586580050937423e-02,1.224661483235204712e-01
9.621127501618741418e-01,1.756388173551668430e-01,-3.338868613582288702e-01,-2.653308342411914378e+00,-1.220040212829579807e-01,-3.312232510040973299e-01,-2.654418335809622054e+00,-1.099583170919339187e-01,-2.663610354131535577e-03,1.109993397707656829e-03,-1.204570419102406025e-02,1.247235565886475606e-01
9.686577348568528034e-01,1.713606146210535641e-01,-3.385696706162921177e-01,-2.648633885931014120e+00,-1.426760704240919719e-01,-3.357897415642657202e-01,-2.649739837244118768e+00,-1.306214200362397215e-01,-2.779929052026378425e-03,1.105951313104804436e-03,-1.205465038785226081e-02,1.266156877495584754e-01
9.752027195518315761e-01,1.669191134367489227e-01,-3.426778239973913842e-01,-2.644432359745608085e+00,-1.633220419015972147e-01,-3.397795248600898876e-01,-2.645531777772002435e+00,-1.512707508741794882e-01,-2.898299137301485733e-03,1.099418026394434608e-03,-1.205129102741771957e-02,1.282697825477508990e-01
9.817477042468103487e-01,1.623430177010858344e-01,-3.462470738320276853e-01,-2.640468950169097884e+00,-1.838163887140779884e-01,-3.432288122213750792e-01,-2.641559275916009586e+00,-1.717812445911373054e-01,-3.018261610652618263e-03,1.090325746911864667e-03,-1.203514412294067609e-02,1.297091958604417727e-01
9.882926889417890104e-01,1.576643040611260815e-01,-3.492596417297932354e-01,-2.636723252309824961e+00,-2.040653403889597095e-01,-3.461200644287339978e-01,-2.637801698530987782e+00,-1.920585734993355831e-01,-3.139577301059251480e-03,1.078446221162874087e-03,-1.200676688962411601e-02,1.309279699490128179e-01
9.948376736367677831e-01,1.529142681040545071e-01,-3.518378009425888742e-01,-2.633167586514052694e+00,-2.239529715604220150e-01,-3.485756358894794293e-01,-2.634230936453130223e+00,-2.119852736724060494e-01,-3.262165053109466507e-03,1.063349939077743410e-03,-1.196769788801596394e-02,1.319725368735840954e-01
1.001382658331746445e+00,1.481169337210692660e-01,-3.540468800241692304e-01,-2.629639534723234640e+00,-2.433612371460061874e-01,-3.506608910086418951e-01,-2.630683979661197824e+00,-2.314410114116782491e-01,-3.385989015527347042e-03,1.044444937963353096e-03,-1.192022573432793137e-02,1.328753755854268637e-01
1.007927643026725217e+00,1.433083402178034760e-01,-3.558165149934269800e-01,-2.626021160552590050e+00,-2.622042153653220131e-01,-3.523055664018159283e-01,-2.627042258689091359e+00,-2.503372078853800531e-01,-3.510948591611046023e-03,1.021098136501429965e-03,-1.186700747994193401e-02,1.336170373043205073e-01
1.014472627721703990e+00,1.385108099728942221e-01,-3.570904975090344324e-01,-2.622287771479688612e+00,-2.804146019430274750e-01,-3.534536672414285152e-01,-2.623280574047768710e+00,-2.686040124572273147e-01,-3.636830267605933691e-03,9.928025680803170393e-04,-1.181058948580017767e-02,1.341787686664995816e-01
1.021017612416682763e+00,1.337161192336520088e-01,-3.578492906159513320e-01,-2.618386603387171885e+00,-2.979260165110007019e-01,-3.540859323120952307e-01,-2.619345922611886479e+00,-2.861731106643216060e-01,-3.763358303856117852e-03,9.593192247144996477e-04,-1.175290584667911496e-02,1.345567732304289443e-01
1.027562597111661535e+00,1.289347009369308239e-01,-3.580147547207512271e-01,-2.614240123736903509e+00,-3.146852738996979704e-01,-3.541244203331131435e-01,-2.615160834046638794e+00,-3.029904346286520500e-01,-3.890334387638084892e-03,9.207103097353721557e-04,-1.169483927104593250e-02,1.347267690299939480e-01
1.034107581806640086e+00,1.241634720513840051e-01,-3.574680175012271421e-01,-2.609831275261135453e+00,-3.306630398217868527e-01,-3.534502168771569974e-01,-2.610708479154011830e+00,-3.190271149492830971e-01,-4.017800624070133435e-03,8.772038928763255120e-04,-1.163592487250377817e-02,1.346460901683725897e-01
1.040652566501618859e+00,1.193727307438869900e-01,-3.561198025773718023e-01,-2.605185647908561553e+00,-3.458450197351088384e-01,-3.519736826183205713e-01,-2.606014535566637313e+00,-3.342707597911687700e-01,-4.146119959051251802e-03,8.288876580757685141e-04,-1.157425994394006320e-02,1.342804460852831672e-01
1.047197551196597631e+00,1.145755727616766251e-01,-3.538938400734539247e-01,-2.600321541175246054e+00,-3.602259035998452985e-01,-3.496179734425473029e-01,-2.601096846108661875e+00,-3.487192475663460356e-01,-4.275866630906621779e-03,7.753049334157485458e-04,-1.150665603349925944e-02,1.336002595877275045e-01
1.053742535891576404e+00,1.097275774743122767e-01,-3.506955081303456678e-01,-2.595274348188058244e+00,-3.738144499608816451e-01,-3.462880404168743875e-01,-2.595989438955861761e+00,-3.623854126363100780e-01,-4.407467713471298516e-03,7.150907678034266720e-04,-1.142903732457157574e-02,1.325677391662228588e-01
1.060287520586555177e+00,1.048633831418683826e-01,-3.464413760991227886e-01,-2.590123003170452076e+00,-3.866348005845110514e-01,-3.419007496809638447e-01,-2.590768812793468268e+00,-3.752977467962393954e-01,-4.540626418158918813e-03,6.458096230161892125e-04,-1.133705378827167334e-02,1.311464804836620368e-01
1.066832505281533949e+00,9.994269879299988446e-02,-3.410835532075215393e-01,-2.584963173721079865e+00,-3.987211147449629678e-01,-3.364098932884659332e-01,-2.585527295514709500e+00,-3.874942751860419587e-01,-4.673659919055620816e-03,5.641217936296834571e-04,-1.122683955892099690e-02,1.293119966486433181e-01
1.073377489976512500e+00,9.502806929976426176e-02,-3.345925955099532390e-01,-2.579887899224179382e+00,-4.101151986039634489e-01,-3.297896355268427060e-01,-2.580354216548456758e+00,-3.990193910354501994e-01,-4.802959983110513011e-03,4.663173242771773770e-04,-1.109580756851322528e-02,1.270465211580076026e-01
1.079922474671491273e+00,9.009870122780938573e-02,-3.269508582796228358e-01,-2.575000098784200997e+00,-4.208673969018313366e-01,-3.220280588983903125e-01,-2.575349239116541789e+00,-4.099240613375957354e-01,-4.922799381232518048e-03,3.491403323407095936e-04,-1.094333556423558035e-02,1.243361243782095948e-01
1.086467459366470045e+00,8.524117563488697868e-02,-3.181692516675843629e-01,-2.570412307208270519e+00,-4.310348380787465405e-01,-3.131436057974299469e-01,-2.570623028814785993e+00,-4.202636602394990706e-01,-5.025645870154435944e-03,2.107216065156411271e-04,-1.077117783924747690e-02,1.211772911463539076e-01
1.093012444061448818e+00,8.045108598660011268e-02,-3.082905668930213672e-01,-2.566227724589954740e+00,-4.406777773930223296e-01,-3.031875473393759179e-01,-2.566279102806614532e+00,-4.300943282861762196e-01,-5.103019553645456174e-03,5.137821665981441967e-05,-1.058344910684613609e-02,1.175794208827008885e-01
1.099557428756427591e+00,7.582988329667816885e-02,-2.973787659581013654e-01,-2.562533864939906536e+00,-4.498573015772209249e-01,-2.922319933459453511e-01,-2.562407909949293128e+00,-4.394712120928908616e-01,-5.146772612156016828e-03,-1.259549906135704013e-04,-1.038608948433004421e-02,1.135613826407264326e-01
1.106102413451406363e+00,7.138382298328327380e-02,-2.855181862046733965e-01,-2.559407005575903948e+00,-4.586333840371957793e-01,-2.803676576997737313e-01,-2.559091179696596718e+00,-4.484475462128660328e-01,-5.150528504899660846e-03,-3.158258793073989669e-04,-1.018583782432973261e-02,1.091512245541569198e-01
1.112647398146384914e+00,6.720105320124059034e-02,-2.728177343891415307e-01,-2.556908528410503312e+00,-4.670617523949949224e-01,-2.677067993292326364e-01,-2.556397587884117861e+00,-4.570728575892882839e-01,-5.110935059908894296e-03,-5.109405263852523187e-04,-9.988894805706643662e-03,1.043880735717452046e-01
1.119192382841363687e+00,6.329457919336345384e-02,-2.594058296289486476e-01,-2.555078746354830344e+00,-4.751907672017961493e-01,-2.543774357592551438e-01,-2.554375434839740944e+00,-4.653911695429061024e-01,-5.028393869693531526e-03,-7.033115150895712315e-04,-9.799597658890046858e-03,9.932052181933663515e-02
1.125737367536342459e+00,5.970988412133770851e-02,-2.454224670495036842e-01,-2.553938568274203735e+00,-4.830594736507333176e-01,-2.405154299507919202e-01,-2.553052928306591696e+00,-4.734399849779657443e-01,-4.907037098711769171e-03,-8.856399676121556788e-04,-9.619488672767566306e-03,9.400344396023006810e-02
1.132282352231321232e+00,5.646135052123124609e-02,-2.310157557077319457e-01,-2.553492481061143682e+00,-4.906965637637821231e-01,-2.262618423896967379e-01,-2.552439877241370336e+00,-4.812494754678746101e-01,-4.753913318035219056e-03,-1.052603819773350810e-03,-9.447088295907495742e-03,8.849635665420128861e-02
1.138827336926300005e+00,5.353730853087057540e-02,-2.163373438860667630e-01,-2.553727697729820889e+00,-4.981201325096534793e-01,-2.117597784213964551e-01,-2.552525974070679382e+00,-4.888416508338950806e-01,-4.577565464670299220e-03,-1.201723659141356107e-03,-9.278481675758372751e-03,8.286141499755730888e-02
1.145372321621278777e+00,5.094967173244224767e-02,-2.015346757490135421e-01,-2.554614517595789280e+00,-5.053384209474367506e-01,-1.971483125229411271e-01,-2.553280936159164405e+00,-4.962298561463205360e-01,-4.386363226072412420e-03,-1.333581436624737149e-03,-9.108564801116263154e-03,7.716008521894435201e-02
1.151917306316257328e+00,4.863458845957868704e-02,-1.867453851129127484e-01,-2.556108860680025519e+00,-5.123511874523509757e-01,-1.825583645003377165e-01,-2.554657507838657082e+00,-5.034186011306028830e-01,-4.187020612575032864e-03,-1.451352841368307211e-03,-8.932586321748127445e-03,7.145053872969853170e-02
1.158462291011236101e+00,4.660067789258715010e-02,-1.720941073304567692e-01,-2.558153063483864287e+00,-5.191511789954168510e-01,-1.681104494980807662e-01,-2.556593247467228824e+00,-5.104036201631575453e-01,-3.983657832376016894e-03,-1.559816016635414294e-03,-8.747558832259302170e-03,6.578604832478839037e-02
1.165007275706214873e+00,4.475479278450222864e-02,-1.576887513786861539e-01,-2.560676174566054897e+00,-5.257255118755367329e-01,-1.539111682295155603e-01,-2.559012033681471010e+00,-5.171722946214958316e-01,-3.777583149170584027e-03,-1.664140884584011009e-03,-8.553217254040899539e-03,6.021323817513644927e-02
1.171552260401193646e+00,4.310357643508488934e-02,-1.436179915674885010e-01,-2.563596437319459742e+00,-5.320567898355507142e-01,-1.400502430617836247e-01,-2.561827646126615399e+00,-5.237043898245554718e-01,-3.567748505704882410e-03,-1.768791192844123943e-03,-8.352400010995216298e-03,5.477081621379939480e-02
1.178097245096172418e+00,4.155660241404479649e-02,-1.299515648960623826e-01,-2.566823925390036898e+00,-5.381238260597336343e-01,-1.265999127819703585e-01,-2.564947152484203574e+00,-5.299729219877564734e-01,-3.351652114092023692e-03,-1.876772905833410526e-03,-8.150904071977138274e-03,4.948947109509298919e-02
1.184642229791151191e+00,4.011992039355849471e-02,-1.167406528876096389e-01,-2.570262186042404196e+00,-5.439022043299021059e-01,-1.136142809622786437e-01,-2.568272878871429743e+00,-5.359452660123944501e-01,-3.126371925331000810e-03,-1.989307170974365362e-03,-7.956938317507655789e-03,4.439191357795214954e-02
1.191187214486129742e+00,3.873549650953211909e-02,-1.040175369373816522e-01,-2.573811310935441465e+00,-5.493648768012228123e-01,-1.011280995316962000e-01,-2.571705354665155596e+00,-5.415845911568597515e-01,-2.889437405685451286e-03,-2.105956270285916452e-03,-7.780285644363098101e-03,3.949269506305663757e-02
1.197732199181108514e+00,3.740777211846335604e-02,-9.179682419140934579e-02,-2.577372273027594307e+00,-5.544825361641808614e-01,-8.915743941569816144e-02,-2.575147039027223972e+00,-5.468513100279746020e-01,-2.639384775711178712e-03,-2.225234000370266297e-03,-7.631226136206253376e-03,3.479868300440361328e-02
1.204277183876087287e+00,3.612941985560169655e-02,-8.007761082096741256e-02,-2.580849659414309549e+00,-5.592235264886659118e-01,-7.770160917315067917e-02,-2.578504321652293374e+00,-5.517043675265452807e-01,-2.376001647816737734e-03,-2.345337762016138847e-03,-7.519158962120616428e-03,3.030997828006182226e-02
1.210822168571066060e+00,3.489806570219577964e-02,-6.884424933308717909e-02,-2.584152911902119154e+00,-5.635534705597441407e-01,-6.674397126843190087e-02,-2.581688721156772282e+00,-5.561026461154535694e-01,-2.100278064655274318e-03,-2.464190745346680426e-03,-7.450824444290564397e-03,2.602034900179464941e-02
1.217367153266044832e+00,3.375862714888544502e-02,-5.806686447809999985e-02,-2.587198220919450176e+00,-5.674349139914794948e-01,-5.625283371381841618e-02,-2.584619258461042346e+00,-5.600065142683885444e-01,-1.814030764281586048e-03,-2.578962458407858295e-03,-7.428399723090910525e-03,2.191756680316547454e-02
1.223912137961023605e+00,3.269850054239942239e-02,-4.770340999341497745e-02,-2.589911029681730259e+00,-5.708273290671210809e-01,-4.618401473698708487e-02,-2.587224423393981176e+00,-5.633790942590027884e-01,-1.519395256427892582e-03,-2.686606287748979395e-03,-7.448234808118268241e-03,1.798431745080956642e-02
1.230457122656002156e+00,3.178537957071103648e-02,-3.770185734459754329e-02,-2.592227623426264227e+00,-5.736879152717458963e-01,-3.648323175962951692e-02,-2.589442381104027024e+00,-5.661871890845070476e-01,-1.218625584968026365e-03,-2.785242322237095353e-03,-7.500726187238843448e-03,1.419915635210666424e-02
1.237002107350980928e+00,3.103017365429305841e-02,-2.800142212921165677e-02,-2.594094881677145636e+00,-5.759733788257042075e-01,-2.708720786561275365e-02,-2.591221366540023663e+00,-5.684022479201784606e-01,-9.142142635989021450e-04,-2.873515137122124516e-03,-7.571130905525720947e-03,1.053708803982365654e-02
1.243547092045959701e+00,3.046566238760828327e-02,-1.853407655724203379e-02,-2.595468308429009774e+00,-5.776426206187682544e-01,-1.792537443677628267e-02,-2.592520981960658055e+00,-5.700013268973529446e-01,-6.087021204657497081e-04,-2.947326468351865649e-03,-7.641293721415311560e-03,6.970225089403019741e-03
1.250092076740938474e+00,3.012638959016999962e-02,-9.226312890983752457e-03,-2.596310657930913646e+00,-5.786605000186184622e-01,-8.922443135305289930e-03,-2.593312509140498712e+00,-5.709676583465275179e-01,-3.038697556784620397e-04,-2.998148790414724082e-03,-7.692841672090910445e-03,3.468498942133027389e-03
