time_s,U_mean_m_per_s,U_p95_m_per_s,U_max_m_per_s,UMean_mean_m_per_s,UMean_p95_m_per_s,UMean_max_m_per_s
0.0025,0.029686541413029194,0.10247228465785994,2.7226307206666447,,,
0.005,0.029755669968349947,0.10249408122754239,2.987668989479391,0.029755669968349947,0.10249408122754239,2.987668989479391
0.0075,0.029815850139621798,0.10228650247180898,2.9840483846351487,0.029780363700049262,0.10242652402254222,2.9954658790766886
0.01,0.029895726232662612,0.10221836534422882,2.937564511180605,0.029806941048658712,0.10227627582204209,2.9770576709379886
0.02,0.0302280923222345,0.1010102841493844,3.1268455907681743,0.029808639965707064,0.10229379117757975,2.976542188322177
0.03,0.03060474052547456,0.09976156483504235,3.0159951670468037,0.030044755063640075,0.1011026324597628,2.9581293412537346
0.04,0.03099009365710603,0.09879466376905116,2.993288003263819,0.03024442747353383,0.1003697466839583,2.957001294601626
0.05,0.03137734827802694,0.09858140796686414,3.004893365958045,0.03040517349561845,0.09944007690683512,2.9594813864756513
0.1,0.03313998961633239,0.09986385459140702,2.981539279420684,0.030403564946736673,0.09944045924299845,2.9595431653688937
0.15,0.034578450999445016,0.10527198776989134,2.9865996820561023,0.031312324601700726,0.09738115663269517,2.9741591032981813
0.2,0.03583363892470892,0.11218192022932626,2.9882022603341873,0.03225061255182212,0.1004049037251892,2.9790507790136815
0.3,0.03839029791626647,0.12636169124408,2.9902547915158153,0.03275941389588627,0.10404296652957885,2.981985716916237
0.4,0.04097158947582495,0.139054063971858,2.9912154645147,0.03424765786568057,0.11302152903642379,2.9850523750632307
0.5,0.0433827476849441,0.14945535151839348,2.991490879741032,0.0356629728733968,0.12019717352535789,2.9867180564329567
0.75,0.04964470500406156,0.17513608493270663,2.9911084972859805,0.038407585532792325,0.1338879988200302,2.9884680180207224
1.0,0.05463533787021354,0.21184989570449328,2.991614434603973,0.04059213622938099,0.14540808188145385,2.9891718853195997
1.4999799,0.06496625575003775,0.25194449263577,3.393184556239005,,,
1.9999799,0.07864609521680126,0.3484102002754178,2.9756860392167366,,,
2.4999799,0.08926698280369857,0.40837309891758383,3.015389214211015,,,
2.9999799,0.0968289642627888,0.5150299010391327,3.0360655689815195,0.04714391769801939,0.20057561760466014,2.986691700070458
3.4999799,0.10131479826956943,0.5642468182477985,3.034795637290011,0.05941526140231254,0.2643281846267303,2.9838247361458823
3.7039799,0.10476799665400628,0.5721875304403755,3.077038221919203,0.06273366026459372,0.2905389157169759,2.9879276160958117
4.7039799,0.11618434804993659,0.6432088852495527,2.988363341194346,,,
5.7039799,0.12635942772187075,0.6675196760383743,3.044704369639067,,,
6.7039799,0.13914125877888978,0.6646091992922171,2.998815132515106,,,
7.7039799,0.1451568003540797,0.6832359876924976,3.012235961564362,0.06628780149856603,0.2749232298313613,2.9915329937684527
8.7039799,0.15725455958896956,0.6818959725113404,2.978263906092328,0.08462232385652439,0.32340054368472093,2.9954987209044592
9.7039799,0.1648661254854671,0.6848125930765613,3.0265146737885824,0.0960177210847942,0.3545395405952093,2.994318633145638
10.7039799,0.17075755209924576,0.7270136080032064,3.0402828967150395,0.10421822744490633,0.3850812601127439,3.000168179854598
11.110979900000498,0.1731651597320655,0.7412408049900796,3.008421515702689,0.10706937056652926,0.3976033057147114,3.0022312034000023
12.11097990000172,0.18176055413744388,0.7025742568866615,3.0800429126051294,,,
13.110979900002942,0.19140707618815372,0.7689121817319307,3.071174056738726,,,
14.110979900004164,0.19973505600443306,0.8002445378612902,3.0168172957079022,,,
15.110979900005386,0.20595721025455135,0.8231547167589893,2.9756933305305706,0.10970035566278116,0.40546275080802796,3.001443520726663
16.110979900006214,0.2175606716731789,0.8214264419545154,2.977351061861324,0.11941918754625215,0.44675166989434956,3.002302759900995
17.110979900003883,0.2277825716312247,0.8231417401632848,3.012687550783016,0.12892357356868508,0.4770881050850552,3.000389132280065
18.110979900001553,0.22979058019867668,0.7973969064280897,3.2828320620937648,0.1354684102961998,0.49716037365889676,3.000086074955076
18.518979900000602,0.23585698924211113,0.8233738065915152,3.005184590346259,0.13792364942073015,0.5087431726906634,3.0013788698187907
20.51897989999594,0.25127335398354306,0.8143697336337498,3.110803922637137,,,
22.51897989999128,0.272064306519152,0.8708789479784714,3.3474743578667665,,,
24.51897989998662,0.2832699902106233,0.896171473965832,3.051286904510482,,,
26.518979899981957,0.2937028993143578,0.8898379692175558,3.1262562329881085,,,
28.518979899977296,0.2994742076837952,0.9291827422004881,3.031327239468342,,,
30.518979899972635,0.315789642724492,0.9071131589560687,2.9957772939024787,,,
32.51897989997166,0.33733500987673526,0.8685618784358784,3.1969505437803347,,,
34.51897989998121,0.34836857686974493,0.8990208768753076,3.14947533260923,,,
36.51897989999076,0.35396958500219794,0.9350595728632005,3.1045045139179455,,,
38.51897990000031,0.35447041541898217,0.9834887703612968,2.9796545775677403,,,
40.51897990000986,0.3646350638546566,0.9714826372696189,3.009548816914559,,,
42.51897990001941,0.38167165282133064,0.9428639172117791,3.1711272258428265,,,
44.51897990002896,0.3827884871856763,1.0242354395367501,3.2191741406369085,,,
46.51897990003851,0.3694056169688857,1.065960507410358,2.984372993488918,,,
48.51897990004806,0.3604363849918168,1.0827159398123591,2.996613707701487,,,
50.51897990005761,0.38173348754128594,1.038746258487594,3.3122178481664037,,,
52.51897990006716,0.39665599325839984,1.0755875362734335,3.0289889674255357,0.39449215671169363,1.0696429288847575,3.1159283743375905
54.51897990007671,0.39768040109320496,1.1068443924485774,3.087943082632829,0.38475678298296623,1.0322499607299507,3.120556142356375
56.045979900084,0.4085907389826581,1.1015969922723228,3.1445044349317874,0.3751600502541494,0.9990033696878059,3.1163120337878953
