radial_bin,r0_m,r1_m,depth0_m,depth1_m,heating_eV_per_source,heating_relative_uncertainty,normalized_mean_qvol_W_m3,tritons_per_source,tritium_relative_uncertainty
0,6.234565012598505,6.239565012598505,8.881784197001252e-16,0.005000000000000782,349537.68723463616,0.003877927077548882,12768271.789222501,0.0004469007275893546,0.01630395520406407
1,6.239565012598505,6.289565012598505,0.005000000000000782,0.055000000000000604,1178758.2169595805,0.0029975699283403203,4286987.269055068,0.03264938317945156,0.005706498343711849
2,6.289565012598505,6.339565012598505,0.055000000000000604,0.10500000000000043,824994.6853211912,0.0036651405473204558,2976638.4895195956,0.037008471430695425,0.006183367070434477
3,6.339565012598505,6.389565012598505,0.10500000000000043,0.15500000000000025,583419.566974175,0.004236098130374627,2088481.5586601475,0.03461886783682654,0.006557439649190569
4,6.389565012598505,6.4395650125985044,0.15500000000000025,0.20500000000000007,413063.61345835635,0.004862021328834474,1467128.3526756873,0.029342481602806433,0.007236982702365149
5,6.4395650125985044,6.489565012598505,0.20500000000000007,0.2550000000000008,289540.03416534304,0.005842806456582935,1020440.5194774553,0.02329730930894891,0.008236510040642386
6,6.489565012598505,6.539565012598505,0.2550000000000008,0.3050000000000006,198551.11358560924,0.006922835728204463,694392.9228537078,0.017414194390213158,0.009431301855072908
7,6.539565012598505,6.589565012598505,0.3050000000000006,0.3550000000000004,136301.07030765602,0.00829083827281177,473055.061562021,0.012776870283092392,0.010824194055693544
8,6.589565012598505,6.639565012598505,0.3550000000000004,0.40500000000000025,90649.00258026493,0.009956024813484055,312233.94894317066,0.008807851822082647,0.013244477183887176
9,6.639565012598505,6.6895650125985044,0.40500000000000025,0.45500000000000007,57131.21150873658,0.012466757991136978,195307.9880144007,0.00556292585702365,0.016529676695261678
10,6.6895650125985044,6.739565012598505,0.45500000000000007,0.5050000000000008,31692.548103359455,0.014298002619942912,107536.93553424662,0.002802472270170485,0.020489556499998427
11,6.739565012598505,6.744565012598503,0.5050000000000008,0.5099999999999989,2630.378004662885,0.03142695150141741,88888.09720612896,2.417923885851818e-06,0.3534316223867031
