phase_bin,phase_fraction,phase_angle_rad,mapped_s_m,standoff_m,openmc_wall_current_rel,openmc_wall_current_rel_sd,openmc_uncollided_wall_current_rel,openmc_uncollided_wall_current_rel_sd,v2_los_nwl_rel,openmc_heating_rel,openmc_heating_rel_sd,tritons_per_source_folded_bin,tritons_per_source_folded_bin_sd
0,0.015625,0.019634954084936207,0.00466330159517235,0.031031230172221463,1.332217973708412,0.007501355822559618,1.3426065631854898,0.007489283488130285,1.5311435653066146,1.3396046554479006,0.0044862215766946715,0.0017085728479321037,1.0321699318965154e-05
1,0.046875,0.05890486225480862,0.013989904785517048,0.03684892038595885,1.3383854212289001,0.007286358932799661,1.348933804160745,0.007504304347575712,1.5076243208828353,1.3312046243967117,0.004132500274590287,0.0016901049916199467,9.361212173491098e-06
2,0.078125,0.09817477042468103,0.02331650797586175,0.04595066295794462,1.287129313412465,0.006785954558417245,1.2947488411780237,0.006995770518148355,1.3715207350972163,1.298345914155133,0.003998111861025378,0.0016468152032464503,9.345379124974696e-06
3,0.109375,0.13744467859455345,0.03264311116620645,0.06194203945944595,1.2470430252116729,0.007634502131042252,1.257125112962749,0.00772927616077067,1.3508275384737356,1.2429920107326424,0.004179125988736384,0.0015749571096745868,9.100954811245348e-06
4,0.140625,0.17671458676442586,0.04196971435655115,0.08778275086774971,1.185679677161245,0.00705540847672431,1.1941924208464543,0.007167755066734071,1.1910989614397816,1.1886873248333898,0.0041857382036046865,0.00153335460165352,8.818769016522526e-06
5,0.171875,0.21598449493429825,0.05129631754689585,0.11694733863465452,1.129641609435804,0.006953674128298422,1.133807611002074,0.006813072867832604,1.115758746434767,1.1330032033904858,0.00380802147850085,0.0014348598489738542,8.195924833078169e-06
6,0.203125,0.2552544031041707,0.06062292073724054,0.1457135249507573,1.0556438688761751,0.005905545102216597,1.0567766369811844,0.006096622190010044,1.0139223543207292,1.0581005472269487,0.0037166219322294497,0.0013682631219771742,8.551756340068107e-06
7,0.234375,0.2945243112740431,0.06994952392758524,0.17327890359759435,1.0140332171079698,0.005977604806464845,1.0146091853809946,0.00613958445551344,0.9377624917301473,1.0111584869507932,0.0037080974216192617,0.0012886728304705186,8.642155262900675e-06
8,0.265625,0.3337942194439155,0.07927612711792995,0.19576994246087853,0.9518421367817274,0.006374703348515633,0.9511669168103166,0.006619413099665401,0.8744199899197659,0.9564622965523185,0.00339083954208228,0.001234561174904184,7.92548014700277e-06
9,0.296875,0.37306412761378793,0.08860273030827465,0.21318991317560934,0.9018322362110593,0.005909026691910747,0.8986380773043406,0.005961972563355534,0.8216473376041195,0.9040326181734805,0.003478805320435234,0.0011714847956847737,7.800626302461622e-06
10,0.328125,0.41233403578366035,0.09792933349861935,0.2264646810602827,0.8664652536287761,0.006545856166616858,0.8615663902479807,0.00654963594185626,0.7814528351751006,0.8680962145284604,0.0032362489148140806,0.0011233864611140507,7.256995861190851e-06
11,0.359375,0.45160394395353276,0.10725593668896405,0.23717651296074527,0.8310505190563767,0.006305641286242779,0.8254713913958546,0.006373228531088102,0.7489146555077617,0.8263242474125045,0.0034146266573444667,0.0010736373974311083,7.375688441130988e-06
12,0.390625,0.4908738521234052,0.11658253987930874,0.24820770999726718,0.8048534801469788,0.006362472796644836,0.8016911568579834,0.0065591638063599985,0.7243450302208616,0.80565488985011,0.0034152848763206334,0.001040730325311235,7.042132030902184e-06
13,0.421875,0.5301437602932776,0.12590914306965345,0.258846532151814,0.8028279688909288,0.005678666370222905,0.794981733541941,0.0057437008809226526,0.7064239009372615,0.787510402176429,0.0032432521957020365,0.0010004602906416495,7.288433404918999e-06
14,0.453125,0.56941366846315,0.13523574625999815,0.2666494421261441,0.7703699269584182,0.005455218019554223,0.763387993370198,0.005458855610043668,0.6944246196051354,0.7799844732586295,0.003298955123989069,0.0009966259490932618,7.23261480046943e-06
15,0.484375,0.6086835766330224,0.14456234945034285,0.2709099748819976,0.762878772045613,0.005633025673053853,0.7558717406680495,0.005841815845925673,0.6882989703333467,0.7597720850199894,0.0031552486334483045,0.0010006957299851463,7.22908661864029e-06
16,0.515625,0.6479534848028948,0.15388895264068753,0.2712608680577773,0.7735729626032111,0.005950979838937522,0.7642372874608364,0.005943917086383351,0.6878284758537376,0.7674861557712532,0.003426354676144554,0.0010025583634726367,7.605235874926419e-06
17,0.546875,0.6872233929727672,0.16321555583103223,0.2676021656083097,0.7708581585965079,0.006005421155363617,0.7602031405303046,0.005919364646494578,0.6930002993838406,0.7665585498605019,0.0031361094908576026,0.0010020386235489662,6.9436400395659256e-06
18,0.578125,0.7264933011426397,0.17254215902137693,0.2603871512633528,0.7790068593247654,0.006379532603275193,0.7723055813218997,0.00638037252404336,0.7040139680566326,0.7729159411552593,0.0033842935199568562,0.0009882344735837347,7.0042957040898775e-06
19,0.609375,0.7657632093125121,0.18186876221172163,0.2500834547371353,0.7987539932093595,0.005975798774138937,0.7950241982464732,0.006318347286525545,0.7209444550997179,0.7998168383557036,0.0033565171440133115,0.0010430311194567885,7.299776318921676e-06
20,0.640625,0.8050331174823844,0.19119536540206633,0.23895478486919272,0.8062271366626875,0.00566103844594671,0.7980816569727708,0.0058417833532145,0.7442717379893456,0.8159692757945961,0.0034595267099083557,0.0010573065938693296,7.415096157884889e-06
21,0.671875,0.8443030256522569,0.20052196859241103,0.22833599670830815,0.8404272990087316,0.006171688446502883,0.8353232028472585,0.006185156631784377,0.7754752294208004,0.8327451649293135,0.0032610344771180017,0.0010780228413512724,6.872319199032967e-06
22,0.703125,0.8835729338221293,0.20984857178275573,0.21568439051751329,0.8693211830567611,0.005977651546772827,0.8667895489054057,0.006187220118874298,0.8144016428830582,0.8733967477502458,0.0035110343234430767,0.001114161590606395,7.718217552470985e-06
23,0.734375,0.9228428419920018,0.21917517497310043,0.1989748866603905,0.906786180666678,0.006248119070101081,0.9039461653708295,0.006245123668309769,0.8642989997484469,0.9071568990768252,0.003619399060033438,0.0011742374543571537,8.043201273198707e-06
24,0.765625,0.962112750161874,0.22850177816344514,0.17744784910801537,0.9529363811820247,0.006676725608935346,0.9530778285142528,0.006600855453822463,0.9276126259352802,0.9525993102024801,0.003715995439955215,0.0012289915794465004,7.983555870622054e-06
25,0.796875,1.0013826583317464,0.23782838135378984,0.15048360080296255,1.004034848162345,0.007342545920117551,1.003228644566442,0.007264901093958996,0.9975962406751191,0.9969771574628774,0.003553132788952481,0.0012845377091739235,8.224897400030435e-06
26,0.828125,1.040652566501619,0.24715498454413454,0.1217591214612616,1.0621867486442147,0.0067775017313744775,1.0658216190464815,0.0068655066319067,1.1012218140306875,1.0600918072387135,0.0036338306321056324,0.0013591286224750175,8.54209637384076e-06
27,0.859375,1.0799224746714915,0.2564815877344792,0.0926212812734765,1.108804941038487,0.006727775049946594,1.110494488214054,0.0068088019009538495,1.1758836820115457,1.1160407498951732,0.0038851451532734495,0.001440802367560532,8.731948744852234e-06
28,0.890625,1.1191923828413637,0.26580819092482394,0.06565807119499656,1.1900376156585937,0.00687218901587358,1.1959759384367947,0.006892197050853563,1.3211278899652434,1.18585577836668,0.003846070809492194,0.0015011817529265161,8.250266652879384e-06
29,0.921875,1.158462291011236,0.2751347941151686,0.0479402103500699,1.249078045587575,0.0068895955123839505,1.2574223658944725,0.0070740386015273595,1.3837073781661378,1.244978660603949,0.004147829778467897,0.0015885997659061484,9.521785608381889e-06
30,0.953125,1.1977321991811087,0.28446139730551334,0.038155447785305885,1.2877369440541304,0.00672744120922455,1.2944091235417685,0.006776743371585344,1.4611587059557287,1.2899104435728308,0.003984862815354404,0.0016396067047362265,9.231832061176278e-06
31,0.984375,1.2370021073509812,0.293788000495858,0.031658081025565256,1.3183363026814032,0.007371370795445298,1.3280836342355755,0.007555131791846534,1.5678708018354988,1.3265665258576722,0.004261371028013653,0.0017019378726644112,9.613130650200883e-06
